Applicant_ID,Age,Gender,Married,Dependents,Education,Self_Employed,Employment_Years,Annual_Income,Coapplicant_Income,Loan_Amount,Loan_Term_Years,Cibil_Score,Existing_Loans,DTI_Ratio,Residential_Assets,Bank_Assets,Income_Verified,Property_Area,Loan_Purpose,Loan_Status
SLR100001,25,Male,Yes,2,Graduate,No,7.1,298000,237000,482000,15,617,0,0.75,172000,177000,Yes,Rural,Personal,Rejected
SLR100002,55,Male,No,0,Not Graduate,No,21.0,556000,0,403000,7,553,1,0.495,808000,321000,Yes,Urban,Business,Rejected
SLR100003,50,Female,Yes,0,Graduate,Yes,22.6,366000,396000,929000,5,681,2,0.75,1829000,126000,Yes,Urban,Business,Approved
SLR100004,40,Female,Yes,3+,Graduate,No,15.8,980000,47000,249000,2,563,2,0.324,1518000,2658000,Yes,Semiurban,Business,Rejected
SLR100005,40,Male,Yes,1,Graduate,No,11.0,475000,115000,860000,20,798,0,0.75,958000,150000,Yes,Semiurban,Home,Approved
SLR100006,59,Male,No,0,Graduate,No,30.0,1053000,0,430000,3,572,1,0.297,3682000,243000,No,Semiurban,Education,Rejected
SLR100007,24,Female,No,2,Graduate,No,1.2,704000,0,663000,5,661,1,0.673,931000,469000,Yes,Semiurban,Vehicle,Rejected
SLR100008,52,Female,No,1,Graduate,No,25.0,444000,0,583000,10,665,1,0.712,3092000,425000,Yes,Semiurban,Personal,Rejected
SLR100009,30,Male,Yes,2,Not Graduate,No,10.7,1015000,117000,470000,10,703,1,0.486,997000,573000,Yes,Rural,Vehicle,Approved
SLR100010,25,Male,Yes,2,Graduate,No,7.0,385000,86000,1430000,3,625,2,0.75,625000,156000,Yes,Semiurban,Business,Approved
SLR100011,44,Male,Yes,0,Not Graduate,No,19.0,461000,105000,511000,10,775,1,0.587,1557000,118000,Yes,Semiurban,Vehicle,Approved
SLR100012,64,Male,Yes,0,Graduate,No,26.6,736000,82000,1027000,5,702,2,0.75,1632000,379000,No,Semiurban,Personal,Rejected
SLR100013,54,Male,Yes,0,Graduate,No,25.4,623000,675000,1035000,5,689,0,0.604,7500000,169000,Yes,Urban,Vehicle,Approved
SLR100014,55,Male,No,2,Graduate,No,28.2,380000,0,544000,10,641,3,0.75,2059000,195000,Yes,Rural,Business,Approved
SLR100015,53,Male,No,1,Graduate,No,22.3,236000,0,287000,20,731,0,0.75,1799000,184000,No,Urban,Personal,Approved
SLR100016,56,Female,Yes,2,Graduate,No,18.2,544000,182000,366000,10,795,0,0.368,1553000,184000,Yes,Urban,Home,Approved
SLR100017,44,Male,No,1,Graduate,No,14.4,369000,0,1492000,5,892,1,0.75,844000,110000,Yes,Urban,Business,Approved
SLR100018,26,Male,No,0,Graduate,No,3.1,559000,0,895000,5,619,0,0.75,1124000,149000,Yes,Semiurban,Home,Rejected
SLR100019,58,Male,Yes,0,Graduate,No,28.9,436000,198000,711000,7,680,0,0.715,873000,261000,Yes,Urban,Home,Approved
SLR100020,41,Male,Yes,0,Not Graduate,No,22.3,371000,136000,450000,2,547,1,0.697,1578000,866000,Yes,Urban,Business,Rejected
SLR100021,43,Male,Yes,0,Graduate,Yes,20.2,475000,280000,2004000,2,741,0,0.75,351000,1777000,Yes,Urban,Business,Approved
SLR100022,37,Male,Yes,1,Graduate,No,9.5,528000,115000,370000,5,588,1,0.446,295000,734000,Yes,Urban,Vehicle,Rejected
SLR100023,29,Male,Yes,3+,Graduate,No,0.8,806000,243000,712000,3,711,2,0.706,710000,424000,Yes,Urban,Business,Approved
SLR100024,62,Male,Yes,0,Graduate,Yes,26.1,694000,27000,901000,7,783,2,0.75,641000,793000,Yes,Semiurban,Home,Approved
SLR100025,56,Female,Yes,1,Not Graduate,No,30.6,1740000,231000,278000,2,659,2,0.202,1818000,309000,Yes,Urban,Medical,Approved
SLR100026,49,Male,Yes,0,Graduate,No,24.0,594000,139000,397000,5,620,1,0.41,834000,430000,No,Rural,Education,Rejected
SLR100027,39,Female,No,2,Not Graduate,No,15.5,380000,0,483000,2,789,0,0.75,2245000,622000,No,Urban,Home,Approved
SLR100028,58,Female,No,0,Not Graduate,No,28.0,502000,0,1138000,7,743,2,0.75,782000,540000,Yes,Urban,Medical,Rejected
SLR100029,45,Female,Yes,1,Graduate,Yes,15.7,752000,101000,489000,5,605,0,0.46,10054000,753000,Yes,Urban,Personal,Approved
SLR100030,40,Male,Yes,0,Graduate,No,16.4,955000,98000,256000,3,700,1,0.303,1094000,602000,Yes,Semiurban,Home,Approved
SLR100031,41,Male,Yes,0,Graduate,No,17.6,1150000,48000,240000,5,626,1,0.243,1981000,195000,Yes,Semiurban,Business,Approved
SLR100032,31,Male,Yes,1,Not Graduate,No,5.4,314000,160000,395000,2,770,1,0.552,778000,585000,No,Urban,Education,Approved
SLR100033,25,Male,Yes,0,Graduate,No,6.7,1112000,422000,247000,15,699,0,0.201,945000,192000,Yes,Urban,Business,Approved
SLR100034,45,Male,Yes,1,Graduate,Yes,7.2,536000,38000,1071000,5,805,2,0.75,2032000,629000,Yes,Urban,Business,Approved
SLR100035,60,Female,Yes,0,Graduate,No,30.9,330000,178000,1099000,10,620,1,0.75,1394000,252000,Yes,Rural,Personal,Approved
SLR100036,23,Male,No,3+,Not Graduate,No,0.6,492000,0,653000,10,707,2,0.75,2688000,125000,Yes,Semiurban,Education,Rejected
SLR100037,59,Female,Yes,0,Graduate,No,22.0,1070000,78000,548000,7,689,1,0.466,3487000,114000,No,Semiurban,Home,Approved
SLR100038,58,Male,No,1,Graduate,No,30.6,707000,0,1053000,10,709,0,0.75,8919000,1968000,No,Rural,Personal,Approved
SLR100039,33,Male,Yes,2,Graduate,No,7.0,282000,129000,1025000,7,648,0,0.75,2668000,151000,Yes,Semiurban,Personal,Rejected
SLR100040,49,Male,Yes,1,Not Graduate,No,12.4,284000,139000,342000,7,521,1,0.75,1446000,747000,Yes,Semiurban,Home,Rejected
SLR100041,28,Male,No,0,Not Graduate,No,6.0,279000,0,374000,5,741,0,0.75,967000,601000,Yes,Rural,Business,Approved
SLR100042,55,Male,Yes,1,Graduate,No,19.3,368000,287000,1029000,3,694,0,0.75,744000,732000,Yes,Urban,Medical,Approved
SLR100043,52,Male,No,0,Graduate,No,20.5,574000,0,775000,5,628,1,0.75,965000,156000,Yes,Urban,Education,Rejected
SLR100044,36,Male,No,1,Graduate,No,12.2,296000,0,965000,7,652,3,0.75,1699000,250000,No,Semiurban,Home,Rejected
SLR100045,24,Male,Yes,1,Graduate,No,3.3,435000,317000,364000,3,602,1,0.413,3997000,161000,Yes,Urban,Business,Rejected
SLR100046,64,Male,Yes,2,Graduate,No,35.0,1189000,26000,399000,20,551,2,0.289,1947000,769000,Yes,Rural,Business,Rejected
SLR100047,41,Female,Yes,2,Graduate,No,12.0,1339000,199000,879000,2,768,2,0.532,1082000,1144000,Yes,Urban,Business,Approved
SLR100048,61,Male,Yes,0,Not Graduate,Yes,20.4,1290000,105000,417000,5,733,3,0.361,475000,337000,Yes,Rural,Education,Rejected
SLR100049,51,Male,Yes,0,Graduate,No,19.9,205000,271000,242000,10,589,1,0.388,690000,1942000,Yes,Semiurban,Personal,Rejected
SLR100050,56,Male,Yes,0,Graduate,No,25.1,1381000,63000,421000,15,879,2,0.415,1699000,431000,Yes,Semiurban,Home,Approved
SLR100051,55,Male,No,1,Graduate,No,16.3,578000,0,569000,7,605,2,0.722,2312000,296000,Yes,Semiurban,Vehicle,Approved
SLR100052,29,Male,No,0,Graduate,No,4.3,574000,0,1964000,10,744,0,0.75,3275000,378000,Yes,Rural,Home,Approved
SLR100053,37,Male,Yes,1,Graduate,No,13.0,969000,166000,377000,5,690,2,0.494,3272000,514000,Yes,Rural,Medical,Approved
SLR100054,42,Female,Yes,1,Graduate,No,14.4,810000,151000,624000,20,595,0,0.456,564000,107000,No,Urban,Home,Rejected
SLR100055,43,Male,No,3+,Graduate,Yes,13.9,197000,0,2453000,10,716,1,0.75,748000,431000,Yes,Urban,Medical,Rejected
SLR100056,22,Male,No,0,Graduate,No,1.3,393000,0,319000,3,676,0,0.619,3014000,307000,Yes,Rural,Business,Approved
SLR100057,45,Male,Yes,0,Not Graduate,No,14.3,450000,89000,999000,10,642,4,0.75,3570000,283000,Yes,Urban,Business,Rejected
SLR100058,27,Male,Yes,0,Not Graduate,No,7.9,265000,251000,409000,3,789,1,0.695,1387000,314000,Yes,Semiurban,Vehicle,Approved
SLR100059,54,Male,No,1,Graduate,No,22.1,952000,0,844000,7,737,3,0.75,5908000,763000,No,Rural,Home,Rejected
SLR100060,51,Male,No,0,Graduate,No,13.1,1214000,0,2965000,7,744,2,0.75,3926000,350000,No,Urban,Education,Approved
SLR100061,62,Male,No,0,Graduate,No,23.1,547000,0,1087000,10,674,1,0.75,2569000,141000,Yes,Urban,Home,Approved
SLR100062,54,Male,Yes,0,Not Graduate,No,17.4,648000,147000,717000,20,716,2,0.73,1912000,370000,Yes,Rural,Medical,Approved
SLR100063,37,Female,Yes,2,Not Graduate,No,5.1,547000,172000,350000,5,688,0,0.407,301000,286000,Yes,Semiurban,Personal,Rejected
SLR100064,64,Male,Yes,3+,Graduate,Yes,34.9,581000,561000,580000,10,727,2,0.543,604000,350000,Yes,Urban,Business,Approved
SLR100065,39,Male,Yes,0,Graduate,No,13.9,1017000,182000,450000,10,617,0,0.438,1286000,327000,No,Urban,Business,Rejected
SLR100066,35,Male,No,0,Graduate,Yes,13.0,208000,0,253000,5,512,0,0.736,5992000,461000,Yes,Rural,Vehicle,Rejected
SLR100067,61,Male,Yes,0,Graduate,No,29.1,719000,96000,163000,10,792,1,0.241,4616000,114000,Yes,Urban,Home,Approved
SLR100068,37,Male,Yes,0,Graduate,No,9.8,554000,106000,379000,15,689,0,0.362,743000,118000,Yes,Semiurban,Business,Approved
SLR100069,24,Male,No,3+,Graduate,No,2.2,371000,0,637000,7,733,1,0.75,3358000,323000,No,Urban,Business,Rejected
SLR100070,42,Female,No,1,Graduate,No,15.0,417000,0,1346000,7,639,4,0.75,627000,282000,No,Semiurban,Home,Rejected
SLR100071,56,Male,No,1,Graduate,No,29.3,1507000,0,402000,10,673,1,0.271,133000,162000,Yes,Urban,Personal,Approved
SLR100072,29,Male,No,3+,Graduate,No,5.9,265000,0,736000,15,804,1,0.75,7945000,68000,Yes,Urban,Personal,Approved
SLR100073,41,Female,Yes,1,Graduate,Yes,13.1,501000,84000,215000,5,717,2,0.437,188000,424000,Yes,Semiurban,Personal,Approved
SLR100074,26,Female,Yes,0,Not Graduate,No,8.5,1348000,193000,386000,5,855,2,0.299,108000,242000,Yes,Semiurban,Vehicle,Approved
SLR100075,51,Male,Yes,1,Graduate,No,22.0,274000,206000,132000,10,757,1,0.329,1747000,453000,Yes,Semiurban,Education,Approved
SLR100076,42,Male,No,0,Graduate,No,15.2,428000,0,2777000,2,640,0,0.75,1052000,431000,Yes,Rural,Medical,Rejected
SLR100077,35,Male,No,0,Not Graduate,No,10.8,563000,0,739000,15,723,2,0.75,1916000,615000,Yes,Semiurban,Medical,Approved
SLR100078,31,Female,Yes,3+,Graduate,No,8.3,690000,132000,724000,5,816,3,0.704,7435000,148000,No,Semiurban,Education,Approved
SLR100079,46,Male,Yes,0,Graduate,Yes,18.5,526000,6000,920000,3,707,2,0.75,3349000,354000,Yes,Rural,Vehicle,Approved
SLR100080,51,Female,Yes,1,Graduate,No,23.6,336000,60000,3371000,15,738,2,0.75,2300000,1848000,Yes,Rural,Personal,Approved
SLR100081,63,Male,Yes,0,Graduate,Yes,34.4,703000,211000,490000,5,796,4,0.492,638000,423000,No,Urban,Personal,Approved
SLR100082,40,Female,No,0,Not Graduate,No,15.0,520000,0,344000,7,514,2,0.524,892000,1149000,Yes,Urban,Medical,Rejected
SLR100083,28,Male,Yes,1,Graduate,No,3.0,777000,238000,2385000,7,743,2,0.75,2357000,610000,Yes,Semiurban,Home,Approved
SLR100084,58,Male,No,2,Graduate,No,19.5,914000,0,292000,15,791,0,0.356,948000,171000,Yes,Semiurban,Vehicle,Rejected
SLR100085,49,Male,Yes,1,Graduate,Yes,23.5,243000,97000,1511000,5,632,1,0.75,2877000,2391000,Yes,Urban,Personal,Rejected
SLR100086,52,Male,Yes,0,Not Graduate,No,26.4,971000,75000,620000,10,768,2,0.592,1711000,1060000,Yes,Semiurban,Vehicle,Rejected
SLR100087,25,Male,Yes,0,Not Graduate,No,7.4,478000,121000,861000,20,690,0,0.75,1173000,125000,Yes,Semiurban,Vehicle,Approved
SLR100088,35,Male,No,1,Graduate,No,7.5,866000,0,255000,10,563,1,0.304,3844000,308000,No,Urban,Home,Rejected
SLR100089,55,Male,Yes,1,Graduate,No,24.4,722000,198000,3508000,5,749,0,0.75,1124000,1454000,No,Urban,Business,Approved
SLR100090,58,Male,Yes,2,Graduate,No,20.6,1525000,18000,507000,5,689,1,0.379,409000,583000,No,Semiurban,Personal,Approved
SLR100091,40,Female,Yes,1,Graduate,Yes,16.8,552000,67000,412000,7,684,1,0.665,4278000,80000,Yes,Rural,Home,Approved
SLR100092,57,Female,No,2,Graduate,No,27.3,441000,0,928000,5,738,2,0.75,1409000,200000,No,Rural,Home,Approved
SLR100093,58,Male,No,2,Graduate,Yes,20.6,415000,0,427000,7,619,1,0.75,1144000,186000,Yes,Urban,Business,Rejected
SLR100094,38,Male,No,0,Graduate,No,16.1,311000,0,857000,7,748,1,0.75,1252000,1145000,No,Urban,Business,Approved
SLR100095,61,Male,Yes,1,Not Graduate,No,34.1,858000,36000,286000,10,622,4,0.425,838000,529000,Yes,Semiurban,Personal,Approved
SLR100096,33,Female,No,2,Graduate,No,12.1,300000,0,715000,10,803,1,0.75,14750000,274000,Yes,Semiurban,Personal,Approved
SLR100097,31,Male,Yes,3+,Graduate,Yes,5.8,854000,81000,439000,10,775,3,0.372,436000,188000,No,Rural,Vehicle,Approved
SLR100098,51,Male,No,0,Not Graduate,No,26.4,486000,0,391000,5,805,1,0.511,1936000,598000,Yes,Rural,Personal,Approved
SLR100099,49,Female,Yes,1,Graduate,No,19.9,209000,98000,353000,7,725,0,0.75,1686000,317000,No,Urban,Education,Rejected
SLR100100,27,Female,Yes,0,Graduate,No,7.6,1247000,31000,1156000,15,658,0,0.595,2886000,404000,Yes,Urban,Home,Rejected
SLR100101,58,Male,No,2,Graduate,No,20.4,120000,0,518000,10,636,0,0.75,1017000,569000,Yes,Semiurban,Business,Rejected
SLR100102,29,Male,No,3+,Graduate,No,10.8,526000,0,577000,5,631,1,0.75,4272000,402000,Yes,Semiurban,Home,Rejected
SLR100103,57,Male,Yes,3+,Graduate,No,21.1,626000,284000,858000,3,677,2,0.75,1037000,118000,Yes,Urban,Vehicle,Approved
SLR100104,21,Female,Yes,0,Graduate,No,0.0,155000,207000,1364000,10,639,1,0.75,898000,693000,Yes,Urban,Personal,Rejected
SLR100105,56,Male,No,0,Graduate,No,29.0,701000,0,357000,7,714,2,0.618,1512000,802000,Yes,Semiurban,Vehicle,Approved
SLR100106,56,Male,No,2,Graduate,No,15.4,381000,0,750000,7,630,1,0.75,1915000,1888000,Yes,Urban,Home,Approved
SLR100107,56,Male,No,1,Not Graduate,No,18.1,480000,0,360000,2,643,0,0.586,3749000,212000,Yes,Urban,Home,Approved
SLR100108,50,Male,Yes,3+,Graduate,No,16.4,1151000,145000,568000,7,661,3,0.451,437000,976000,No,Rural,Business,Approved
SLR100109,42,Male,Yes,0,Graduate,No,10.0,595000,48000,1299000,5,632,1,0.75,3207000,973000,No,Semiurban,Personal,Approved
SLR100110,52,Male,No,2,Graduate,No,17.5,454000,0,141000,2,664,1,0.35,3404000,822000,Yes,Rural,Personal,Rejected
SLR100111,33,Female,No,2,Graduate,No,10.9,501000,0,357000,7,734,4,0.72,2713000,398000,Yes,Urban,Home,Rejected
SLR100112,56,Female,No,0,Graduate,Yes,20.5,1461000,0,559000,15,624,0,0.3,1323000,168000,Yes,Urban,Business,Approved
SLR100113,46,Male,No,0,Graduate,No,16.7,687000,0,832000,15,600,3,0.75,905000,277000,No,Semiurban,Business,Approved
SLR100114,41,Female,Yes,2,Graduate,No,8.3,338000,327000,1436000,5,677,1,0.75,2196000,143000,Yes,Semiurban,Vehicle,Rejected
SLR100115,43,Male,Yes,0,Graduate,No,18.9,420000,134000,216000,5,605,1,0.331,1729000,105000,No,Rural,Personal,Rejected
SLR100116,46,Male,No,2,Graduate,No,17.1,286000,0,1631000,3,790,2,0.75,369000,639000,Yes,Rural,Personal,Approved
SLR100117,22,Male,Yes,1,Not Graduate,No,4.7,429000,70000,912000,20,638,0,0.75,3184000,179000,Yes,Urban,Personal,Rejected
SLR100118,27,Female,No,1,Graduate,No,7.9,1332000,0,556000,3,694,2,0.548,763000,72000,No,Rural,Personal,Approved
SLR100119,32,Female,No,0,Not Graduate,Yes,5.2,502000,0,250000,20,724,1,0.389,787000,387000,Yes,Urban,Personal,Rejected
SLR100120,26,Female,No,3+,Graduate,No,6.9,264000,0,448000,10,595,0,0.75,3682000,671000,Yes,Urban,Medical,Rejected
SLR100121,40,Female,Yes,2,Graduate,No,11.9,697000,87000,1266000,15,627,4,0.75,1637000,581000,Yes,Urban,Home,Rejected
SLR100122,51,Female,No,2,Graduate,Yes,23.0,443000,0,661000,5,643,0,0.75,1215000,159000,Yes,Rural,Vehicle,Approved
SLR100123,50,Male,Yes,2,Not Graduate,Yes,26.0,749000,123000,578000,10,749,2,0.455,1009000,217000,Yes,Semiurban,Business,Approved
SLR100124,42,Female,Yes,1,Graduate,Yes,11.6,481000,72000,346000,3,827,1,0.495,1133000,487000,Yes,Semiurban,Personal,Approved
SLR100125,59,Male,Yes,3+,Not Graduate,No,16.9,1218000,190000,1048000,10,829,0,0.624,1370000,723000,No,Semiurban,Personal,Approved
SLR100126,46,Male,Yes,1,Graduate,Yes,25.6,333000,409000,590000,10,785,1,0.665,6199000,497000,Yes,Urban,Business,Approved
SLR100127,24,Male,No,1,Graduate,No,4.3,290000,0,557000,15,597,0,0.75,248000,705000,No,Semiurban,Business,Rejected
SLR100128,55,Male,No,0,Not Graduate,No,27.4,921000,0,611000,10,624,1,0.469,13503000,307000,Yes,Semiurban,Vehicle,Rejected
SLR100129,46,Male,Yes,0,Not Graduate,No,18.2,183000,61000,427000,20,794,1,0.75,11558000,482000,Yes,Semiurban,Personal,Approved
SLR100130,49,Male,No,2,Not Graduate,No,12.1,500000,0,383000,7,804,2,0.701,1013000,417000,Yes,Semiurban,Medical,Approved
SLR100131,46,Male,Yes,0,Graduate,No,16.4,854000,80000,242000,7,750,1,0.293,1661000,145000,No,Semiurban,Vehicle,Approved
SLR100132,45,Male,No,2,Not Graduate,No,14.5,165000,0,435000,3,750,0,0.75,1657000,85000,Yes,Rural,Personal,Approved
SLR100133,25,Female,No,3+,Graduate,No,4.4,570000,0,202000,3,658,0,0.406,3672000,176000,Yes,Urban,Vehicle,Approved
SLR100134,46,Male,Yes,1,Not Graduate,No,22.6,242000,264000,891000,5,819,0,0.75,1590000,194000,Yes,Semiurban,Personal,Approved
SLR100135,56,Male,Yes,0,Not Graduate,No,13.3,199000,268000,421000,3,635,0,0.634,1982000,1016000,Yes,Semiurban,Business,Approved
SLR100136,34,Male,Yes,1,Graduate,No,13.5,306000,261000,504000,3,569,3,0.75,4073000,319000,Yes,Rural,Education,Rejected
SLR100137,48,Male,Yes,0,Graduate,No,16.3,497000,44000,634000,5,750,1,0.75,246000,179000,No,Urban,Vehicle,Approved
SLR100138,22,Male,No,2,Graduate,No,2.8,373000,0,386000,5,646,1,0.717,1219000,300000,Yes,Semiurban,Business,Rejected
SLR100139,36,Female,Yes,1,Not Graduate,No,11.0,1011000,40000,303000,10,593,1,0.341,1729000,412000,Yes,Urban,Business,Approved
SLR100140,40,Male,Yes,1,Not Graduate,No,17.6,575000,38000,751000,7,756,1,0.722,1049000,246000,Yes,Rural,Home,Approved
SLR100141,65,Male,Yes,1,Not Graduate,No,30.3,420000,407000,2219000,20,553,1,0.75,304000,220000,No,Rural,Home,Rejected
SLR100142,30,Female,No,1,Not Graduate,No,9.1,268000,0,1174000,5,724,2,0.75,1461000,254000,Yes,Urban,Education,Rejected
SLR100143,33,Male,Yes,0,Graduate,No,10.4,622000,49000,1494000,3,657,1,0.75,860000,413000,Yes,Semiurban,Education,Approved
SLR100144,39,Female,No,0,Not Graduate,No,16.4,1707000,0,279000,15,810,1,0.275,956000,303000,No,Urban,Personal,Approved
SLR100145,65,Male,No,0,Graduate,No,35.0,374000,0,574000,15,724,0,0.75,1393000,240000,No,Semiurban,Personal,Approved
SLR100146,59,Female,Yes,3+,Graduate,No,27.2,399000,733000,572000,5,771,1,0.556,307000,189000,Yes,Rural,Home,Approved
SLR100147,22,Female,Yes,0,Graduate,No,1.3,307000,96000,1645000,3,609,0,0.75,1082000,455000,No,Urban,Personal,Rejected
SLR100148,31,Female,Yes,0,Graduate,No,12.3,1055000,171000,1180000,15,563,2,0.607,762000,256000,No,Urban,Business,Rejected
SLR100149,57,Male,Yes,0,Graduate,No,31.1,916000,64000,584000,20,663,0,0.411,442000,550000,No,Urban,Home,Approved
SLR100150,23,Female,No,0,Not Graduate,Yes,5.2,430000,0,147000,20,736,0,0.299,2207000,1227000,Yes,Semiurban,Personal,Approved
SLR100151,59,Female,No,0,Graduate,No,24.1,396000,0,306000,7,695,0,0.449,442000,143000,Yes,Semiurban,Medical,Approved
SLR100152,33,Male,Yes,2,Not Graduate,No,10.6,327000,68000,981000,3,776,1,0.75,2303000,287000,Yes,Urban,Business,Approved
SLR100153,62,Female,Yes,0,Graduate,No,33.2,469000,67000,528000,5,731,0,0.632,3098000,97000,Yes,Urban,Personal,Approved
SLR100154,34,Female,Yes,1,Not Graduate,No,11.5,964000,33000,605000,10,611,2,0.602,1270000,288000,Yes,Semiurban,Medical,Rejected
SLR100155,40,Male,Yes,0,Graduate,No,11.4,563000,134000,969000,2,725,2,0.75,3764000,1584000,No,Urban,Medical,Approved
SLR100156,50,Female,No,1,Not Graduate,No,19.0,1117000,0,1356000,5,703,1,0.75,11304000,562000,Yes,Rural,Business,Rejected
SLR100157,26,Male,No,0,Graduate,Yes,2.1,370000,0,392000,20,785,1,0.75,2349000,205000,Yes,Urban,Home,Approved
SLR100158,46,Male,No,2,Graduate,No,17.9,154000,0,955000,2,621,1,0.75,1065000,505000,Yes,Semiurban,Business,Rejected
SLR100159,43,Male,Yes,3+,Graduate,No,23.3,2305000,221000,1853000,5,640,0,0.621,4064000,142000,Yes,Urban,Personal,Approved
SLR100160,56,Male,Yes,0,Graduate,No,31.3,619000,313000,1644000,10,720,0,0.75,245000,142000,Yes,Semiurban,Vehicle,Approved
SLR100161,65,Female,Yes,3+,Graduate,No,35.0,844000,17000,460000,20,796,2,0.626,11543000,591000,Yes,Rural,Vehicle,Approved
SLR100162,50,Male,No,0,Graduate,No,17.1,357000,0,787000,20,675,2,0.75,1534000,273000,Yes,Semiurban,Vehicle,Approved
SLR100163,39,Male,No,1,Graduate,No,17.6,260000,0,1059000,5,735,1,0.75,1810000,293000,Yes,Urban,Home,Approved
SLR100164,39,Male,No,2,Not Graduate,No,9.8,599000,0,659000,10,693,1,0.75,344000,336000,No,Urban,Personal,Rejected
SLR100165,39,Male,Yes,0,Graduate,Yes,18.0,184000,364000,553000,20,687,2,0.75,3193000,285000,No,Semiurban,Personal,Approved
SLR100166,57,Female,Yes,1,Graduate,No,34.5,475000,67000,211000,10,776,1,0.412,1565000,994000,Yes,Semiurban,Personal,Approved
SLR100167,35,Female,No,0,Graduate,No,12.2,965000,0,370000,5,698,0,0.419,1242000,109000,No,Rural,Education,Rejected
SLR100168,28,Male,Yes,2,Graduate,No,9.8,704000,62000,414000,10,657,2,0.472,800000,184000,Yes,Rural,Vehicle,Rejected
SLR100169,36,Male,Yes,0,Graduate,No,10.8,633000,441000,286000,7,652,0,0.213,631000,419000,No,Semiurban,Education,Approved
SLR100170,22,Male,Yes,3+,Graduate,No,0.0,1435000,19000,698000,7,667,1,0.391,721000,138000,Yes,Urban,Home,Approved
SLR100171,25,Male,No,0,Graduate,No,0.0,676000,0,1142000,7,638,2,0.75,325000,190000,No,Semiurban,Medical,Rejected
SLR100172,25,Male,Yes,3+,Graduate,No,4.9,193000,60000,495000,3,672,0,0.75,1680000,696000,Yes,Urban,Vehicle,Approved
SLR100173,55,Male,No,0,Graduate,Yes,22.9,507000,0,155000,15,694,2,0.376,5839000,178000,Yes,Urban,Business,Approved
SLR100174,53,Male,Yes,1,Graduate,No,26.3,1586000,290000,602000,5,712,2,0.396,1999000,674000,Yes,Rural,Business,Approved
SLR100175,52,Male,Yes,0,Graduate,No,17.5,464000,28000,777000,5,616,3,0.75,669000,119000,No,Urban,Home,Rejected
SLR100176,41,Male,Yes,0,Graduate,No,14.9,1533000,83000,743000,7,658,2,0.513,1880000,1811000,No,Rural,Vehicle,Approved
SLR100177,53,Male,Yes,0,Not Graduate,No,28.7,966000,113000,407000,10,662,2,0.367,129000,603000,Yes,Urban,Personal,Approved
SLR100178,28,Female,No,1,Graduate,No,3.6,439000,0,297000,7,633,0,0.605,6494000,614000,Yes,Urban,Business,Approved
SLR100179,61,Female,No,0,Graduate,No,26.9,304000,0,1156000,15,647,0,0.75,846000,257000,Yes,Semiurban,Personal,Rejected
SLR100180,43,Male,No,1,Graduate,No,11.9,663000,0,817000,15,758,1,0.75,2222000,353000,Yes,Urban,Education,Approved
SLR100181,63,Female,No,3+,Not Graduate,No,22.1,1106000,0,417000,10,792,1,0.357,1331000,3029000,Yes,Semiurban,Business,Approved
SLR100182,27,Female,No,0,Graduate,No,7.1,231000,0,245000,7,667,0,0.74,2362000,146000,No,Rural,Home,Approved
SLR100183,43,Male,Yes,0,Graduate,No,21.3,588000,181000,751000,7,637,5,0.726,11407000,223000,No,Semiurban,Vehicle,Rejected
SLR100184,52,Male,No,0,Not Graduate,Yes,21.4,179000,0,363000,7,684,1,0.75,204000,268000,Yes,Urban,Home,Rejected
SLR100185,43,Male,Yes,0,Graduate,No,14.4,456000,131000,834000,7,696,0,0.75,1767000,402000,Yes,Rural,Personal,Approved
SLR100186,41,Female,No,1,Graduate,No,18.9,221000,0,720000,7,742,3,0.75,1810000,607000,Yes,Urban,Personal,Approved
SLR100187,28,Male,Yes,2,Graduate,No,3.1,749000,90000,2507000,15,660,2,0.75,996000,521000,Yes,Urban,Education,Rejected
SLR100188,38,Male,No,0,Graduate,No,9.2,377000,0,618000,10,649,3,0.75,718000,148000,No,Urban,Medical,Rejected
SLR100189,31,Male,Yes,0,Not Graduate,Yes,8.9,1040000,121000,2386000,5,874,1,0.75,3308000,648000,Yes,Rural,Personal,Approved
SLR100190,34,Male,Yes,1,Graduate,No,6.4,409000,111000,686000,20,593,2,0.75,1356000,645000,Yes,Urban,Personal,Rejected
SLR100191,51,Female,Yes,0,Graduate,No,17.5,389000,185000,421000,20,758,0,0.582,1399000,371000,No,Urban,Personal,Rejected
SLR100192,49,Male,Yes,1,Graduate,No,23.4,226000,72000,327000,5,802,0,0.75,1068000,212000,Yes,Urban,Vehicle,Approved
SLR100193,48,Female,Yes,3+,Not Graduate,No,15.5,682000,80000,368000,20,671,0,0.489,1213000,440000,No,Semiurban,Home,Rejected
SLR100194,37,Female,Yes,0,Graduate,Yes,14.9,721000,185000,859000,7,723,1,0.697,2425000,280000,Yes,Urban,Business,Rejected
SLR100195,64,Female,Yes,1,Graduate,No,34.1,922000,216000,707000,5,564,1,0.446,2335000,337000,No,Semiurban,Vehicle,Approved
SLR100196,24,Male,Yes,2,Not Graduate,No,5.4,789000,193000,197000,10,692,0,0.249,696000,356000,No,Rural,Home,Rejected
SLR100197,36,Female,Yes,2,Graduate,No,9.1,686000,113000,1262000,2,777,1,0.75,1066000,174000,Yes,Semiurban,Personal,Approved
SLR100198,26,Male,No,2,Not Graduate,Yes,3.7,763000,0,1698000,10,699,1,0.75,3501000,361000,No,Urban,Vehicle,Approved
SLR100199,36,Male,Yes,2,Not Graduate,No,13.4,807000,259000,195000,15,693,1,0.187,6363000,824000,No,Semiurban,Personal,Approved
SLR100200,64,Female,Yes,1,Graduate,No,35.0,906000,50000,1255000,5,820,2,0.738,6369000,603000,No,Rural,Business,Approved
SLR100201,37,Male,Yes,1,Not Graduate,No,20.6,237000,120000,1941000,5,751,3,0.75,5939000,300000,Yes,Semiurban,Home,Approved
SLR100202,61,Male,Yes,2,Not Graduate,No,20.3,427000,12000,202000,5,743,0,0.345,1674000,288000,No,Urban,Home,Approved
SLR100203,43,Male,Yes,2,Graduate,No,14.5,225000,217000,480000,7,629,1,0.75,3554000,1429000,Yes,Urban,Vehicle,Approved
SLR100204,52,Female,No,1,Graduate,No,17.6,660000,0,374000,7,507,6,0.588,1948000,175000,Yes,Urban,Medical,Rejected
SLR100205,41,Male,Yes,0,Not Graduate,No,13.7,1348000,66000,1224000,15,718,0,0.67,720000,588000,No,Semiurban,Personal,Approved
SLR100206,32,Male,Yes,2,Graduate,No,9.3,900000,109000,496000,15,690,0,0.475,1254000,929000,No,Semiurban,Vehicle,Rejected
SLR100207,55,Female,Yes,0,Graduate,No,25.1,394000,197000,484000,7,747,1,0.522,1164000,145000,No,Semiurban,Business,Approved
SLR100208,64,Male,Yes,0,Graduate,No,32.0,726000,813000,855000,7,699,3,0.524,3220000,307000,Yes,Rural,Home,Approved
SLR100209,32,Male,Yes,0,Not Graduate,Yes,8.4,666000,35000,1791000,5,693,2,0.75,2866000,852000,No,Rural,Home,Rejected
SLR100210,56,Male,No,0,Not Graduate,No,30.9,625000,0,624000,10,692,3,0.75,1276000,196000,No,Semiurban,Personal,Rejected
SLR100211,32,Female,Yes,1,Not Graduate,No,13.8,269000,144000,479000,5,607,1,0.724,1142000,395000,No,Urban,Business,Rejected
SLR100212,53,Male,No,0,Graduate,No,15.2,1134000,0,540000,7,552,3,0.543,758000,115000,Yes,Urban,Vehicle,Approved
SLR100213,56,Male,Yes,1,Not Graduate,Yes,30.9,288000,234000,997000,7,624,2,0.75,1042000,254000,Yes,Semiurban,Home,Rejected
SLR100214,41,Male,Yes,1,Graduate,No,14.2,450000,105000,274000,10,607,1,0.3,1273000,1071000,No,Urban,Vehicle,Approved
SLR100215,54,Female,Yes,0,Graduate,No,20.4,932000,244000,643000,3,687,1,0.51,1882000,130000,Yes,Urban,Vehicle,Rejected
SLR100216,33,Male,Yes,0,Graduate,No,10.1,448000,98000,353000,7,568,1,0.529,1550000,95000,Yes,Semiurban,Medical,Approved
SLR100217,24,Male,Yes,1,Graduate,No,3.9,575000,186000,297000,15,654,1,0.276,679000,340000,Yes,Urban,Vehicle,Approved
SLR100218,25,Female,No,2,Graduate,No,1.5,587000,0,184000,15,835,1,0.28,904000,537000,Yes,Urban,Business,Approved
SLR100219,41,Male,No,0,Graduate,No,13.3,570000,0,465000,7,684,1,0.568,1269000,237000,Yes,Rural,Vehicle,Approved
SLR100220,61,Male,Yes,0,Graduate,No,25.9,586000,31000,1310000,15,694,2,0.75,2209000,274000,Yes,Semiurban,Personal,Rejected
SLR100221,26,Male,Yes,0,Graduate,No,7.2,619000,68000,179000,10,691,3,0.308,895000,634000,Yes,Semiurban,Medical,Approved
SLR100222,41,Female,No,0,Graduate,No,11.9,573000,0,925000,15,706,0,0.75,375000,934000,Yes,Semiurban,Vehicle,Approved
SLR100223,52,Male,Yes,0,Graduate,Yes,15.8,336000,228000,426000,15,651,1,0.624,514000,531000,Yes,Semiurban,Business,Rejected
SLR100224,30,Male,Yes,3+,Graduate,No,10.5,234000,185000,326000,10,678,0,0.721,1866000,748000,Yes,Semiurban,Medical,Approved
SLR100225,53,Male,No,0,Graduate,No,32.1,952000,0,813000,15,649,0,0.75,2127000,342000,Yes,Urban,Personal,Approved
SLR100226,34,Female,Yes,0,Graduate,No,5.8,977000,266000,1524000,3,578,1,0.75,826000,212000,Yes,Rural,Education,Rejected
SLR100227,57,Female,Yes,2,Graduate,No,29.7,662000,69000,1721000,7,778,0,0.75,574000,106000,Yes,Rural,Home,Approved
SLR100228,47,Male,Yes,1,Not Graduate,No,16.2,659000,164000,782000,15,624,1,0.618,396000,116000,Yes,Urban,Business,Rejected
SLR100229,45,Male,Yes,1,Not Graduate,No,25.8,332000,197000,621000,3,810,0,0.75,413000,317000,No,Semiurban,Medical,Approved
SLR100230,28,Female,Yes,1,Graduate,No,4.6,144000,99000,838000,5,633,2,0.75,989000,990000,No,Urban,Vehicle,Rejected
SLR100231,41,Male,No,3+,Graduate,Yes,19.9,480000,0,3252000,7,588,1,0.75,340000,165000,Yes,Semiurban,Business,Rejected
SLR100232,59,Male,Yes,0,Graduate,No,32.4,194000,107000,537000,7,835,1,0.75,1619000,4096000,Yes,Semiurban,Home,Approved
SLR100233,21,Male,Yes,0,Not Graduate,No,0.0,609000,157000,1359000,10,579,1,0.75,2219000,304000,Yes,Semiurban,Personal,Rejected
SLR100234,55,Male,Yes,2,Graduate,No,16.4,1127000,96000,442000,7,520,1,0.386,410000,157000,Yes,Semiurban,Vehicle,Rejected
SLR100235,43,Male,No,2,Not Graduate,No,17.9,392000,0,379000,5,582,1,0.571,552000,225000,Yes,Rural,Home,Rejected
SLR100236,53,Male,Yes,3+,Not Graduate,No,31.6,404000,109000,2052000,15,680,1,0.75,1288000,330000,Yes,Semiurban,Business,Approved
SLR100237,50,Male,No,0,Graduate,No,22.1,316000,0,651000,5,590,0,0.75,675000,1045000,No,Urban,Medical,Rejected
SLR100238,40,Male,Yes,3+,Graduate,Yes,16.0,564000,366000,752000,15,648,1,0.464,1663000,384000,Yes,Semiurban,Business,Approved
SLR100239,34,Male,Yes,0,Graduate,Yes,8.5,540000,40000,927000,7,537,4,0.75,3394000,130000,Yes,Semiurban,Vehicle,Rejected
SLR100240,49,Male,Yes,2,Graduate,No,21.7,314000,320000,364000,2,772,2,0.545,1164000,1430000,Yes,Urban,Home,Approved
SLR100241,27,Male,Yes,3+,Graduate,No,7.1,909000,104000,489000,7,721,1,0.427,302000,214000,Yes,Rural,Business,Approved
SLR100242,47,Female,Yes,0,Not Graduate,No,15.6,2431000,166000,428000,10,595,1,0.24,1628000,183000,Yes,Semiurban,Education,Rejected
SLR100243,25,Male,No,0,Graduate,No,3.3,1058000,0,807000,15,516,1,0.506,1031000,509000,Yes,Urban,Home,Rejected
SLR100244,50,Female,No,1,Not Graduate,No,21.8,518000,0,825000,10,622,0,0.75,2259000,776000,Yes,Rural,Vehicle,Rejected
SLR100245,49,Male,No,2,Graduate,No,25.6,514000,0,440000,20,739,1,0.601,11346000,758000,No,Semiurban,Medical,Approved
SLR100246,24,Female,Yes,0,Graduate,No,4.3,415000,646000,2428000,7,771,0,0.75,590000,86000,Yes,Urban,Business,Approved
SLR100247,55,Male,Yes,2,Not Graduate,No,22.7,410000,69000,639000,5,672,2,0.75,724000,1287000,Yes,Urban,Business,Approved
SLR100248,39,Male,No,0,Not Graduate,No,13.6,932000,0,695000,7,652,0,0.521,1813000,151000,Yes,Urban,Vehicle,Approved
SLR100249,56,Male,Yes,0,Graduate,No,19.1,954000,305000,1557000,10,647,3,0.75,3049000,581000,Yes,Rural,Personal,Approved
SLR100250,22,Male,No,0,Graduate,No,4.8,289000,0,368000,3,713,0,0.75,8779000,506000,Yes,Urban,Business,Rejected
SLR100251,29,Male,No,3+,Graduate,No,6.1,673000,0,463000,3,756,1,0.552,958000,566000,No,Semiurban,Home,Approved
SLR100252,43,Female,Yes,0,Graduate,No,16.8,1013000,508000,783000,10,679,1,0.379,639000,294000,No,Urban,Business,Approved
SLR100253,29,Female,No,1,Not Graduate,No,0.5,454000,0,249000,7,662,2,0.512,686000,882000,Yes,Semiurban,Vehicle,Rejected
SLR100254,35,Male,No,0,Graduate,No,6.7,490000,0,557000,15,749,0,0.602,944000,359000,Yes,Semiurban,Business,Approved
SLR100255,50,Female,Yes,3+,Graduate,No,28.6,807000,83000,2465000,5,802,0,0.75,1121000,1074000,No,Urban,Home,Approved
SLR100256,27,Female,No,2,Not Graduate,No,6.2,819000,0,2134000,7,669,0,0.75,1631000,143000,No,Urban,Home,Rejected
SLR100257,51,Female,Yes,0,Graduate,No,20.7,696000,175000,1165000,7,696,0,0.75,1440000,1462000,Yes,Semiurban,Personal,Approved
SLR100258,25,Male,Yes,0,Not Graduate,No,2.8,633000,126000,1402000,20,634,0,0.75,443000,88000,Yes,Urban,Personal,Approved
SLR100259,28,Male,Yes,0,Graduate,No,3.5,681000,139000,896000,2,696,0,0.75,353000,1387000,Yes,Rural,Education,Approved
SLR100260,47,Male,Yes,0,Graduate,No,20.9,472000,41000,491000,5,621,0,0.656,1270000,235000,Yes,Semiurban,Business,Rejected
SLR100261,56,Male,Yes,2,Graduate,No,18.5,297000,123000,1892000,3,797,3,0.75,705000,495000,Yes,Rural,Education,Approved
SLR100262,28,Female,No,1,Graduate,No,10.4,234000,0,351000,20,756,1,0.75,819000,247000,Yes,Rural,Education,Approved
SLR100263,34,Male,Yes,0,Not Graduate,No,14.6,763000,230000,1220000,3,820,1,0.75,3093000,170000,Yes,Rural,Home,Approved
SLR100264,62,Male,Yes,2,Graduate,No,33.5,584000,86000,467000,15,648,1,0.595,2527000,251000,Yes,Semiurban,Business,Approved
SLR100265,65,Male,Yes,1,Graduate,No,34.2,707000,110000,485000,7,845,1,0.49,1008000,676000,No,Urban,Vehicle,Approved
SLR100266,47,Female,Yes,0,Graduate,No,21.2,349000,37000,923000,15,708,0,0.75,3496000,487000,No,Semiurban,Medical,Rejected
SLR100267,41,Male,No,0,Graduate,No,9.4,582000,0,2438000,5,680,1,0.75,3713000,971000,Yes,Urban,Home,Approved
SLR100268,36,Male,Yes,0,Graduate,No,7.0,574000,91000,1645000,7,784,3,0.75,4791000,553000,Yes,Urban,Home,Rejected
SLR100269,48,Female,No,1,Graduate,No,16.1,1111000,0,810000,20,613,1,0.513,5687000,480000,Yes,Semiurban,Business,Rejected
SLR100270,47,Female,No,0,Graduate,No,15.5,879000,0,677000,3,693,1,0.75,1164000,1372000,Yes,Semiurban,Home,Approved
SLR100271,34,Male,Yes,1,Not Graduate,No,6.8,366000,52000,1080000,10,678,0,0.75,3799000,525000,Yes,Semiurban,Personal,Approved
SLR100272,22,Female,Yes,0,Graduate,Yes,0.0,726000,220000,1579000,20,721,3,0.75,1063000,163000,No,Rural,Personal,Rejected
SLR100273,27,Female,Yes,2,Graduate,No,7.0,365000,86000,207000,3,657,0,0.329,4174000,134000,Yes,Rural,Personal,Approved
SLR100274,64,Male,No,0,Graduate,Yes,22.2,131000,0,598000,15,650,2,0.75,1131000,1578000,Yes,Semiurban,Medical,Approved
SLR100275,39,Female,No,1,Not Graduate,No,13.1,1421000,0,328000,5,661,1,0.235,1424000,333000,Yes,Semiurban,Home,Approved
SLR100276,42,Male,Yes,0,Graduate,No,17.5,448000,173000,564000,5,668,0,0.692,567000,375000,No,Semiurban,Vehicle,Approved
SLR100277,42,Male,Yes,0,Graduate,No,18.8,974000,102000,287000,5,696,2,0.3,562000,224000,Yes,Semiurban,Personal,Rejected
SLR100278,56,Male,No,0,Graduate,No,18.1,382000,0,201000,10,787,0,0.316,2020000,102000,Yes,Urban,Personal,Rejected
SLR100279,23,Male,Yes,1,Graduate,Yes,2.4,353000,163000,276000,2,528,0,0.38,3350000,1728000,No,Urban,Education,Rejected
SLR100280,24,Male,No,2,Graduate,No,5.3,407000,0,454000,7,747,1,0.75,552000,133000,Yes,Semiurban,Home,Approved
SLR100281,33,Male,No,0,Graduate,No,7.0,632000,0,952000,10,655,1,0.75,4616000,162000,Yes,Rural,Personal,Approved
SLR100282,42,Male,Yes,2,Not Graduate,Yes,16.3,606000,132000,383000,3,677,1,0.434,4173000,277000,No,Urban,Education,Rejected
SLR100283,51,Male,Yes,1,Graduate,No,17.5,723000,74000,370000,5,608,1,0.442,2002000,245000,Yes,Rural,Vehicle,Rejected
SLR100284,43,Male,Yes,1,Not Graduate,Yes,18.8,419000,77000,841000,5,693,2,0.75,3291000,224000,No,Semiurban,Medical,Approved
SLR100285,40,Male,Yes,1,Graduate,No,9.2,562000,105000,783000,2,661,3,0.75,872000,621000,No,Semiurban,Vehicle,Rejected
SLR100286,63,Male,No,0,Graduate,No,32.9,346000,0,1965000,7,673,2,0.75,390000,875000,Yes,Semiurban,Personal,Approved
SLR100287,28,Male,No,2,Graduate,No,4.8,1234000,0,1193000,7,734,3,0.75,874000,344000,No,Urban,Vehicle,Approved
SLR100288,46,Male,No,2,Graduate,No,14.6,267000,0,334000,20,738,0,0.75,4083000,454000,Yes,Rural,Vehicle,Approved
SLR100289,45,Female,Yes,2,Not Graduate,No,19.7,350000,265000,420000,10,796,3,0.703,4364000,171000,Yes,Urban,Personal,Approved
SLR100290,42,Male,Yes,0,Graduate,No,16.2,436000,23000,1056000,20,646,0,0.75,483000,574000,Yes,Urban,Personal,Rejected
SLR100291,57,Female,No,1,Not Graduate,No,35.0,2046000,0,365000,10,741,1,0.22,476000,290000,Yes,Urban,Medical,Approved
SLR100292,33,Male,Yes,0,Graduate,No,9.8,839000,149000,526000,20,738,0,0.539,628000,267000,No,Semiurban,Education,Approved
SLR100293,63,Female,Yes,1,Graduate,Yes,22.5,344000,283000,214000,5,697,1,0.301,245000,780000,Yes,Semiurban,Business,Approved
SLR100294,35,Female,Yes,0,Graduate,No,10.9,864000,506000,278000,5,816,2,0.323,808000,114000,Yes,Urban,Education,Approved
SLR100295,45,Female,Yes,0,Graduate,No,14.8,730000,98000,1474000,7,642,2,0.75,2160000,826000,Yes,Rural,Business,Approved
SLR100296,44,Male,No,1,Graduate,Yes,20.7,639000,0,725000,7,701,1,0.659,94000,345000,Yes,Semiurban,Personal,Approved
SLR100297,59,Male,Yes,2,Not Graduate,No,28.8,806000,173000,432000,15,713,2,0.43,1308000,246000,No,Rural,Business,Approved
SLR100298,40,Male,No,0,Graduate,No,10.4,568000,0,473000,7,600,2,0.75,5011000,1475000,No,Semiurban,Home,Approved
SLR100299,33,Male,Yes,1,Graduate,No,7.9,604000,51000,1982000,20,785,1,0.75,3179000,687000,No,Urban,Home,Approved
SLR100300,21,Female,Yes,1,Not Graduate,No,4.1,234000,172000,424000,5,682,0,0.75,2003000,93000,Yes,Semiurban,Home,Rejected
SLR100301,37,Female,Yes,3+,Graduate,No,5.5,1216000,247000,884000,7,723,2,0.69,1543000,784000,No,Urban,Education,Rejected
SLR100302,58,Male,No,1,Not Graduate,No,27.8,430000,0,1145000,10,808,2,0.75,3883000,581000,No,Semiurban,Home,Approved
SLR100303,21,Male,Yes,0,Graduate,No,0.0,279000,15000,1663000,5,706,1,0.75,2204000,130000,Yes,Semiurban,Personal,Rejected
SLR100304,61,Male,Yes,0,Not Graduate,No,28.3,417000,135000,374000,15,693,2,0.726,1094000,341000,Yes,Rural,Education,Approved
SLR100305,45,Male,Yes,1,Graduate,No,16.6,426000,101000,262000,10,695,2,0.518,3250000,689000,Yes,Urban,Business,Rejected
SLR100306,27,Male,No,0,Not Graduate,No,1.0,354000,0,317000,5,615,0,0.75,410000,84000,Yes,Semiurban,Personal,Rejected
SLR100307,34,Male,No,3+,Graduate,No,13.4,844000,0,1045000,7,661,0,0.75,2859000,677000,Yes,Urban,Medical,Rejected
SLR100308,45,Female,Yes,3+,Not Graduate,No,10.4,940000,68000,2373000,10,679,1,0.75,2292000,266000,No,Urban,Personal,Approved
SLR100309,35,Male,No,3+,Graduate,No,11.8,187000,0,1069000,10,697,0,0.75,1677000,314000,Yes,Semiurban,Personal,Approved
SLR100310,25,Male,Yes,0,Not Graduate,No,5.8,414000,72000,423000,7,793,2,0.636,1523000,899000,Yes,Semiurban,Personal,Rejected
SLR100311,50,Male,Yes,2,Not Graduate,No,25.7,431000,1013000,1407000,10,760,0,0.553,6363000,196000,Yes,Urban,Personal,Approved
SLR100312,51,Female,Yes,1,Not Graduate,No,14.1,500000,34000,479000,5,646,1,0.75,3711000,150000,No,Urban,Home,Rejected
SLR100313,26,Male,No,0,Graduate,No,3.5,1406000,0,379000,5,688,0,0.307,4816000,637000,Yes,Semiurban,Vehicle,Rejected
SLR100314,33,Male,Yes,0,Graduate,No,11.9,352000,115000,524000,2,795,4,0.75,2172000,392000,No,Urban,Home,Approved
SLR100315,31,Male,Yes,0,Not Graduate,No,10.1,1299000,582000,446000,7,561,1,0.222,3936000,253000,Yes,Semiurban,Business,Approved
SLR100316,50,Male,Yes,0,Graduate,No,18.5,508000,217000,412000,5,673,0,0.493,2099000,122000,Yes,Urban,Personal,Approved
SLR100317,53,Male,Yes,3+,Graduate,No,28.8,1306000,415000,1438000,10,592,0,0.559,1231000,260000,Yes,Rural,Business,Rejected
SLR100318,53,Male,No,2,Graduate,No,14.8,464000,0,465000,20,873,3,0.643,2850000,223000,Yes,Urban,Home,Approved
SLR100319,63,Male,No,0,Graduate,No,27.9,435000,0,232000,20,748,0,0.303,1103000,293000,Yes,Urban,Personal,Approved
SLR100320,55,Female,Yes,1,Graduate,No,21.0,543000,84000,951000,5,653,1,0.75,4049000,100000,Yes,Urban,Business,Approved
SLR100321,35,Male,No,0,Graduate,No,6.4,1120000,0,349000,10,687,0,0.231,472000,204000,Yes,Semiurban,Business,Approved
SLR100322,25,Male,Yes,0,Graduate,No,4.7,600000,121000,357000,20,628,1,0.433,1122000,490000,No,Urban,Home,Approved
SLR100323,48,Male,Yes,0,Graduate,No,17.9,617000,101000,1025000,7,839,2,0.75,762000,330000,Yes,Urban,Business,Approved
SLR100324,62,Female,Yes,1,Not Graduate,No,34.6,781000,192000,406000,5,518,2,0.406,11504000,302000,Yes,Urban,Home,Rejected
SLR100325,64,Female,No,1,Graduate,No,33.5,339000,0,484000,5,715,1,0.75,782000,164000,Yes,Rural,Home,Rejected
SLR100326,31,Female,Yes,2,Not Graduate,No,7.4,662000,57000,668000,5,685,2,0.75,1338000,168000,No,Rural,Personal,Rejected
SLR100327,31,Male,No,2,Graduate,No,5.2,389000,0,540000,15,613,0,0.75,220000,281000,Yes,Urban,Education,Rejected
SLR100328,22,Male,Yes,0,Graduate,Yes,0.0,1235000,141000,492000,5,671,2,0.274,6575000,343000,No,Semiurban,Home,Approved
SLR100329,27,Female,No,2,Graduate,No,6.5,692000,0,142000,5,568,1,0.325,678000,179000,No,Rural,Business,Rejected
SLR100330,45,Female,Yes,0,Graduate,Yes,18.9,805000,287000,581000,10,808,1,0.424,5439000,406000,Yes,Semiurban,Education,Approved
SLR100331,45,Male,No,0,Graduate,No,19.8,179000,0,1855000,15,692,1,0.75,550000,405000,Yes,Semiurban,Education,Approved
SLR100332,37,Male,No,1,Graduate,No,10.1,811000,0,979000,5,759,0,0.75,586000,154000,Yes,Rural,Home,Approved
SLR100333,34,Male,Yes,0,Graduate,Yes,14.9,499000,122000,509000,10,654,2,0.636,2973000,932000,Yes,Semiurban,Business,Rejected
SLR100334,58,Female,No,0,Graduate,No,29.4,250000,0,882000,7,791,1,0.75,350000,181000,Yes,Urban,Personal,Approved
SLR100335,41,Male,Yes,0,Graduate,No,12.5,579000,35000,977000,5,693,2,0.75,2071000,171000,Yes,Semiurban,Education,Rejected
SLR100336,57,Male,Yes,0,Not Graduate,No,15.1,239000,79000,376000,7,770,0,0.75,709000,211000,Yes,Semiurban,Business,Rejected
SLR100337,64,Male,Yes,3+,Graduate,No,35.0,770000,420000,1472000,15,733,1,0.75,9814000,119000,No,Rural,Education,Approved
SLR100338,35,Male,No,0,Graduate,Yes,16.6,1210000,0,723000,3,687,0,0.39,7143000,87000,Yes,Semiurban,Personal,Approved
SLR100339,30,Male,No,1,Graduate,Yes,10.4,205000,0,531000,3,765,0,0.75,4406000,822000,Yes,Rural,Education,Approved
SLR100340,63,Male,Yes,3+,Not Graduate,No,20.8,541000,115000,1828000,20,900,1,0.75,11478000,728000,Yes,Urban,Vehicle,Approved
SLR100341,49,Female,No,1,Graduate,No,21.8,502000,0,169000,20,605,0,0.274,806000,174000,Yes,Urban,Home,Approved
SLR100342,34,Male,Yes,0,Graduate,No,12.5,184000,94000,303000,7,681,0,0.75,2846000,587000,Yes,Urban,Personal,Rejected
SLR100343,48,Male,Yes,3+,Not Graduate,No,17.3,911000,133000,986000,5,593,3,0.75,602000,210000,Yes,Semiurban,Home,Rejected
SLR100344,44,Male,Yes,0,Graduate,No,18.6,776000,19000,1007000,3,721,0,0.75,3099000,156000,Yes,Semiurban,Home,Approved
SLR100345,61,Male,Yes,0,Not Graduate,No,29.3,1676000,190000,1896000,5,707,0,0.75,1917000,287000,Yes,Urban,Vehicle,Rejected
SLR100346,32,Male,Yes,1,Graduate,No,10.5,723000,143000,150000,5,836,1,0.209,465000,285000,Yes,Semiurban,Personal,Approved
SLR100347,65,Male,Yes,0,Not Graduate,No,29.6,339000,244000,1136000,10,671,2,0.75,1338000,773000,Yes,Semiurban,Home,Rejected
SLR100348,63,Male,Yes,2,Graduate,No,35.0,730000,27000,289000,3,761,1,0.338,1538000,53000,No,Rural,Home,Approved
SLR100349,29,Female,Yes,0,Graduate,No,6.6,1115000,94000,853000,3,534,1,0.482,1495000,279000,No,Urban,Medical,Rejected
SLR100350,28,Male,No,1,Graduate,No,2.0,426000,0,623000,10,701,0,0.75,7070000,2134000,Yes,Semiurban,Personal,Approved
SLR100351,44,Male,Yes,2,Graduate,No,11.7,879000,77000,1129000,5,625,0,0.75,539000,58000,No,Semiurban,Home,Approved
SLR100352,23,Male,No,3+,Graduate,No,1.8,151000,0,558000,5,734,3,0.75,765000,223000,Yes,Urban,Home,Approved
SLR100353,34,Female,Yes,0,Graduate,No,10.7,1238000,86000,1254000,10,776,1,0.75,97000,272000,No,Urban,Business,Rejected
SLR100354,40,Male,Yes,0,Graduate,No,10.8,854000,88000,379000,3,645,1,0.46,2573000,394000,Yes,Urban,Business,Approved
SLR100355,64,Female,Yes,3+,Not Graduate,No,35.0,136000,305000,616000,10,731,2,0.75,2930000,631000,No,Rural,Vehicle,Rejected
SLR100356,65,Female,No,1,Graduate,No,29.5,679000,0,737000,2,663,1,0.75,3098000,392000,Yes,Urban,Personal,Rejected
SLR100357,27,Male,Yes,0,Not Graduate,Yes,4.3,184000,115000,1933000,5,694,1,0.75,1354000,1241000,Yes,Urban,Medical,Approved
SLR100358,61,Male,Yes,0,Graduate,No,29.2,393000,147000,1117000,7,721,3,0.75,721000,259000,Yes,Semiurban,Education,Rejected
SLR100359,25,Female,No,2,Graduate,No,5.8,799000,0,742000,10,615,4,0.622,478000,814000,Yes,Semiurban,Education,Approved
SLR100360,54,Male,No,1,Graduate,No,18.2,510000,0,985000,5,615,2,0.75,2327000,310000,Yes,Urban,Personal,Rejected
SLR100361,59,Male,Yes,1,Not Graduate,No,30.8,1098000,260000,1317000,15,755,3,0.75,667000,654000,No,Rural,Vehicle,Approved
SLR100362,61,Male,Yes,2,Not Graduate,No,22.1,570000,115000,829000,20,639,2,0.75,310000,210000,No,Semiurban,Vehicle,Rejected
SLR100363,31,Male,Yes,0,Graduate,No,5.6,539000,132000,334000,7,786,5,0.601,3563000,171000,Yes,Urban,Business,Approved
SLR100364,61,Male,Yes,0,Graduate,Yes,33.7,1006000,128000,978000,5,557,0,0.75,1008000,122000,No,Rural,Education,Rejected
SLR100365,26,Male,No,1,Not Graduate,No,2.8,457000,0,638000,3,760,1,0.75,1631000,285000,Yes,Semiurban,Home,Approved
SLR100366,44,Male,Yes,3+,Graduate,No,15.2,542000,185000,517000,20,691,1,0.481,66000,199000,Yes,Semiurban,Personal,Approved
SLR100367,42,Male,Yes,0,Graduate,No,10.4,583000,49000,390000,3,683,4,0.642,1348000,458000,No,Rural,Personal,Approved
SLR100368,35,Male,Yes,2,Graduate,No,14.6,530000,143000,947000,5,701,2,0.75,1132000,602000,No,Urban,Personal,Rejected
SLR100369,21,Female,Yes,0,Graduate,No,0.0,1041000,185000,907000,5,582,1,0.487,7464000,798000,Yes,Semiurban,Home,Approved
SLR100370,55,Male,No,0,Not Graduate,No,26.3,381000,0,349000,5,774,1,0.548,1121000,676000,Yes,Rural,Personal,Approved
SLR100371,36,Male,Yes,3+,Not Graduate,No,13.0,348000,54000,317000,2,658,0,0.612,92000,840000,Yes,Urban,Vehicle,Approved
SLR100372,50,Male,Yes,0,Not Graduate,No,22.9,307000,185000,2223000,5,627,1,0.75,1128000,605000,Yes,Semiurban,Personal,Rejected
SLR100373,39,Male,Yes,0,Graduate,No,12.9,169000,91000,1137000,10,852,1,0.75,1409000,142000,Yes,Semiurban,Business,Approved
SLR100374,37,Male,Yes,2,Graduate,No,11.4,1244000,140000,688000,5,664,1,0.381,4574000,438000,Yes,Semiurban,Vehicle,Approved
SLR100375,60,Male,Yes,0,Graduate,No,25.8,335000,51000,964000,15,625,3,0.75,1340000,196000,Yes,Semiurban,Business,Approved
SLR100376,25,Male,Yes,0,Graduate,No,5.4,482000,119000,480000,7,751,1,0.544,939000,312000,Yes,Semiurban,Personal,Approved
SLR100377,54,Male,No,2,Graduate,Yes,20.6,1296000,0,581000,3,710,2,0.418,1222000,337000,Yes,Semiurban,Personal,Approved
SLR100378,54,Male,No,0,Not Graduate,Yes,30.6,509000,0,659000,15,766,0,0.75,19856000,48000,Yes,Urban,Vehicle,Approved
SLR100379,38,Male,No,1,Graduate,No,9.7,730000,0,1217000,10,696,0,0.75,2244000,152000,Yes,Rural,Education,Approved
SLR100380,32,Male,No,0,Graduate,No,11.8,252000,0,259000,10,762,1,0.75,1066000,235000,Yes,Urban,Personal,Approved
SLR100381,21,Male,Yes,0,Graduate,No,0.4,1187000,184000,335000,5,844,1,0.29,3613000,37000,Yes,Semiurban,Home,Approved
SLR100382,63,Male,Yes,2,Graduate,No,24.6,514000,17000,293000,10,633,3,0.627,478000,997000,Yes,Semiurban,Business,Approved
SLR100383,63,Male,Yes,0,Graduate,No,22.7,314000,98000,1132000,15,656,2,0.75,688000,386000,No,Urban,Business,Approved
SLR100384,31,Male,No,2,Graduate,No,7.7,314000,0,609000,20,570,1,0.75,833000,384000,Yes,Urban,Medical,Rejected
SLR100385,22,Male,Yes,3+,Graduate,Yes,0.0,1393000,212000,358000,10,718,1,0.232,261000,793000,Yes,Urban,Education,Approved
SLR100386,26,Male,Yes,2,Graduate,No,3.7,398000,110000,563000,7,699,4,0.75,3561000,619000,Yes,Semiurban,Education,Rejected
SLR100387,24,Male,Yes,0,Not Graduate,No,0.0,318000,99000,431000,15,785,1,0.75,660000,621000,Yes,Semiurban,Personal,Approved
SLR100388,58,Female,Yes,0,Graduate,Yes,17.7,433000,189000,256000,2,688,0,0.271,1575000,795000,No,Urban,Home,Approved
SLR100389,61,Male,No,3+,Not Graduate,No,20.5,564000,0,1475000,7,684,3,0.75,812000,445000,Yes,Rural,Home,Rejected
SLR100390,27,Male,No,1,Graduate,No,5.9,598000,0,590000,10,705,0,0.75,1909000,454000,Yes,Semiurban,Medical,Rejected
SLR100391,54,Male,Yes,2,Graduate,No,20.3,702000,43000,1497000,5,672,1,0.75,8634000,501000,Yes,Rural,Home,Approved
SLR100392,29,Female,No,2,Graduate,Yes,4.9,626000,0,253000,2,718,1,0.435,994000,122000,Yes,Semiurban,Personal,Approved
SLR100393,37,Male,Yes,0,Not Graduate,No,15.2,785000,21000,902000,3,707,1,0.75,882000,65000,No,Urban,Personal,Approved
SLR100394,47,Male,Yes,0,Graduate,No,26.0,473000,40000,255000,5,730,0,0.556,417000,67000,Yes,Semiurban,Personal,Approved
SLR100395,53,Female,Yes,1,Graduate,No,21.7,1719000,68000,3186000,15,673,2,0.75,1059000,613000,Yes,Rural,Business,Approved
SLR100396,60,Male,No,1,Not Graduate,No,31.1,420000,0,211000,10,731,2,0.53,225000,229000,Yes,Urban,Vehicle,Rejected
SLR100397,23,Female,Yes,0,Not Graduate,No,3.8,1157000,82000,2089000,15,736,2,0.75,5634000,281000,Yes,Rural,Home,Rejected
SLR100398,29,Male,Yes,1,Graduate,Yes,1.4,396000,95000,642000,20,666,0,0.75,744000,398000,No,Rural,Vehicle,Rejected
SLR100399,33,Male,No,2,Not Graduate,Yes,7.8,251000,0,577000,5,684,0,0.75,561000,1090000,Yes,Urban,Education,Rejected
SLR100400,34,Male,Yes,0,Graduate,No,0.6,220000,70000,953000,10,677,1,0.75,1167000,594000,No,Semiurban,Personal,Rejected
SLR100401,65,Male,Yes,0,Graduate,Yes,34.7,650000,24000,353000,5,598,3,0.575,2592000,411000,Yes,Urban,Home,Rejected
SLR100402,55,Female,Yes,2,Graduate,No,20.3,1042000,66000,1083000,15,654,0,0.75,1093000,488000,Yes,Semiurban,Home,Approved
SLR100403,35,Male,No,2,Not Graduate,Yes,11.4,292000,0,1136000,10,747,0,0.75,4071000,2100000,Yes,Urban,Personal,Rejected
SLR100404,64,Female,No,3+,Graduate,No,35.0,339000,0,655000,20,753,1,0.75,899000,158000,Yes,Semiurban,Home,Approved
SLR100405,43,Male,No,0,Not Graduate,No,18.7,680000,0,765000,10,715,1,0.685,651000,1065000,Yes,Urban,Home,Rejected
SLR100406,43,Male,Yes,3+,Graduate,No,10.4,549000,172000,2278000,2,614,1,0.75,1314000,356000,No,Urban,Home,Rejected
SLR100407,40,Female,Yes,2,Graduate,No,14.3,399000,251000,993000,10,763,1,0.75,1192000,329000,Yes,Urban,Personal,Approved
SLR100408,27,Male,No,2,Graduate,No,8.3,272000,0,391000,3,829,6,0.75,3390000,578000,Yes,Urban,Vehicle,Approved
SLR100409,63,Female,Yes,0,Not Graduate,No,24.7,652000,138000,1059000,7,735,1,0.75,3057000,80000,Yes,Semiurban,Home,Approved
SLR100410,21,Male,Yes,0,Not Graduate,No,4.0,788000,48000,458000,5,690,2,0.588,883000,149000,No,Semiurban,Personal,Rejected
SLR100411,28,Male,No,1,Not Graduate,No,12.7,721000,0,404000,7,625,1,0.55,306000,479000,Yes,Urban,Personal,Rejected
SLR100412,31,Male,Yes,0,Not Graduate,No,9.8,558000,48000,907000,15,689,3,0.75,2463000,505000,Yes,Rural,Home,Rejected
SLR100413,33,Male,Yes,0,Graduate,Yes,13.9,308000,51000,337000,5,653,0,0.695,427000,553000,No,Urban,Vehicle,Rejected
SLR100414,26,Male,No,3+,Not Graduate,No,7.9,654000,0,670000,5,675,2,0.75,1259000,619000,Yes,Rural,Business,Approved
SLR100415,21,Male,No,0,Graduate,No,0.1,628000,0,1007000,5,787,1,0.75,2260000,1745000,Yes,Semiurban,Education,Approved
SLR100416,51,Male,No,3+,Graduate,Yes,24.9,267000,0,2249000,5,756,0,0.75,8131000,209000,Yes,Semiurban,Personal,Approved
SLR100417,64,Male,No,1,Graduate,No,33.0,466000,0,984000,5,664,1,0.75,11582000,478000,Yes,Rural,Vehicle,Approved
SLR100418,26,Female,Yes,2,Graduate,Yes,7.1,673000,259000,250000,10,697,2,0.312,2084000,637000,Yes,Rural,Home,Approved
SLR100419,34,Male,No,0,Graduate,Yes,7.7,527000,0,277000,10,690,0,0.565,205000,472000,Yes,Semiurban,Home,Approved
SLR100420,43,Male,Yes,1,Graduate,Yes,13.5,187000,276000,1996000,7,658,1,0.75,472000,321000,Yes,Urban,Home,Rejected
SLR100421,62,Female,No,1,Graduate,No,27.8,387000,0,430000,5,589,1,0.75,1194000,188000,No,Rural,Home,Rejected
SLR100422,52,Male,Yes,3+,Not Graduate,No,23.7,373000,126000,243000,7,752,0,0.326,990000,296000,No,Urban,Medical,Approved
SLR100423,55,Male,No,0,Not Graduate,No,25.8,748000,0,338000,20,779,0,0.404,1559000,988000,Yes,Urban,Personal,Approved
SLR100424,47,Male,Yes,0,Graduate,No,22.0,2296000,293000,1089000,7,644,0,0.295,1585000,2024000,No,Semiurban,Personal,Approved
SLR100425,39,Male,No,3+,Not Graduate,No,11.0,592000,0,699000,7,641,0,0.75,442000,87000,Yes,Semiurban,Personal,Approved
SLR100426,29,Male,Yes,0,Graduate,No,5.8,285000,107000,990000,7,758,3,0.75,2495000,355000,Yes,Semiurban,Education,Approved
SLR100427,59,Male,Yes,1,Graduate,Yes,18.2,504000,85000,636000,5,640,0,0.75,577000,84000,Yes,Semiurban,Home,Approved
SLR100428,57,Male,Yes,0,Not Graduate,No,19.1,553000,108000,317000,5,586,1,0.406,1631000,196000,Yes,Urban,Home,Rejected
SLR100429,22,Male,Yes,0,Graduate,No,3.5,834000,111000,203000,10,657,3,0.34,8041000,423000,Yes,Rural,Personal,Rejected
SLR100430,53,Male,No,1,Not Graduate,No,24.2,1089000,0,378000,5,792,0,0.263,537000,135000,No,Semiurban,Education,Approved
SLR100431,24,Male,Yes,1,Graduate,Yes,2.9,1182000,101000,704000,10,651,0,0.354,1615000,244000,Yes,Urban,Personal,Rejected
SLR100432,54,Male,Yes,1,Graduate,No,14.4,739000,46000,301000,7,641,1,0.285,952000,216000,Yes,Urban,Personal,Approved
SLR100433,58,Male,Yes,1,Graduate,No,23.9,550000,76000,1231000,5,655,1,0.75,531000,409000,Yes,Semiurban,Medical,Approved
SLR100434,26,Female,Yes,2,Not Graduate,No,3.0,1244000,33000,339000,7,604,0,0.272,1571000,250000,Yes,Semiurban,Home,Approved
SLR100435,40,Male,Yes,3+,Graduate,No,20.9,454000,167000,222000,5,591,4,0.398,668000,893000,No,Semiurban,Medical,Approved
SLR100436,26,Male,Yes,0,Graduate,No,4.0,567000,128000,650000,5,670,2,0.75,2981000,332000,Yes,Semiurban,Business,Approved
SLR100437,46,Male,Yes,0,Graduate,No,14.8,481000,109000,1066000,7,585,2,0.75,2583000,173000,Yes,Urban,Personal,Rejected
SLR100438,62,Male,Yes,0,Graduate,Yes,25.9,170000,244000,1715000,10,660,3,0.75,7019000,99000,Yes,Semiurban,Home,Rejected
SLR100439,24,Male,Yes,2,Graduate,No,3.8,1107000,60000,228000,15,710,2,0.299,2940000,175000,Yes,Semiurban,Personal,Approved
SLR100440,38,Male,Yes,0,Not Graduate,Yes,20.4,797000,68000,1640000,15,718,1,0.75,2620000,296000,Yes,Urban,Education,Approved
SLR100441,64,Female,Yes,1,Graduate,Yes,34.2,149000,37000,733000,7,679,0,0.75,212000,519000,No,Semiurban,Home,Rejected
SLR100442,34,Male,Yes,1,Graduate,Yes,12.3,954000,272000,434000,3,600,1,0.404,3320000,615000,Yes,Semiurban,Business,Approved
SLR100443,26,Female,No,1,Graduate,No,4.3,465000,0,1012000,5,659,2,0.75,2915000,721000,Yes,Semiurban,Business,Approved
SLR100444,42,Male,Yes,2,Graduate,No,15.8,947000,348000,1569000,2,716,0,0.75,698000,543000,Yes,Urban,Personal,Approved
SLR100445,43,Male,Yes,1,Not Graduate,No,6.9,573000,426000,218000,5,737,1,0.281,7577000,754000,Yes,Urban,Home,Approved
SLR100446,50,Male,Yes,1,Not Graduate,No,29.9,261000,85000,491000,2,670,3,0.75,3371000,264000,Yes,Semiurban,Personal,Rejected
SLR100447,35,Male,No,0,Graduate,No,12.6,558000,0,456000,10,637,2,0.63,1722000,300000,Yes,Semiurban,Personal,Rejected
SLR100448,64,Female,Yes,1,Graduate,No,28.2,336000,29000,976000,7,696,4,0.75,2846000,214000,Yes,Urban,Business,Rejected
SLR100449,44,Female,Yes,0,Graduate,No,19.3,281000,50000,1679000,2,663,3,0.75,2186000,183000,No,Urban,Personal,Rejected
SLR100450,33,Female,No,2,Not Graduate,No,8.5,886000,0,682000,10,614,4,0.621,1683000,1039000,Yes,Semiurban,Vehicle,Rejected
SLR100451,64,Male,No,0,Not Graduate,No,24.9,682000,0,538000,15,713,1,0.74,1172000,300000,No,Semiurban,Personal,Approved
SLR100452,62,Female,Yes,0,Not Graduate,No,19.1,1253000,51000,868000,2,691,1,0.673,4463000,140000,Yes,Semiurban,Education,Approved
SLR100453,43,Male,No,0,Graduate,No,23.2,443000,0,558000,3,607,0,0.75,371000,175000,Yes,Semiurban,Home,Rejected
SLR100454,22,Female,Yes,1,Graduate,No,1.7,324000,245000,159000,7,643,1,0.224,1695000,1863000,Yes,Semiurban,Personal,Approved
SLR100455,47,Male,No,3+,Not Graduate,No,14.6,782000,0,910000,2,676,0,0.75,5569000,425000,Yes,Urban,Business,Approved
SLR100456,45,Male,No,0,Graduate,No,18.3,348000,0,1234000,2,576,0,0.75,1570000,504000,Yes,Urban,Personal,Rejected
SLR100457,27,Male,Yes,0,Graduate,No,8.1,464000,533000,1306000,10,635,0,0.75,2926000,227000,No,Rural,Home,Rejected
SLR100458,49,Male,Yes,0,Not Graduate,No,15.1,734000,28000,307000,7,737,1,0.423,1407000,59000,Yes,Urban,Home,Approved
SLR100459,58,Male,Yes,3+,Not Graduate,No,21.3,513000,286000,965000,15,653,0,0.75,553000,126000,Yes,Urban,Home,Rejected
SLR100460,25,Female,No,2,Graduate,No,2.8,420000,0,1760000,3,630,1,0.75,3268000,206000,Yes,Rural,Personal,Approved
SLR100461,53,Female,Yes,0,Graduate,No,15.7,254000,331000,3367000,15,771,0,0.75,5477000,211000,Yes,Urban,Medical,Rejected
SLR100462,27,Female,Yes,1,Not Graduate,Yes,8.6,921000,260000,887000,2,716,0,0.729,838000,344000,Yes,Semiurban,Education,Approved
SLR100463,54,Male,No,2,Graduate,No,23.4,449000,0,1232000,5,742,0,0.75,2338000,676000,Yes,Urban,Business,Approved
SLR100464,39,Male,No,2,Not Graduate,Yes,10.5,773000,0,341000,2,631,2,0.398,1834000,353000,Yes,Urban,Personal,Rejected
SLR100465,21,Male,Yes,1,Graduate,No,1.4,719000,37000,313000,5,669,1,0.394,995000,485000,Yes,Urban,Medical,Rejected
SLR100466,64,Male,No,2,Not Graduate,No,22.2,1002000,0,1235000,15,689,2,0.75,4076000,717000,Yes,Rural,Home,Approved
SLR100467,28,Male,Yes,1,Not Graduate,No,6.4,483000,123000,173000,3,707,1,0.226,1121000,1099000,No,Semiurban,Home,Approved
SLR100468,47,Male,No,0,Graduate,No,19.5,454000,0,719000,5,861,0,0.75,540000,164000,Yes,Urban,Home,Approved
SLR100469,29,Male,Yes,0,Graduate,Yes,5.4,299000,226000,1647000,10,696,1,0.75,998000,480000,Yes,Rural,Vehicle,Rejected
SLR100470,62,Male,Yes,0,Graduate,No,22.2,408000,426000,1033000,2,771,3,0.75,1205000,498000,Yes,Rural,Medical,Rejected
SLR100471,54,Male,Yes,0,Not Graduate,Yes,18.3,664000,85000,1029000,10,862,0,0.75,753000,424000,No,Urban,Home,Approved
SLR100472,57,Male,Yes,0,Graduate,No,24.7,351000,300000,629000,15,819,3,0.728,843000,249000,Yes,Semiurban,Vehicle,Approved
SLR100473,40,Male,Yes,2,Graduate,No,12.9,654000,149000,498000,3,702,0,0.488,482000,157000,Yes,Urban,Education,Approved
SLR100474,42,Female,Yes,2,Not Graduate,Yes,11.4,1233000,42000,2637000,2,776,1,0.75,1049000,300000,Yes,Rural,Vehicle,Rejected
SLR100475,49,Male,No,0,Not Graduate,No,23.3,431000,0,1449000,7,700,1,0.75,1635000,416000,No,Urban,Personal,Rejected
SLR100476,56,Female,No,0,Not Graduate,No,26.5,267000,0,1127000,15,687,0,0.75,605000,804000,Yes,Urban,Vehicle,Approved
SLR100477,59,Male,No,1,Graduate,No,27.3,438000,0,662000,20,753,1,0.75,514000,304000,Yes,Rural,Vehicle,Approved
SLR100478,21,Male,No,1,Not Graduate,No,0.0,252000,0,445000,15,756,0,0.75,547000,134000,Yes,Semiurban,Education,Rejected
SLR100479,50,Male,No,0,Not Graduate,Yes,21.1,1146000,0,1311000,10,728,0,0.75,1211000,153000,Yes,Urban,Personal,Approved
SLR100480,25,Female,Yes,2,Graduate,Yes,5.2,576000,78000,532000,7,677,1,0.677,862000,131000,Yes,Semiurban,Personal,Approved
SLR100481,33,Male,Yes,0,Not Graduate,No,8.8,368000,60000,684000,15,654,2,0.75,308000,317000,Yes,Semiurban,Business,Rejected
SLR100482,58,Male,No,0,Graduate,No,26.0,404000,0,970000,10,599,0,0.75,434000,113000,Yes,Urban,Home,Approved
SLR100483,32,Male,No,2,Not Graduate,No,10.3,287000,0,745000,5,702,1,0.75,1257000,182000,Yes,Semiurban,Personal,Approved
SLR100484,56,Male,No,1,Not Graduate,No,33.3,959000,0,1780000,10,708,3,0.75,965000,1234000,Yes,Rural,Business,Approved
SLR100485,41,Male,No,0,Graduate,No,15.8,1511000,0,276000,15,752,0,0.197,1255000,297000,Yes,Urban,Home,Approved
SLR100486,31,Male,Yes,2,Graduate,No,11.1,242000,56000,679000,20,581,0,0.75,5621000,363000,Yes,Semiurban,Home,Rejected
SLR100487,36,Male,No,3+,Graduate,Yes,7.8,976000,0,2609000,10,698,1,0.75,1721000,120000,Yes,Semiurban,Home,Rejected
SLR100488,44,Male,No,0,Graduate,No,20.9,480000,0,1165000,10,675,2,0.75,254000,328000,No,Urban,Home,Rejected
SLR100489,55,Male,No,1,Graduate,No,27.2,1104000,0,572000,20,686,3,0.573,767000,90000,Yes,Rural,Home,Approved
SLR100490,48,Male,No,0,Not Graduate,No,21.8,201000,0,1092000,5,783,1,0.75,1860000,381000,Yes,Semiurban,Home,Approved
SLR100491,62,Female,Yes,1,Graduate,No,25.3,623000,190000,630000,7,786,2,0.545,739000,125000,Yes,Semiurban,Education,Approved
SLR100492,60,Female,No,0,Graduate,No,35.0,439000,0,1686000,15,766,3,0.75,556000,981000,Yes,Urban,Home,Rejected
SLR100493,54,Male,Yes,0,Graduate,No,10.6,790000,36000,1109000,10,697,1,0.75,3074000,1599000,No,Urban,Home,Approved
SLR100494,48,Male,No,0,Graduate,Yes,27.4,569000,0,370000,20,676,1,0.532,931000,203000,Yes,Urban,Education,Approved
SLR100495,34,Male,Yes,2,Graduate,No,12.7,557000,71000,759000,2,780,0,0.75,620000,97000,Yes,Urban,Education,Approved
SLR100496,39,Male,Yes,0,Graduate,No,9.4,519000,79000,853000,5,818,1,0.75,626000,238000,No,Urban,Personal,Rejected
SLR100497,26,Male,Yes,3+,Graduate,Yes,9.0,1299000,143000,881000,5,810,1,0.564,6174000,91000,No,Semiurban,Home,Approved
SLR100498,37,Male,Yes,0,Graduate,No,11.9,500000,85000,800000,3,727,1,0.75,486000,258000,Yes,Rural,Business,Rejected
SLR100499,62,Female,Yes,2,Not Graduate,No,18.2,885000,153000,938000,10,693,2,0.75,1131000,168000,Yes,Rural,Education,Rejected
SLR100500,40,Male,No,1,Graduate,No,10.9,777000,0,853000,7,742,0,0.75,1193000,851000,Yes,Rural,Personal,Approved
SLR100501,26,Female,Yes,0,Graduate,No,6.4,897000,208000,407000,5,747,3,0.424,2521000,65000,Yes,Urban,Home,Approved
SLR100502,50,Male,No,2,Not Graduate,Yes,29.0,315000,0,483000,10,660,3,0.75,654000,120000,Yes,Rural,Business,Rejected
SLR100503,64,Male,Yes,2,Not Graduate,No,31.6,811000,181000,551000,10,676,4,0.576,636000,687000,Yes,Rural,Medical,Approved
SLR100504,60,Female,Yes,1,Graduate,Yes,18.5,662000,128000,692000,2,900,0,0.615,2809000,211000,Yes,Rural,Vehicle,Approved
SLR100505,33,Male,No,0,Not Graduate,Yes,15.2,286000,0,552000,7,660,0,0.75,12653000,1157000,Yes,Rural,Home,Rejected
SLR100506,41,Female,No,1,Not Graduate,No,18.6,489000,0,1331000,10,754,1,0.75,815000,354000,Yes,Urban,Business,Rejected
SLR100507,44,Male,Yes,1,Not Graduate,No,12.6,1943000,239000,348000,3,651,2,0.302,767000,412000,No,Rural,Personal,Approved
SLR100508,32,Male,No,0,Graduate,No,9.1,443000,0,210000,15,681,2,0.509,12719000,444000,Yes,Urban,Vehicle,Approved
SLR100509,33,Male,No,2,Graduate,No,11.3,449000,0,2334000,10,621,0,0.75,983000,475000,Yes,Semiurban,Education,Rejected
SLR100510,31,Female,Yes,0,Graduate,No,6.8,705000,37000,382000,10,621,2,0.582,1018000,293000,Yes,Semiurban,Vehicle,Approved
SLR100511,65,Male,No,1,Not Graduate,No,22.0,408000,0,1329000,5,736,1,0.75,1646000,304000,No,Semiurban,Home,Approved
SLR100512,54,Female,No,1,Not Graduate,Yes,23.0,594000,0,965000,10,727,2,0.75,2019000,918000,Yes,Urban,Home,Rejected
SLR100513,58,Female,No,3+,Graduate,No,27.7,430000,0,391000,5,828,0,0.75,1748000,192000,Yes,Rural,Business,Approved
SLR100514,57,Male,Yes,0,Graduate,No,23.6,686000,350000,596000,15,692,1,0.475,3327000,398000,Yes,Semiurban,Medical,Approved
SLR100515,64,Male,Yes,0,Graduate,Yes,35.0,532000,101000,541000,5,702,1,0.75,398000,251000,No,Rural,Vehicle,Approved
SLR100516,25,Male,Yes,0,Graduate,No,0.0,1609000,316000,819000,5,687,2,0.468,1140000,581000,Yes,Urban,Vehicle,Approved
SLR100517,60,Female,No,2,Not Graduate,Yes,28.8,564000,0,395000,10,617,5,0.665,3724000,969000,No,Urban,Education,Rejected
SLR100518,23,Male,No,1,Graduate,No,3.7,487000,0,580000,5,734,1,0.75,177000,228000,No,Semiurban,Personal,Approved
SLR100519,42,Male,Yes,0,Graduate,No,11.5,969000,127000,634000,5,677,0,0.541,428000,158000,Yes,Semiurban,Home,Approved
SLR100520,47,Male,Yes,0,Graduate,No,18.8,256000,62000,1330000,3,582,1,0.75,2646000,191000,Yes,Urban,Personal,Rejected
SLR100521,37,Male,Yes,3+,Not Graduate,No,17.5,1395000,56000,498000,15,773,1,0.377,1508000,728000,Yes,Rural,Personal,Approved
SLR100522,27,Female,Yes,1,Not Graduate,No,8.8,319000,32000,345000,7,647,0,0.75,782000,426000,Yes,Urban,Business,Approved
SLR100523,29,Male,No,1,Graduate,No,4.3,1060000,0,456000,7,715,0,0.372,1858000,328000,Yes,Urban,Education,Rejected
SLR100524,58,Male,Yes,0,Graduate,No,20.1,1225000,664000,825000,5,717,5,0.556,2079000,299000,Yes,Semiurban,Business,Approved
SLR100525,35,Male,Yes,0,Not Graduate,No,10.9,412000,36000,205000,7,706,2,0.447,629000,198000,Yes,Urban,Vehicle,Approved
SLR100526,34,Male,Yes,0,Not Graduate,No,13.8,434000,47000,1415000,7,615,0,0.75,1307000,694000,Yes,Urban,Medical,Rejected
SLR100527,62,Male,Yes,0,Graduate,No,25.9,518000,63000,658000,2,795,0,0.747,486000,402000,No,Rural,Vehicle,Rejected
SLR100528,27,Female,No,1,Graduate,No,1.8,774000,0,861000,3,635,1,0.75,3953000,1452000,Yes,Semiurban,Personal,Approved
SLR100529,62,Male,No,0,Graduate,No,28.9,318000,0,750000,10,506,0,0.75,344000,341000,Yes,Urban,Business,Rejected
SLR100530,62,Male,Yes,0,Graduate,No,31.4,518000,74000,421000,5,754,1,0.719,1246000,430000,Yes,Rural,Personal,Approved
SLR100531,47,Female,Yes,0,Graduate,No,12.9,463000,102000,322000,20,751,1,0.467,2858000,241000,Yes,Semiurban,Home,Approved
SLR100532,28,Male,Yes,0,Not Graduate,No,3.0,292000,61000,412000,5,600,1,0.668,8480000,208000,Yes,Urban,Personal,Approved
SLR100533,28,Male,Yes,0,Graduate,Yes,7.3,310000,82000,244000,5,690,1,0.525,1177000,331000,Yes,Urban,Education,Approved
SLR100534,33,Male,Yes,0,Not Graduate,Yes,15.2,590000,114000,815000,2,771,3,0.75,16640000,908000,Yes,Semiurban,Personal,Approved
SLR100535,46,Female,Yes,0,Graduate,No,12.1,584000,108000,585000,10,796,2,0.75,503000,240000,Yes,Rural,Vehicle,Approved
SLR100536,27,Male,No,2,Graduate,Yes,4.3,361000,0,240000,5,736,0,0.627,2377000,237000,Yes,Semiurban,Home,Rejected
SLR100537,41,Male,Yes,3+,Graduate,No,15.4,575000,117000,435000,5,752,2,0.627,746000,112000,Yes,Semiurban,Medical,Approved
SLR100538,26,Male,Yes,1,Graduate,No,2.8,385000,101000,993000,3,744,0,0.75,6122000,2536000,Yes,Semiurban,Education,Approved
SLR100539,45,Male,Yes,0,Not Graduate,Yes,19.1,1129000,16000,1506000,2,680,2,0.75,1293000,217000,Yes,Urban,Business,Approved
SLR100540,21,Male,No,3+,Graduate,No,2.3,520000,0,282000,5,608,3,0.633,553000,111000,Yes,Semiurban,Home,Rejected
SLR100541,52,Male,Yes,3+,Graduate,No,14.3,1006000,25000,2649000,7,670,2,0.75,4273000,403000,Yes,Urban,Personal,Rejected
SLR100542,23,Female,Yes,1,Not Graduate,No,1.2,217000,187000,348000,10,774,0,0.567,944000,426000,No,Rural,Business,Approved
SLR100543,29,Female,No,0,Graduate,No,6.6,657000,0,215000,3,774,0,0.29,435000,657000,Yes,Urban,Medical,Approved
SLR100544,28,Male,Yes,2,Graduate,No,6.8,763000,227000,2037000,5,705,0,0.75,1048000,407000,Yes,Urban,Education,Approved
SLR100545,58,Female,No,3+,Not Graduate,No,18.2,510000,0,330000,20,665,1,0.506,3472000,86000,Yes,Semiurban,Home,Approved
SLR100546,23,Female,Yes,2,Graduate,No,2.6,409000,123000,1750000,10,820,2,0.75,1224000,190000,No,Semiurban,Business,Rejected
SLR100547,40,Male,No,1,Graduate,No,13.7,505000,0,422000,20,699,1,0.75,983000,819000,Yes,Rural,Vehicle,Approved
SLR100548,47,Male,No,1,Graduate,No,11.9,827000,0,537000,3,738,1,0.594,1396000,734000,Yes,Urban,Home,Approved
SLR100549,44,Female,Yes,3+,Graduate,No,17.3,283000,195000,278000,7,600,2,0.441,161000,492000,No,Urban,Education,Rejected
SLR100550,51,Male,No,0,Graduate,No,26.0,809000,0,1491000,5,686,0,0.75,18363000,1136000,Yes,Urban,Medical,Approved
SLR100551,57,Female,Yes,0,Not Graduate,No,27.4,655000,108000,1364000,20,771,2,0.75,1331000,290000,Yes,Semiurban,Home,Approved
SLR100552,38,Male,No,2,Graduate,No,9.2,477000,0,423000,20,587,4,0.75,3332000,883000,Yes,Rural,Medical,Rejected
SLR100553,58,Male,No,0,Not Graduate,No,22.1,488000,0,619000,7,687,2,0.75,5374000,246000,Yes,Urban,Personal,Approved
SLR100554,35,Female,No,0,Graduate,No,13.7,569000,0,1000000,5,721,2,0.75,531000,1399000,No,Rural,Personal,Approved
SLR100555,65,Male,No,0,Graduate,No,33.6,1369000,0,478000,7,797,0,0.433,441000,232000,Yes,Urban,Medical,Approved
SLR100556,43,Male,Yes,0,Graduate,No,9.1,666000,71000,1578000,15,763,2,0.75,5861000,138000,Yes,Semiurban,Vehicle,Approved
SLR100557,54,Male,Yes,0,Graduate,No,19.0,327000,227000,607000,7,817,1,0.672,668000,133000,Yes,Semiurban,Home,Approved
SLR100558,60,Male,Yes,1,Graduate,No,26.5,433000,152000,464000,15,752,0,0.44,981000,1062000,Yes,Urban,Home,Approved
SLR100559,56,Male,No,0,Not Graduate,Yes,25.4,293000,0,232000,10,757,1,0.547,703000,1161000,Yes,Urban,Vehicle,Approved
SLR100560,59,Male,No,1,Not Graduate,No,21.4,195000,0,280000,3,618,0,0.75,94000,165000,No,Semiurban,Business,Rejected
SLR100561,45,Male,No,0,Not Graduate,No,13.1,290000,0,953000,10,616,2,0.75,1136000,203000,Yes,Semiurban,Business,Approved
SLR100562,22,Male,Yes,3+,Graduate,No,-0.0,588000,83000,757000,5,816,0,0.75,1303000,51000,No,Rural,Personal,Approved
SLR100563,43,Male,Yes,1,Not Graduate,No,9.3,1108000,86000,1105000,15,656,0,0.739,3649000,130000,Yes,Semiurban,Personal,Approved
SLR100564,29,Female,No,3+,Graduate,No,5.2,951000,0,451000,5,649,1,0.36,926000,280000,Yes,Urban,Medical,Approved
SLR100565,61,Male,No,0,Not Graduate,No,32.3,291000,0,224000,7,517,0,0.564,801000,278000,Yes,Rural,Personal,Rejected
SLR100566,31,Male,Yes,0,Not Graduate,No,7.8,355000,292000,471000,5,770,2,0.581,2257000,65000,Yes,Semiurban,Medical,Approved
SLR100567,31,Male,Yes,2,Graduate,No,7.6,328000,36000,2445000,2,606,2,0.75,3113000,108000,Yes,Urban,Home,Rejected
SLR100568,32,Male,Yes,2,Graduate,No,9.2,133000,152000,347000,15,628,0,0.75,485000,1538000,Yes,Rural,Personal,Rejected
SLR100569,49,Female,Yes,0,Not Graduate,Yes,21.2,502000,223000,635000,10,772,0,0.617,232000,874000,No,Semiurban,Home,Approved
SLR100570,46,Male,No,1,Graduate,No,19.8,856000,0,135000,20,524,3,0.305,10337000,389000,No,Urban,Medical,Rejected
SLR100571,63,Male,Yes,1,Graduate,No,34.6,479000,139000,464000,7,792,1,0.613,5661000,399000,Yes,Rural,Business,Approved
SLR100572,39,Female,Yes,0,Not Graduate,No,19.1,274000,102000,497000,5,628,1,0.75,757000,351000,No,Rural,Business,Rejected
SLR100573,33,Female,Yes,1,Graduate,No,7.4,346000,77000,806000,5,679,1,0.75,1027000,317000,No,Urban,Personal,Rejected
SLR100574,23,Female,Yes,0,Graduate,No,0.0,459000,45000,529000,7,632,2,0.75,1330000,354000,Yes,Urban,Vehicle,Approved
SLR100575,21,Female,No,0,Graduate,Yes,2.4,840000,0,242000,5,590,1,0.338,635000,100000,No,Semiurban,Home,Rejected
SLR100576,37,Female,Yes,2,Not Graduate,No,9.5,497000,56000,422000,7,633,2,0.632,810000,285000,No,Semiurban,Personal,Approved
SLR100577,62,Male,Yes,1,Graduate,No,31.1,780000,49000,569000,5,628,1,0.533,1232000,69000,Yes,Semiurban,Vehicle,Rejected
SLR100578,44,Male,Yes,2,Graduate,No,12.4,526000,508000,340000,20,598,1,0.321,382000,296000,Yes,Rural,Personal,Rejected
SLR100579,61,Male,No,2,Graduate,No,34.2,627000,0,374000,3,806,2,0.588,11293000,489000,Yes,Urban,Home,Approved
SLR100580,25,Male,No,3+,Not Graduate,No,4.6,328000,0,1249000,10,617,1,0.75,300000,223000,Yes,Urban,Education,Rejected
SLR100581,25,Male,Yes,1,Not Graduate,No,3.1,377000,45000,433000,7,548,1,0.686,207000,428000,Yes,Urban,Home,Rejected
SLR100582,58,Male,Yes,0,Graduate,No,30.4,276000,53000,865000,7,535,0,0.75,3100000,321000,Yes,Urban,Education,Rejected
SLR100583,25,Male,Yes,0,Not Graduate,No,0.0,766000,52000,579000,10,723,0,0.543,960000,499000,No,Urban,Personal,Approved
SLR100584,23,Female,Yes,1,Graduate,Yes,0.0,469000,49000,292000,20,560,0,0.484,2013000,465000,No,Semiurban,Personal,Rejected
SLR100585,39,Female,Yes,1,Not Graduate,Yes,14.3,120000,251000,524000,10,677,4,0.75,1373000,177000,No,Rural,Personal,Approved
SLR100586,62,Male,No,2,Graduate,No,24.1,717000,0,785000,5,838,2,0.75,974000,112000,Yes,Semiurban,Vehicle,Approved
SLR100587,52,Male,No,0,Graduate,No,17.6,940000,0,2010000,5,704,2,0.75,1258000,119000,Yes,Semiurban,Home,Approved
SLR100588,25,Male,Yes,0,Not Graduate,No,2.6,352000,1047000,393000,15,714,1,0.353,1977000,168000,Yes,Semiurban,Personal,Approved
SLR100589,58,Male,Yes,2,Graduate,No,27.8,716000,118000,615000,7,650,1,0.468,3827000,667000,Yes,Semiurban,Home,Approved
SLR100590,58,Female,Yes,2,Graduate,No,21.7,490000,126000,1174000,10,689,1,0.75,696000,624000,No,Urban,Home,Rejected
SLR100591,57,Female,Yes,0,Not Graduate,No,28.5,172000,69000,1475000,5,674,1,0.75,2099000,239000,No,Urban,Personal,Rejected
SLR100592,61,Female,Yes,2,Graduate,No,28.4,1610000,63000,426000,10,713,0,0.289,905000,276000,Yes,Urban,Home,Approved
SLR100593,31,Female,Yes,1,Graduate,Yes,4.9,492000,78000,587000,7,814,2,0.75,989000,120000,Yes,Urban,Education,Approved
SLR100594,65,Female,No,2,Graduate,No,30.9,614000,0,1340000,7,658,1,0.75,623000,126000,Yes,Semiurban,Medical,Approved
SLR100595,35,Male,Yes,0,Graduate,Yes,12.9,390000,190000,906000,20,631,1,0.75,1056000,487000,No,Semiurban,Personal,Rejected
SLR100596,57,Male,No,1,Graduate,No,21.1,467000,0,1272000,7,684,1,0.75,455000,247000,Yes,Semiurban,Vehicle,Approved
SLR100597,47,Male,Yes,0,Graduate,No,22.7,601000,68000,1392000,5,762,0,0.75,493000,267000,Yes,Urban,Education,Approved
SLR100598,56,Male,Yes,0,Graduate,No,20.2,310000,192000,932000,7,665,0,0.75,605000,596000,Yes,Semiurban,Vehicle,Approved
SLR100599,49,Male,Yes,2,Not Graduate,No,21.4,1396000,153000,714000,2,710,1,0.424,180000,498000,Yes,Semiurban,Personal,Approved
SLR100600,49,Male,No,0,Graduate,No,25.7,872000,0,420000,5,728,1,0.309,585000,291000,Yes,Urban,Home,Approved
SLR100601,48,Female,Yes,0,Graduate,Yes,20.7,731000,60000,555000,10,851,0,0.454,874000,906000,No,Urban,Personal,Approved
SLR100602,56,Male,Yes,0,Graduate,No,27.0,509000,52000,579000,3,759,2,0.671,1894000,228000,Yes,Semiurban,Home,Approved
SLR100603,54,Female,No,0,Graduate,No,27.8,362000,0,1417000,7,625,0,0.75,391000,162000,Yes,Semiurban,Business,Approved
SLR100604,27,Female,No,2,Graduate,No,7.6,969000,0,729000,10,526,2,0.572,1320000,127000,Yes,Semiurban,Home,Rejected
SLR100605,58,Male,No,0,Graduate,Yes,19.4,770000,0,733000,5,701,1,0.554,1912000,914000,Yes,Semiurban,Home,Approved
SLR100606,45,Male,Yes,2,Graduate,No,12.8,442000,195000,341000,5,637,2,0.452,1068000,211000,No,Semiurban,Vehicle,Rejected
SLR100607,35,Male,Yes,2,Graduate,Yes,14.5,303000,313000,1422000,10,654,1,0.75,1609000,354000,Yes,Urban,Personal,Rejected
SLR100608,44,Male,No,0,Graduate,Yes,11.6,231000,0,395000,20,615,3,0.75,1645000,1567000,Yes,Urban,Home,Rejected
SLR100609,64,Male,Yes,2,Graduate,Yes,29.3,559000,38000,540000,5,652,1,0.717,976000,185000,Yes,Rural,Personal,Rejected
SLR100610,59,Female,Yes,0,Not Graduate,Yes,28.0,480000,42000,1522000,5,651,0,0.75,742000,384000,No,Urban,Home,Approved
SLR100611,58,Male,Yes,0,Not Graduate,No,22.3,1056000,70000,1157000,20,681,1,0.75,1572000,382000,No,Urban,Medical,Approved
SLR100612,41,Male,Yes,0,Not Graduate,No,15.9,949000,84000,374000,15,640,1,0.368,508000,364000,No,Urban,Education,Rejected
SLR100613,56,Male,No,0,Graduate,No,14.3,562000,0,322000,20,636,0,0.482,178000,729000,Yes,Semiurban,Personal,Approved
SLR100614,38,Male,No,0,Graduate,No,13.6,526000,0,569000,2,730,0,0.714,698000,475000,Yes,Rural,Business,Approved
SLR100615,51,Male,Yes,0,Graduate,Yes,17.5,292000,97000,447000,20,690,2,0.75,805000,407000,Yes,Urban,Personal,Approved
SLR100616,49,Male,No,2,Graduate,No,21.0,986000,0,250000,15,690,3,0.334,1533000,1340000,No,Semiurban,Home,Rejected
SLR100617,32,Male,Yes,1,Graduate,No,8.8,533000,65000,398000,5,686,0,0.44,1472000,107000,Yes,Rural,Vehicle,Approved
SLR100618,32,Male,Yes,3+,Graduate,Yes,9.5,767000,330000,109000,10,623,1,0.19,749000,135000,No,Semiurban,Personal,Rejected
SLR100619,23,Male,Yes,1,Graduate,No,3.3,1051000,255000,1170000,5,798,0,0.75,1444000,332000,Yes,Urban,Home,Approved
SLR100620,27,Male,No,1,Graduate,Yes,5.9,403000,0,1123000,7,842,0,0.75,3013000,532000,Yes,Rural,Home,Approved
SLR100621,40,Male,Yes,0,Graduate,No,18.0,349000,71000,1625000,10,783,0,0.75,1134000,339000,Yes,Urban,Home,Approved
SLR100622,42,Male,Yes,1,Graduate,No,13.0,2138000,109000,818000,3,558,1,0.405,579000,207000,No,Rural,Home,Approved
SLR100623,28,Male,No,0,Graduate,Yes,8.4,763000,0,486000,20,640,0,0.602,928000,963000,No,Urban,Home,Approved
SLR100624,39,Male,Yes,3+,Graduate,No,10.7,472000,102000,1264000,20,743,2,0.75,2538000,670000,Yes,Rural,Medical,Approved
SLR100625,48,Male,No,3+,Graduate,No,14.9,1088000,0,412000,15,634,1,0.29,365000,216000,Yes,Rural,Personal,Rejected
SLR100626,31,Male,Yes,0,Graduate,No,7.2,464000,66000,274000,3,637,1,0.482,2416000,1300000,Yes,Semiurban,Personal,Rejected
SLR100627,36,Male,Yes,1,Graduate,No,12.9,658000,69000,591000,10,587,1,0.59,809000,251000,Yes,Semiurban,Personal,Rejected
SLR100628,37,Male,No,1,Graduate,No,13.7,402000,0,849000,15,663,0,0.75,3540000,282000,Yes,Rural,Personal,Approved
SLR100629,43,Male,Yes,1,Not Graduate,No,9.5,545000,1192000,383000,3,628,2,0.261,1697000,103000,Yes,Urban,Personal,Approved
SLR100630,37,Female,Yes,0,Graduate,No,12.8,473000,25000,329000,10,511,0,0.488,2272000,432000,Yes,Rural,Vehicle,Rejected
SLR100631,54,Male,No,1,Graduate,No,20.2,364000,0,496000,5,776,3,0.75,3003000,1632000,Yes,Semiurban,Personal,Approved
SLR100632,35,Female,No,2,Graduate,No,7.9,629000,0,850000,10,721,3,0.75,3520000,1582000,No,Urban,Home,Approved
SLR100633,40,Male,No,0,Graduate,No,12.2,387000,0,591000,10,590,0,0.75,2820000,263000,Yes,Urban,Home,Approved
SLR100634,38,Male,No,1,Graduate,No,11.8,755000,0,3607000,15,755,1,0.75,567000,227000,Yes,Semiurban,Home,Rejected
SLR100635,29,Female,Yes,0,Not Graduate,No,6.9,465000,165000,595000,7,700,1,0.54,2582000,356000,Yes,Semiurban,Home,Approved
SLR100636,51,Female,Yes,3+,Graduate,No,26.8,214000,274000,1059000,10,777,0,0.75,393000,1096000,Yes,Rural,Home,Approved
SLR100637,31,Female,Yes,0,Graduate,No,10.2,774000,96000,253000,5,745,1,0.238,454000,412000,No,Semiurban,Business,Approved
SLR100638,34,Male,Yes,0,Not Graduate,Yes,8.7,781000,251000,952000,10,632,3,0.618,1221000,663000,No,Urban,Home,Rejected
SLR100639,56,Female,No,0,Graduate,Yes,25.1,1900000,0,481000,15,740,1,0.349,4050000,611000,Yes,Semiurban,Personal,Approved
SLR100640,63,Male,Yes,2,Graduate,Yes,35.0,555000,74000,646000,10,743,2,0.75,1196000,866000,No,Semiurban,Medical,Approved
SLR100641,51,Male,Yes,2,Graduate,No,14.3,608000,178000,1946000,15,769,3,0.75,645000,697000,Yes,Semiurban,Education,Approved
SLR100642,62,Male,Yes,0,Graduate,No,28.7,716000,582000,510000,10,765,4,0.494,2308000,210000,Yes,Urban,Home,Approved
SLR100643,59,Female,Yes,0,Not Graduate,No,28.5,964000,55000,278000,7,846,3,0.371,870000,397000,Yes,Urban,Personal,Approved
SLR100644,42,Male,Yes,2,Graduate,No,8.8,931000,48000,307000,20,761,1,0.379,1996000,245000,No,Urban,Education,Approved
SLR100645,55,Female,Yes,0,Not Graduate,No,18.3,655000,158000,727000,5,631,0,0.688,1490000,740000,No,Semiurban,Education,Approved
SLR100646,35,Male,Yes,0,Graduate,Yes,11.9,540000,125000,702000,10,703,1,0.75,559000,530000,No,Semiurban,Medical,Approved
SLR100647,41,Female,Yes,3+,Not Graduate,No,11.2,874000,68000,683000,10,611,1,0.644,3690000,548000,Yes,Semiurban,Education,Rejected
SLR100648,45,Male,Yes,0,Not Graduate,No,14.9,528000,45000,282000,15,781,3,0.53,302000,468000,Yes,Urban,Education,Approved
SLR100649,64,Female,No,1,Not Graduate,No,29.2,271000,0,2426000,7,626,0,0.75,593000,104000,No,Semiurban,Home,Rejected
SLR100650,59,Male,Yes,0,Not Graduate,No,27.4,241000,182000,1684000,7,857,0,0.75,2369000,547000,Yes,Rural,Personal,Approved
SLR100651,43,Male,Yes,2,Graduate,No,19.9,468000,92000,707000,2,668,2,0.75,17606000,127000,Yes,Semiurban,Personal,Rejected
SLR100652,50,Male,Yes,2,Graduate,No,18.3,588000,306000,242000,20,687,3,0.391,271000,156000,No,Rural,Home,Rejected
SLR100653,30,Male,Yes,0,Graduate,No,7.0,2142000,108000,1821000,7,655,2,0.531,1189000,862000,Yes,Urban,Vehicle,Approved
SLR100654,57,Male,No,1,Graduate,No,14.2,515000,0,1361000,7,636,0,0.75,160000,257000,Yes,Semiurban,Vehicle,Rejected
SLR100655,45,Male,Yes,3+,Graduate,No,18.7,564000,150000,695000,5,650,2,0.75,1168000,117000,Yes,Rural,Business,Approved
SLR100656,44,Male,No,2,Graduate,No,20.8,440000,0,1417000,10,707,1,0.75,741000,213000,Yes,Rural,Home,Approved
SLR100657,55,Male,No,0,Not Graduate,Yes,18.6,773000,0,471000,5,691,0,0.441,1380000,635000,No,Urban,Personal,Approved
SLR100658,49,Male,Yes,1,Not Graduate,No,22.6,642000,45000,348000,10,658,2,0.554,4757000,240000,No,Semiurban,Personal,Rejected
SLR100659,24,Female,Yes,3+,Not Graduate,No,6.2,387000,77000,720000,10,713,2,0.75,2905000,852000,Yes,Urban,Medical,Rejected
SLR100660,33,Male,Yes,0,Graduate,No,7.2,315000,86000,237000,10,649,1,0.428,972000,725000,Yes,Urban,Business,Approved
SLR100661,28,Female,Yes,0,Not Graduate,No,4.5,441000,163000,316000,2,690,2,0.416,2527000,781000,Yes,Semiurban,Business,Approved
SLR100662,54,Female,Yes,0,Not Graduate,No,19.2,346000,199000,926000,15,822,0,0.75,1436000,590000,Yes,Rural,Business,Approved
SLR100663,22,Male,Yes,2,Not Graduate,No,1.3,484000,63000,760000,7,647,3,0.75,528000,127000,Yes,Rural,Personal,Rejected
SLR100664,30,Male,Yes,0,Not Graduate,No,10.3,595000,56000,265000,5,667,0,0.424,1281000,284000,Yes,Urban,Business,Approved
SLR100665,47,Male,Yes,0,Graduate,No,15.5,417000,128000,498000,5,603,0,0.75,2063000,497000,Yes,Urban,Personal,Rejected
SLR100666,52,Male,No,1,Graduate,No,17.1,1224000,0,272000,15,665,0,0.258,38211000,184000,Yes,Semiurban,Personal,Approved
SLR100667,43,Male,No,0,Not Graduate,No,17.8,1041000,0,473000,20,718,1,0.429,4435000,527000,Yes,Urban,Medical,Rejected
SLR100668,59,Male,No,0,Graduate,No,24.7,485000,0,441000,15,650,1,0.75,2594000,822000,Yes,Semiurban,Home,Rejected
SLR100669,62,Male,Yes,1,Not Graduate,Yes,26.4,324000,47000,1239000,15,605,0,0.75,273000,142000,Yes,Urban,Business,Rejected
SLR100670,26,Male,Yes,0,Not Graduate,No,7.3,541000,46000,587000,7,717,1,0.75,1621000,82000,Yes,Urban,Home,Approved
SLR100671,63,Female,No,3+,Not Graduate,No,29.1,511000,0,555000,7,725,0,0.75,4965000,378000,Yes,Urban,Vehicle,Approved
SLR100672,48,Male,No,0,Not Graduate,No,16.3,531000,0,504000,15,736,1,0.75,2252000,2468000,Yes,Urban,Personal,Approved
SLR100673,49,Male,Yes,2,Not Graduate,No,21.9,442000,65000,212000,7,597,1,0.409,3882000,336000,Yes,Semiurban,Vehicle,Rejected
SLR100674,25,Female,Yes,1,Not Graduate,No,4.8,309000,110000,610000,10,793,2,0.75,2188000,126000,Yes,Semiurban,Personal,Approved
SLR100675,48,Male,Yes,0,Graduate,No,12.6,561000,49000,890000,10,653,1,0.75,3490000,547000,Yes,Urban,Personal,Rejected
SLR100676,53,Male,No,0,Graduate,No,14.9,453000,0,756000,5,614,0,0.75,295000,456000,No,Urban,Personal,Rejected
SLR100677,47,Female,Yes,1,Graduate,Yes,18.9,476000,391000,1020000,5,767,1,0.75,6113000,555000,Yes,Semiurban,Business,Approved
SLR100678,24,Male,Yes,0,Graduate,No,10.0,579000,660000,1052000,5,790,1,0.65,2885000,2015000,Yes,Urban,Education,Approved
SLR100679,44,Male,Yes,0,Not Graduate,No,12.6,529000,101000,2713000,3,666,1,0.75,4026000,133000,No,Semiurban,Medical,Approved
SLR100680,63,Male,Yes,3+,Not Graduate,No,35.0,572000,170000,312000,7,628,1,0.483,1573000,641000,No,Semiurban,Home,Rejected
SLR100681,53,Female,Yes,1,Graduate,No,22.2,442000,164000,757000,5,723,2,0.75,2262000,345000,No,Semiurban,Home,Rejected
SLR100682,27,Male,No,3+,Graduate,No,8.8,670000,0,814000,3,590,1,0.75,2702000,490000,Yes,Rural,Business,Approved
SLR100683,64,Male,Yes,0,Graduate,No,24.9,371000,48000,528000,5,881,3,0.75,1194000,204000,Yes,Semiurban,Home,Approved
SLR100684,64,Male,Yes,0,Not Graduate,No,35.0,302000,19000,431000,10,613,3,0.75,683000,115000,Yes,Rural,Business,Approved
SLR100685,28,Male,Yes,1,Graduate,No,1.2,337000,172000,899000,15,717,1,0.75,514000,1317000,No,Urban,Personal,Approved
SLR100686,57,Male,No,0,Graduate,No,23.9,379000,0,845000,7,678,0,0.75,1245000,1476000,Yes,Rural,Education,Rejected
SLR100687,39,Female,Yes,0,Graduate,Yes,16.7,271000,282000,328000,10,621,3,0.649,640000,1666000,Yes,Urban,Education,Rejected
SLR100688,47,Female,Yes,0,Graduate,No,12.4,217000,124000,202000,10,620,5,0.658,728000,195000,No,Urban,Business,Rejected
SLR100689,41,Male,Yes,0,Graduate,No,19.8,725000,111000,472000,10,775,0,0.428,5254000,311000,No,Urban,Personal,Approved
SLR100690,56,Male,No,2,Not Graduate,No,25.0,1108000,0,420000,20,718,0,0.243,6026000,932000,No,Urban,Medical,Approved
SLR100691,65,Male,No,0,Not Graduate,No,35.0,747000,0,962000,10,638,1,0.75,1018000,310000,Yes,Semiurban,Home,Approved
SLR100692,56,Male,No,3+,Graduate,No,25.2,422000,0,357000,7,648,3,0.75,4514000,203000,Yes,Semiurban,Personal,Rejected
SLR100693,62,Male,Yes,0,Graduate,No,34.7,214000,126000,579000,15,629,0,0.75,1181000,490000,Yes,Semiurban,Personal,Rejected
SLR100694,63,Male,No,0,Graduate,No,26.4,611000,0,214000,10,756,4,0.423,997000,131000,Yes,Rural,Personal,Approved
SLR100695,25,Male,No,0,Graduate,No,7.0,227000,0,237000,7,759,1,0.75,1951000,82000,Yes,Semiurban,Vehicle,Approved
SLR100696,32,Male,Yes,1,Graduate,Yes,10.2,524000,106000,394000,10,730,0,0.564,715000,2297000,Yes,Urban,Education,Approved
SLR100697,53,Male,Yes,2,Graduate,No,18.4,354000,165000,552000,5,709,2,0.75,1034000,276000,Yes,Semiurban,Home,Approved
SLR100698,47,Male,Yes,2,Graduate,No,23.5,157000,267000,381000,10,737,0,0.602,4681000,676000,Yes,Semiurban,Business,Approved
SLR100699,23,Male,Yes,0,Not Graduate,No,0.4,1242000,32000,713000,15,566,1,0.442,1886000,281000,No,Urban,Vehicle,Approved
SLR100700,25,Female,Yes,0,Graduate,No,3.4,276000,95000,215000,10,711,2,0.547,1970000,424000,Yes,Semiurban,Business,Approved
SLR100701,44,Female,Yes,2,Not Graduate,No,21.3,452000,84000,565000,5,770,1,0.709,1140000,366000,Yes,Urban,Business,Approved
SLR100702,48,Female,No,0,Graduate,No,16.8,512000,0,569000,7,707,2,0.636,1051000,106000,Yes,Semiurban,Education,Approved
SLR100703,28,Female,Yes,1,Graduate,Yes,3.9,425000,49000,254000,15,694,1,0.441,1551000,217000,Yes,Urban,Medical,Approved
SLR100704,28,Male,Yes,0,Graduate,No,8.8,710000,67000,754000,7,642,3,0.75,2814000,624000,Yes,Urban,Business,Rejected
SLR100705,26,Female,Yes,0,Graduate,No,5.4,366000,50000,159000,20,647,1,0.342,1905000,456000,Yes,Semiurban,Medical,Rejected
SLR100706,46,Male,Yes,0,Graduate,No,19.0,679000,232000,416000,2,651,1,0.449,2419000,346000,Yes,Urban,Personal,Rejected
SLR100707,21,Male,Yes,0,Not Graduate,No,2.7,655000,162000,1084000,10,707,1,0.75,276000,69000,Yes,Urban,Medical,Rejected
SLR100708,46,Male,Yes,3+,Not Graduate,No,23.5,258000,154000,153000,5,654,1,0.442,567000,528000,Yes,Urban,Business,Approved
SLR100709,42,Male,Yes,1,Graduate,No,14.1,626000,26000,1005000,10,553,1,0.75,806000,243000,Yes,Rural,Home,Rejected
SLR100710,41,Male,No,3+,Graduate,No,19.7,308000,0,305000,20,750,1,0.695,2070000,214000,No,Semiurban,Education,Approved
SLR100711,51,Male,Yes,2,Graduate,No,12.8,290000,87000,443000,7,729,2,0.75,1943000,180000,No,Rural,Education,Approved
SLR100712,44,Male,No,0,Not Graduate,No,14.8,645000,0,1622000,7,717,0,0.75,2511000,374000,Yes,Semiurban,Vehicle,Approved
SLR100713,53,Female,No,1,Graduate,No,21.6,439000,0,432000,15,620,3,0.75,1026000,321000,Yes,Urban,Vehicle,Rejected
SLR100714,55,Male,Yes,0,Graduate,No,22.9,675000,100000,1856000,7,653,2,0.75,1542000,254000,Yes,Semiurban,Vehicle,Approved
SLR100715,62,Male,Yes,2,Not Graduate,No,31.1,678000,615000,533000,7,729,0,0.329,6895000,1031000,Yes,Urban,Home,Approved
SLR100716,56,Female,Yes,0,Not Graduate,No,25.1,251000,189000,615000,5,692,3,0.75,1442000,361000,Yes,Semiurban,Personal,Approved
SLR100717,44,Male,No,3+,Graduate,No,20.1,827000,0,1124000,7,638,1,0.75,263000,109000,Yes,Semiurban,Business,Approved
SLR100718,43,Male,Yes,1,Graduate,No,15.4,643000,88000,926000,10,787,1,0.75,2166000,211000,Yes,Rural,Home,Approved
SLR100719,31,Male,Yes,1,Graduate,No,8.5,398000,274000,718000,7,626,2,0.75,4061000,415000,Yes,Semiurban,Personal,Rejected
SLR100720,47,Male,No,1,Graduate,No,25.8,510000,0,481000,5,466,3,0.75,3912000,599000,Yes,Rural,Home,Rejected
SLR100721,27,Male,Yes,1,Graduate,Yes,7.1,840000,89000,237000,2,697,0,0.275,1042000,158000,No,Urban,Personal,Approved
SLR100722,62,Female,No,1,Not Graduate,No,20.8,461000,0,245000,5,700,0,0.455,1108000,158000,No,Urban,Vehicle,Approved
SLR100723,59,Female,Yes,1,Graduate,Yes,27.5,1760000,66000,1526000,15,694,1,0.676,2766000,517000,Yes,Urban,Personal,Approved
SLR100724,26,Male,No,0,Not Graduate,No,6.4,1249000,0,1962000,20,720,2,0.75,1590000,372000,No,Rural,Business,Approved
SLR100725,56,Male,Yes,1,Graduate,Yes,21.9,586000,495000,707000,7,648,0,0.46,2291000,471000,Yes,Urban,Business,Rejected
SLR100726,26,Female,Yes,0,Not Graduate,No,2.9,485000,269000,205000,15,767,1,0.305,835000,203000,Yes,Rural,Personal,Approved
SLR100727,53,Male,No,1,Graduate,No,33.3,497000,0,393000,2,588,0,0.743,1944000,681000,Yes,Semiurban,Home,Approved
SLR100728,24,Male,Yes,1,Graduate,No,3.5,395000,77000,381000,15,688,1,0.696,863000,649000,Yes,Urban,Home,Approved
SLR100729,42,Male,No,0,Graduate,No,15.5,589000,0,453000,5,643,0,0.469,1155000,579000,Yes,Semiurban,Personal,Approved
SLR100730,50,Male,No,2,Graduate,Yes,14.6,803000,0,366000,5,766,1,0.497,529000,242000,No,Semiurban,Home,Approved
SLR100731,53,Male,Yes,1,Graduate,Yes,25.6,262000,502000,912000,5,630,2,0.75,674000,238000,No,Urban,Personal,Rejected
SLR100732,39,Male,Yes,1,Graduate,No,15.5,783000,151000,763000,7,695,2,0.75,385000,302000,No,Rural,Home,Approved
SLR100733,62,Male,No,1,Not Graduate,No,23.2,919000,0,1815000,10,696,3,0.75,341000,85000,No,Urban,Business,Rejected
SLR100734,55,Male,Yes,1,Not Graduate,No,27.3,753000,141000,505000,2,705,1,0.6,601000,252000,Yes,Urban,Business,Approved
SLR100735,30,Male,No,2,Graduate,No,12.0,512000,0,740000,5,635,0,0.75,2048000,698000,No,Urban,Vehicle,Rejected
SLR100736,51,Male,Yes,0,Graduate,Yes,19.3,736000,130000,1052000,10,717,3,0.75,1732000,178000,Yes,Semiurban,Business,Approved
SLR100737,53,Female,No,0,Graduate,No,23.6,1124000,0,1263000,10,692,0,0.75,2964000,1473000,Yes,Urban,Personal,Approved
SLR100738,36,Male,Yes,1,Graduate,No,12.9,533000,312000,291000,5,716,0,0.267,925000,126000,Yes,Semiurban,Home,Approved
SLR100739,54,Male,No,0,Graduate,No,32.5,557000,0,846000,5,808,1,0.75,359000,161000,Yes,Urban,Personal,Approved
SLR100740,61,Male,Yes,0,Graduate,No,28.6,1777000,76000,715000,10,699,2,0.283,1919000,197000,Yes,Semiurban,Business,Approved
SLR100741,57,Female,Yes,0,Graduate,No,21.3,651000,230000,791000,10,615,2,0.641,1374000,542000,No,Rural,Business,Rejected
SLR100742,55,Male,No,0,Graduate,No,20.4,316000,0,676000,7,837,0,0.75,1235000,259000,No,Rural,Vehicle,Approved
SLR100743,49,Female,No,3+,Graduate,No,8.5,889000,0,1979000,7,763,0,0.75,524000,128000,No,Semiurban,Vehicle,Approved
SLR100744,33,Male,Yes,0,Graduate,No,12.9,686000,15000,364000,7,739,3,0.541,1003000,524000,Yes,Urban,Personal,Rejected
SLR100745,56,Male,No,0,Graduate,No,20.5,384000,0,351000,7,676,2,0.75,2567000,422000,No,Urban,Medical,Rejected
SLR100746,37,Male,Yes,3+,Not Graduate,No,12.3,300000,193000,381000,15,745,0,0.61,472000,185000,Yes,Semiurban,Personal,Approved
SLR100747,44,Male,Yes,3+,Graduate,No,22.9,627000,73000,538000,15,536,4,0.675,268000,1365000,Yes,Urban,Medical,Rejected
SLR100748,35,Female,Yes,0,Graduate,No,12.4,532000,188000,787000,10,806,1,0.75,1591000,614000,Yes,Semiurban,Vehicle,Approved
SLR100749,35,Female,Yes,3+,Not Graduate,No,14.1,277000,118000,483000,5,757,1,0.727,674000,541000,Yes,Urban,Medical,Approved
SLR100750,28,Male,Yes,0,Graduate,No,6.6,524000,287000,1250000,20,677,2,0.75,2720000,212000,Yes,Rural,Education,Rejected
SLR100751,64,Female,Yes,2,Graduate,No,27.9,506000,67000,649000,3,755,1,0.75,1032000,151000,No,Urban,Education,Rejected
SLR100752,27,Male,Yes,0,Graduate,No,9.7,531000,99000,611000,20,736,1,0.636,544000,1088000,Yes,Semiurban,Vehicle,Approved
SLR100753,24,Male,No,0,Graduate,Yes,7.0,721000,0,274000,7,614,0,0.402,1588000,168000,No,Urban,Business,Rejected
SLR100754,63,Male,No,0,Graduate,No,24.4,209000,0,2123000,10,703,4,0.75,1351000,522000,Yes,Rural,Education,Rejected
SLR100755,45,Male,No,2,Not Graduate,Yes,19.8,298000,0,630000,7,718,2,0.75,1352000,722000,No,Rural,Personal,Rejected
SLR100756,40,Female,Yes,0,Graduate,No,16.3,421000,259000,1884000,5,680,1,0.75,527000,112000,Yes,Semiurban,Home,Rejected
SLR100757,54,Male,No,1,Graduate,No,27.4,1141000,0,434000,5,674,3,0.517,4134000,291000,Yes,Urban,Personal,Approved
SLR100758,38,Male,Yes,2,Graduate,No,10.2,2023000,85000,1115000,3,758,1,0.334,816000,158000,Yes,Semiurban,Home,Approved
SLR100759,26,Male,No,0,Graduate,No,1.7,551000,0,451000,5,703,0,0.564,5081000,462000,Yes,Rural,Home,Approved
SLR100760,53,Male,Yes,3+,Not Graduate,No,20.0,564000,123000,2120000,5,831,3,0.75,298000,178000,Yes,Rural,Home,Approved
SLR100761,28,Male,Yes,0,Graduate,No,1.3,143000,589000,1347000,7,641,4,0.75,3041000,169000,No,Semiurban,Medical,Rejected
SLR100762,45,Male,Yes,0,Not Graduate,No,21.8,904000,7000,1129000,15,721,1,0.75,2190000,120000,Yes,Urban,Home,Approved
SLR100763,63,Male,No,0,Graduate,No,23.6,704000,0,406000,3,621,1,0.488,1066000,324000,Yes,Rural,Home,Rejected
SLR100764,63,Male,No,0,Graduate,No,33.2,643000,0,2245000,10,741,1,0.75,312000,89000,No,Semiurban,Education,Approved
SLR100765,37,Male,No,0,Graduate,No,11.2,277000,0,2445000,5,606,2,0.75,1468000,1128000,Yes,Urban,Vehicle,Rejected
SLR100766,56,Male,No,1,Graduate,Yes,26.7,1634000,0,508000,10,712,2,0.387,263000,290000,Yes,Rural,Education,Rejected
SLR100767,48,Male,No,1,Graduate,No,20.0,1269000,0,722000,10,779,0,0.406,923000,660000,Yes,Rural,Medical,Approved
SLR100768,42,Female,Yes,1,Graduate,No,10.2,647000,96000,1187000,10,694,1,0.75,2828000,321000,No,Urban,Home,Approved
SLR100769,27,Female,No,0,Graduate,No,5.5,949000,0,180000,2,616,0,0.227,1164000,437000,Yes,Urban,Home,Approved
SLR100770,37,Male,Yes,2,Graduate,No,15.2,566000,254000,1369000,2,761,2,0.75,1162000,121000,Yes,Urban,Home,Approved
SLR100771,50,Female,Yes,0,Graduate,Yes,22.4,864000,178000,1264000,5,717,0,0.75,4810000,525000,No,Semiurban,Home,Approved
SLR100772,65,Male,Yes,1,Not Graduate,No,29.6,268000,114000,451000,20,684,3,0.75,1567000,131000,Yes,Urban,Vehicle,Approved
SLR100773,21,Male,No,3+,Graduate,No,0.0,157000,0,156000,5,617,0,0.75,6504000,1011000,Yes,Rural,Business,Approved
SLR100774,53,Male,No,0,Graduate,No,25.2,274000,0,807000,10,569,3,0.75,1033000,225000,No,Urban,Personal,Rejected
SLR100775,59,Male,Yes,1,Graduate,No,25.0,353000,115000,311000,5,859,1,0.629,3476000,590000,No,Rural,Education,Approved
SLR100776,63,Female,Yes,3+,Graduate,No,27.3,386000,153000,232000,7,647,0,0.438,1213000,127000,Yes,Semiurban,Home,Approved
SLR100777,40,Male,Yes,1,Graduate,No,13.6,704000,182000,827000,7,616,0,0.606,1897000,616000,No,Rural,Business,Rejected
SLR100778,26,Male,No,3+,Graduate,No,4.7,477000,0,1531000,5,714,2,0.75,661000,88000,No,Urban,Home,Approved
SLR100779,33,Male,No,0,Graduate,No,14.3,541000,0,564000,5,614,2,0.75,1740000,94000,No,Urban,Medical,Rejected
SLR100780,59,Male,Yes,1,Graduate,No,31.1,287000,53000,1404000,5,727,1,0.75,1846000,778000,Yes,Rural,Business,Approved
SLR100781,60,Male,Yes,0,Graduate,No,28.8,273000,108000,1001000,5,791,0,0.75,1556000,719000,Yes,Urban,Education,Approved
SLR100782,49,Male,Yes,0,Graduate,No,13.0,563000,222000,266000,7,611,1,0.323,292000,236000,Yes,Urban,Home,Approved
SLR100783,26,Male,Yes,3+,Not Graduate,No,3.1,408000,52000,453000,15,668,2,0.75,3505000,253000,Yes,Urban,Home,Rejected
SLR100784,26,Male,Yes,0,Graduate,No,5.3,551000,241000,1311000,5,722,2,0.75,1835000,304000,Yes,Semiurban,Education,Rejected
SLR100785,42,Male,Yes,3+,Not Graduate,Yes,12.8,742000,140000,451000,5,599,1,0.454,2068000,426000,Yes,Rural,Home,Rejected
SLR100786,47,Male,Yes,1,Graduate,Yes,14.7,1355000,346000,1107000,5,622,1,0.483,5426000,749000,No,Semiurban,Business,Approved
SLR100787,22,Male,Yes,3+,Graduate,Yes,1.3,544000,196000,498000,15,681,1,0.572,1301000,259000,No,Urban,Business,Approved
SLR100788,51,Male,No,3+,Not Graduate,Yes,16.9,1491000,0,1039000,5,837,1,0.687,2565000,97000,Yes,Semiurban,Home,Approved
SLR100789,45,Male,Yes,1,Graduate,No,19.5,688000,144000,859000,15,626,1,0.704,2786000,317000,Yes,Semiurban,Personal,Rejected
SLR100790,21,Male,Yes,3+,Not Graduate,Yes,0.0,804000,149000,553000,5,669,0,0.406,1086000,188000,Yes,Urban,Medical,Approved
SLR100791,25,Male,No,2,Graduate,No,5.6,982000,0,1020000,5,876,0,0.75,1401000,962000,Yes,Urban,Personal,Approved
SLR100792,41,Female,No,1,Graduate,No,12.2,817000,0,160000,5,750,1,0.304,684000,251000,No,Urban,Business,Approved
SLR100793,53,Male,Yes,1,Not Graduate,No,28.4,354000,107000,321000,7,563,3,0.65,154000,883000,Yes,Semiurban,Home,Rejected
SLR100794,58,Male,Yes,0,Graduate,No,31.7,998000,103000,481000,7,672,3,0.546,709000,329000,Yes,Rural,Personal,Rejected
SLR100795,40,Male,No,0,Not Graduate,Yes,16.1,448000,0,1393000,7,734,0,0.75,403000,202000,No,Rural,Vehicle,Approved
SLR100796,34,Female,Yes,0,Not Graduate,No,10.2,649000,48000,254000,20,799,1,0.288,361000,869000,No,Rural,Vehicle,Approved
SLR100797,64,Female,No,1,Graduate,No,29.0,592000,0,636000,10,794,0,0.683,738000,182000,No,Urban,Business,Rejected
SLR100798,41,Male,Yes,0,Graduate,No,12.1,1032000,53000,799000,15,732,0,0.549,11711000,339000,Yes,Rural,Business,Approved
SLR100799,35,Male,Yes,1,Not Graduate,No,8.3,683000,59000,763000,15,744,1,0.75,489000,257000,Yes,Semiurban,Vehicle,Approved
SLR100800,40,Male,Yes,1,Graduate,No,18.1,257000,228000,610000,7,593,1,0.75,2209000,177000,Yes,Rural,Home,Approved
SLR100801,21,Female,No,1,Not Graduate,No,3.0,1738000,0,434000,15,638,0,0.286,257000,435000,Yes,Rural,Education,Rejected
SLR100802,34,Male,Yes,3+,Graduate,No,3.0,871000,66000,554000,7,593,4,0.542,1819000,210000,No,Urban,Home,Approved
SLR100803,44,Male,Yes,3+,Graduate,No,11.7,406000,106000,1225000,10,767,0,0.75,2560000,174000,No,Urban,Personal,Approved
SLR100804,62,Female,Yes,3+,Graduate,Yes,22.0,294000,99000,416000,10,718,2,0.75,511000,294000,Yes,Semiurban,Personal,Approved
SLR100805,54,Male,No,1,Not Graduate,Yes,21.7,927000,0,160000,10,698,1,0.259,776000,208000,Yes,Rural,Personal,Rejected
SLR100806,56,Male,Yes,0,Not Graduate,No,23.7,314000,36000,880000,7,806,0,0.75,601000,244000,Yes,Urban,Personal,Approved
SLR100807,45,Male,No,3+,Graduate,No,26.3,854000,0,1719000,2,730,1,0.75,2180000,301000,Yes,Semiurban,Vehicle,Approved
SLR100808,25,Male,No,0,Graduate,No,9.7,990000,0,328000,20,775,0,0.357,1804000,542000,No,Urban,Vehicle,Approved
SLR100809,38,Male,Yes,0,Graduate,No,9.5,385000,58000,1574000,2,747,1,0.75,2855000,233000,Yes,Urban,Vehicle,Approved
SLR100810,65,Male,No,0,Graduate,No,35.0,366000,0,912000,3,754,1,0.75,1208000,119000,Yes,Semiurban,Home,Approved
SLR100811,22,Female,No,1,Graduate,Yes,4.3,425000,0,307000,2,612,2,0.595,350000,505000,Yes,Urban,Home,Rejected
SLR100812,60,Female,Yes,2,Graduate,No,28.8,319000,221000,411000,10,763,2,0.75,512000,207000,Yes,Rural,Business,Approved
SLR100813,51,Male,Yes,0,Graduate,No,12.6,624000,523000,400000,5,725,1,0.409,409000,443000,No,Urban,Home,Approved
SLR100814,33,Male,Yes,2,Graduate,No,3.6,675000,232000,725000,15,659,4,0.679,640000,812000,Yes,Urban,Home,Approved
SLR100815,56,Male,Yes,0,Graduate,No,30.1,821000,76000,578000,10,741,1,0.706,820000,322000,Yes,Semiurban,Business,Approved
SLR100816,58,Male,Yes,0,Graduate,No,21.5,348000,142000,1334000,15,786,0,0.75,910000,166000,Yes,Urban,Vehicle,Approved
SLR100817,22,Female,No,0,Graduate,No,2.2,873000,0,1129000,5,683,1,0.75,1213000,280000,Yes,Urban,Education,Rejected
SLR100818,25,Male,No,0,Not Graduate,No,6.2,319000,0,238000,7,634,0,0.624,257000,180000,Yes,Urban,Medical,Rejected
SLR100819,50,Male,Yes,2,Graduate,Yes,20.1,873000,346000,258000,10,637,3,0.333,2884000,174000,Yes,Semiurban,Vehicle,Approved
SLR100820,65,Male,Yes,0,Graduate,No,30.8,243000,598000,969000,5,585,2,0.75,1785000,246000,No,Urban,Personal,Approved
SLR100821,22,Male,Yes,0,Not Graduate,No,2.7,1303000,37000,465000,7,677,1,0.35,984000,125000,Yes,Semiurban,Business,Rejected
SLR100822,50,Male,Yes,0,Graduate,No,18.6,413000,380000,580000,10,734,2,0.75,844000,141000,Yes,Urban,Vehicle,Approved
SLR100823,27,Male,Yes,2,Not Graduate,Yes,4.2,765000,75000,927000,10,820,3,0.75,866000,571000,Yes,Rural,Home,Approved
SLR100824,50,Female,No,3+,Graduate,No,22.8,799000,0,1136000,20,630,4,0.75,995000,372000,No,Semiurban,Education,Rejected
SLR100825,49,Male,No,1,Graduate,No,17.2,274000,0,292000,7,717,1,0.75,2067000,424000,Yes,Urban,Education,Rejected
SLR100826,25,Female,Yes,1,Graduate,No,6.6,871000,414000,153000,5,692,3,0.252,1201000,588000,No,Semiurban,Home,Rejected
SLR100827,51,Male,No,3+,Graduate,No,25.6,406000,0,604000,15,689,1,0.75,1784000,77000,Yes,Urban,Home,Approved
SLR100828,61,Female,Yes,0,Graduate,Yes,32.8,465000,167000,373000,20,575,4,0.603,1490000,257000,No,Urban,Vehicle,Rejected
SLR100829,59,Male,No,0,Graduate,Yes,31.9,380000,0,679000,7,614,0,0.75,807000,1100000,No,Urban,Home,Approved
SLR100830,22,Male,Yes,1,Graduate,No,0.0,1336000,269000,614000,3,826,2,0.387,325000,1286000,Yes,Semiurban,Business,Approved
SLR100831,32,Female,Yes,0,Graduate,Yes,7.3,289000,181000,345000,5,766,0,0.464,4775000,191000,Yes,Urban,Personal,Approved
SLR100832,31,Male,Yes,1,Not Graduate,No,8.0,697000,271000,2524000,10,711,3,0.75,2416000,162000,Yes,Semiurban,Business,Rejected
SLR100833,41,Male,Yes,1,Graduate,No,16.3,390000,74000,657000,2,725,3,0.75,4411000,64000,Yes,Semiurban,Personal,Rejected
SLR100834,27,Male,Yes,0,Not Graduate,No,8.9,1002000,30000,448000,5,746,2,0.43,886000,235000,Yes,Rural,Home,Approved
SLR100835,59,Male,Yes,1,Graduate,No,28.9,1972000,517000,694000,5,656,5,0.442,1883000,518000,Yes,Urban,Medical,Approved
SLR100836,55,Male,No,0,Graduate,No,19.9,389000,0,917000,15,659,2,0.75,802000,670000,No,Rural,Home,Rejected
SLR100837,57,Male,No,0,Graduate,No,26.7,594000,0,431000,7,644,1,0.65,2518000,115000,Yes,Semiurban,Vehicle,Rejected
SLR100838,29,Female,Yes,2,Graduate,Yes,7.8,445000,92000,2937000,7,703,0,0.75,5731000,279000,Yes,Urban,Business,Rejected
SLR100839,21,Male,Yes,2,Not Graduate,No,3.7,973000,80000,242000,10,604,2,0.414,5470000,213000,Yes,Urban,Home,Rejected
SLR100840,61,Male,No,0,Graduate,No,30.1,480000,0,253000,15,640,2,0.455,1443000,137000,No,Semiurban,Personal,Rejected
SLR100841,34,Male,Yes,0,Graduate,No,8.5,905000,174000,230000,5,728,2,0.155,2712000,199000,No,Semiurban,Business,Approved
SLR100842,50,Female,Yes,0,Not Graduate,Yes,22.0,442000,175000,652000,5,664,1,0.75,2226000,636000,No,Urban,Home,Rejected
SLR100843,61,Male,No,0,Graduate,No,29.3,1889000,0,884000,5,559,1,0.414,1584000,476000,Yes,Urban,Vehicle,Rejected
SLR100844,22,Male,Yes,0,Graduate,No,6.8,165000,187000,524000,5,662,1,0.75,2059000,431000,Yes,Urban,Home,Approved
SLR100845,21,Male,No,0,Not Graduate,Yes,1.7,677000,0,882000,3,731,0,0.75,698000,944000,Yes,Rural,Medical,Rejected
SLR100846,21,Male,Yes,2,Graduate,No,0.0,547000,86000,875000,7,699,0,0.75,351000,296000,Yes,Urban,Vehicle,Rejected
SLR100847,28,Female,Yes,2,Graduate,Yes,9.3,536000,294000,514000,5,563,0,0.434,2064000,288000,No,Semiurban,Home,Approved
SLR100848,23,Male,Yes,2,Not Graduate,No,1.1,643000,79000,858000,15,767,2,0.75,522000,457000,Yes,Semiurban,Business,Approved
SLR100849,57,Female,Yes,1,Graduate,Yes,23.5,568000,78000,572000,2,672,1,0.596,653000,145000,Yes,Urban,Personal,Approved
SLR100850,48,Male,Yes,2,Graduate,No,16.6,620000,252000,498000,20,715,1,0.386,941000,629000,Yes,Semiurban,Vehicle,Approved
SLR100851,65,Male,No,2,Graduate,No,30.2,688000,0,470000,2,768,2,0.683,5418000,528000,No,Semiurban,Vehicle,Approved
SLR100852,57,Male,No,3+,Not Graduate,Yes,21.6,1439000,0,756000,5,681,0,0.367,1317000,437000,No,Semiurban,Home,Approved
SLR100853,64,Male,No,2,Graduate,No,28.3,120000,0,1434000,10,547,1,0.75,633000,184000,Yes,Semiurban,Personal,Rejected
SLR100854,31,Male,Yes,2,Graduate,Yes,7.4,1519000,295000,297000,15,822,2,0.282,461000,558000,No,Urban,Home,Approved
SLR100855,33,Male,Yes,2,Graduate,No,9.2,2248000,192000,476000,3,524,1,0.287,1193000,1280000,No,Urban,Vehicle,Rejected
SLR100856,59,Male,No,1,Graduate,Yes,24.3,210000,0,722000,15,665,3,0.75,1153000,495000,Yes,Urban,Vehicle,Rejected
SLR100857,32,Male,No,0,Graduate,No,8.7,565000,0,2036000,10,787,1,0.75,489000,207000,No,Semiurban,Business,Approved
SLR100858,23,Male,Yes,0,Graduate,No,0.4,1169000,145000,861000,7,638,2,0.47,1578000,1339000,Yes,Semiurban,Vehicle,Approved
SLR100859,51,Male,No,0,Graduate,No,21.8,912000,0,383000,10,642,2,0.364,319000,462000,Yes,Rural,Personal,Approved
SLR100860,57,Male,Yes,0,Graduate,No,31.9,1383000,58000,357000,5,674,3,0.281,531000,1301000,No,Urban,Vehicle,Approved
SLR100861,64,Male,Yes,0,Graduate,No,28.3,675000,74000,1233000,5,676,1,0.75,4769000,151000,Yes,Urban,Personal,Approved
SLR100862,62,Male,No,0,Graduate,No,22.9,180000,0,530000,2,625,0,0.75,488000,190000,Yes,Semiurban,Home,Approved
SLR100863,26,Male,Yes,0,Graduate,No,5.0,1127000,324000,292000,2,642,1,0.229,1239000,619000,No,Semiurban,Business,Approved
SLR100864,55,Male,Yes,3+,Graduate,No,16.7,780000,51000,1256000,7,771,1,0.75,1975000,40000,No,Semiurban,Education,Approved
SLR100865,59,Male,Yes,0,Graduate,No,34.3,1232000,57000,794000,2,650,1,0.613,7185000,1496000,No,Urban,Home,Rejected
SLR100866,52,Male,No,0,Graduate,No,27.2,237000,0,299000,3,728,2,0.75,5500000,916000,No,Urban,Medical,Approved
SLR100867,57,Male,Yes,0,Not Graduate,No,21.3,282000,86000,272000,3,622,1,0.61,2509000,190000,Yes,Rural,Medical,Approved
SLR100868,58,Male,No,0,Graduate,No,29.6,555000,0,159000,10,794,3,0.284,530000,882000,No,Urban,Business,Approved
SLR100869,41,Male,Yes,1,Graduate,No,15.9,1145000,86000,434000,10,760,0,0.432,590000,348000,Yes,Semiurban,Education,Approved
SLR100870,22,Male,Yes,1,Graduate,Yes,2.0,1334000,190000,792000,10,683,0,0.576,908000,275000,Yes,Urban,Medical,Rejected
SLR100871,41,Female,Yes,0,Graduate,Yes,18.6,369000,40000,1214000,20,738,2,0.75,12510000,153000,Yes,Urban,Education,Approved
SLR100872,30,Male,Yes,1,Graduate,No,8.4,440000,186000,857000,20,804,3,0.75,2183000,757000,Yes,Rural,Medical,Approved
SLR100873,26,Female,Yes,0,Not Graduate,No,3.3,2669000,22000,278000,5,615,0,0.232,1327000,579000,Yes,Urban,Business,Approved
SLR100874,26,Male,Yes,1,Graduate,No,2.4,406000,252000,541000,5,611,1,0.562,1652000,418000,Yes,Rural,Business,Rejected
SLR100875,52,Male,Yes,3+,Graduate,No,18.5,797000,117000,1646000,7,718,2,0.75,4755000,134000,Yes,Semiurban,Personal,Approved
SLR100876,43,Male,Yes,3+,Graduate,No,12.5,429000,171000,466000,2,593,2,0.658,807000,506000,Yes,Semiurban,Medical,Rejected
SLR100877,45,Male,No,0,Graduate,No,17.3,714000,0,1071000,5,574,4,0.75,1490000,738000,Yes,Urban,Vehicle,Rejected
SLR100878,54,Female,No,2,Graduate,No,20.6,342000,0,989000,15,570,2,0.75,1135000,1366000,Yes,Semiurban,Personal,Rejected
SLR100879,45,Male,Yes,2,Not Graduate,No,15.1,347000,358000,1065000,7,701,1,0.75,727000,300000,Yes,Urban,Home,Approved
SLR100880,49,Female,Yes,2,Not Graduate,No,17.0,449000,157000,860000,7,537,2,0.75,1113000,223000,Yes,Semiurban,Home,Rejected
SLR100881,24,Male,Yes,0,Graduate,No,1.1,408000,220000,1063000,10,660,1,0.75,1911000,146000,Yes,Urban,Vehicle,Approved
SLR100882,59,Female,Yes,1,Graduate,No,29.8,465000,63000,248000,15,433,0,0.5,1813000,368000,Yes,Urban,Personal,Rejected
SLR100883,41,Female,Yes,0,Graduate,No,14.0,734000,145000,1741000,15,723,0,0.75,4893000,665000,No,Rural,Personal,Approved
SLR100884,27,Male,Yes,0,Graduate,Yes,4.1,1556000,42000,201000,15,728,0,0.155,794000,1632000,Yes,Urban,Personal,Approved
SLR100885,57,Male,Yes,1,Graduate,No,23.6,397000,135000,796000,5,674,2,0.75,1721000,510000,Yes,Urban,Home,Approved
SLR100886,54,Male,Yes,1,Graduate,Yes,27.5,319000,57000,630000,10,779,0,0.75,475000,993000,Yes,Urban,Education,Approved
SLR100887,23,Male,No,0,Not Graduate,No,0.0,553000,0,433000,3,750,1,0.75,1301000,385000,Yes,Semiurban,Personal,Approved
SLR100888,29,Female,Yes,2,Graduate,No,9.4,344000,195000,345000,20,631,1,0.547,348000,607000,Yes,Urban,Medical,Approved
SLR100889,21,Male,Yes,1,Not Graduate,No,3.2,224000,348000,929000,5,624,1,0.75,2135000,223000,No,Semiurban,Medical,Rejected
SLR100890,33,Male,Yes,3+,Not Graduate,No,8.2,988000,98000,1094000,7,756,0,0.716,7126000,427000,Yes,Urban,Home,Approved
SLR100891,25,Male,No,2,Graduate,No,8.6,575000,0,608000,20,741,0,0.75,3525000,154000,No,Urban,Personal,Approved
SLR100892,52,Male,Yes,2,Graduate,Yes,20.2,607000,248000,539000,10,670,3,0.572,981000,824000,Yes,Semiurban,Home,Approved
SLR100893,44,Female,Yes,2,Graduate,No,19.0,191000,51000,1495000,5,558,2,0.75,3347000,1887000,Yes,Semiurban,Personal,Rejected
SLR100894,65,Male,No,0,Not Graduate,Yes,29.9,399000,0,494000,3,760,2,0.75,366000,395000,No,Urban,Personal,Approved
SLR100895,54,Female,Yes,0,Graduate,No,26.1,252000,261000,632000,7,695,0,0.75,2066000,246000,Yes,Urban,Home,Rejected
SLR100896,48,Female,Yes,3+,Not Graduate,No,21.1,544000,101000,569000,10,686,0,0.519,13715000,7727000,No,Semiurban,Medical,Approved
SLR100897,43,Male,Yes,0,Graduate,No,12.6,592000,66000,3239000,10,477,4,0.75,2049000,877000,Yes,Rural,Education,Rejected
SLR100898,23,Male,No,0,Graduate,No,4.3,592000,0,377000,5,730,2,0.402,1095000,1167000,No,Urban,Vehicle,Rejected
SLR100899,24,Male,No,1,Not Graduate,No,2.0,381000,0,1116000,10,685,2,0.75,1029000,481000,No,Urban,Medical,Rejected
SLR100900,48,Male,No,0,Graduate,No,17.2,344000,0,215000,5,649,1,0.558,1783000,154000,Yes,Rural,Medical,Approved
SLR100901,21,Male,Yes,0,Not Graduate,No,0.0,495000,31000,349000,20,627,0,0.479,1332000,296000,Yes,Urban,Personal,Approved
SLR100902,22,Female,Yes,1,Graduate,No,1.1,669000,124000,532000,10,698,2,0.622,902000,375000,No,Urban,Personal,Approved
SLR100903,30,Male,Yes,0,Graduate,Yes,10.9,400000,205000,597000,20,725,2,0.669,1205000,341000,Yes,Semiurban,Education,Approved
SLR100904,60,Female,No,1,Graduate,No,24.3,328000,0,544000,2,661,0,0.75,309000,146000,Yes,Urban,Business,Approved
SLR100905,41,Female,No,0,Graduate,No,18.6,336000,0,609000,20,732,1,0.75,2676000,343000,No,Urban,Medical,Approved
SLR100906,52,Female,No,1,Not Graduate,No,19.5,383000,0,415000,15,604,1,0.75,3635000,139000,Yes,Urban,Home,Rejected
SLR100907,39,Male,Yes,0,Graduate,No,14.2,429000,117000,1501000,7,641,2,0.75,2578000,120000,Yes,Rural,Business,Rejected
SLR100908,28,Male,No,1,Graduate,No,10.5,301000,0,339000,20,741,0,0.632,1006000,187000,Yes,Urban,Education,Approved
SLR100909,37,Male,No,0,Graduate,No,16.8,430000,0,1055000,10,660,0,0.75,1908000,276000,Yes,Semiurban,Home,Approved
SLR100910,25,Male,No,0,Graduate,No,4.5,1085000,0,1010000,20,819,1,0.461,1994000,291000,Yes,Urban,Education,Approved
SLR100911,55,Male,No,2,Not Graduate,No,26.2,468000,0,351000,10,711,2,0.75,1053000,313000,Yes,Urban,Vehicle,Approved
SLR100912,29,Male,Yes,0,Graduate,No,7.0,278000,130000,512000,20,602,0,0.75,3886000,1474000,No,Urban,Personal,Rejected
SLR100913,37,Male,Yes,2,Not Graduate,No,5.6,159000,216000,649000,5,572,0,0.75,2934000,313000,Yes,Urban,Business,Rejected
SLR100914,65,Male,Yes,0,Graduate,No,29.1,1510000,47000,1931000,5,749,3,0.75,3400000,79000,Yes,Semiurban,Business,Approved
SLR100915,47,Male,Yes,0,Graduate,No,20.2,1029000,24000,511000,7,644,2,0.479,1854000,262000,No,Semiurban,Education,Rejected
SLR100916,41,Male,No,0,Graduate,Yes,7.1,643000,0,6852000,10,759,1,0.75,356000,278000,Yes,Semiurban,Personal,Rejected
SLR100917,45,Male,No,3+,Graduate,Yes,17.1,1043000,0,1071000,5,649,0,0.75,186000,55000,Yes,Urban,Home,Rejected
SLR100918,56,Female,No,0,Graduate,No,18.4,735000,0,813000,7,708,0,0.75,887000,334000,Yes,Urban,Home,Rejected
SLR100919,32,Male,Yes,0,Not Graduate,No,16.3,528000,13000,1155000,5,665,2,0.75,645000,215000,Yes,Semiurban,Business,Approved
SLR100920,49,Female,Yes,1,Graduate,No,21.1,278000,413000,213000,20,709,0,0.251,1300000,309000,Yes,Urban,Home,Approved
SLR100921,60,Female,Yes,0,Not Graduate,Yes,35.0,1571000,303000,1392000,10,745,0,0.652,488000,395000,No,Urban,Personal,Approved
SLR100922,46,Male,No,2,Graduate,Yes,13.1,432000,0,275000,2,691,0,0.481,491000,293000,Yes,Semiurban,Education,Approved
SLR100923,41,Male,No,3+,Graduate,No,12.8,446000,0,1144000,2,740,3,0.75,220000,297000,Yes,Semiurban,Personal,Approved
SLR100924,27,Male,No,1,Graduate,No,1.1,561000,0,442000,20,563,0,0.516,396000,215000,Yes,Semiurban,Home,Rejected
SLR100925,32,Male,Yes,1,Graduate,No,7.6,567000,44000,387000,7,721,0,0.677,920000,509000,Yes,Urban,Business,Rejected
SLR100926,63,Male,Yes,0,Graduate,No,24.4,754000,177000,2057000,10,692,1,0.75,807000,235000,No,Rural,Medical,Rejected
SLR100927,45,Male,No,3+,Not Graduate,Yes,14.6,708000,0,609000,20,670,0,0.75,3505000,539000,No,Rural,Vehicle,Rejected
SLR100928,34,Female,Yes,1,Not Graduate,Yes,13.0,400000,156000,240000,20,511,1,0.366,1027000,135000,Yes,Semiurban,Home,Rejected
SLR100929,39,Female,No,0,Graduate,No,16.1,558000,0,1225000,3,565,0,0.75,325000,231000,Yes,Urban,Education,Rejected
SLR100930,47,Female,Yes,3+,Graduate,Yes,13.9,741000,52000,294000,10,707,4,0.488,1064000,476000,Yes,Semiurban,Vehicle,Approved
SLR100931,45,Male,Yes,3+,Graduate,No,12.5,382000,109000,1574000,20,717,0,0.75,2108000,132000,No,Semiurban,Home,Approved
SLR100932,52,Male,Yes,1,Graduate,Yes,20.6,1219000,98000,643000,5,721,1,0.465,164000,207000,Yes,Semiurban,Personal,Approved
SLR100933,32,Female,No,0,Graduate,No,8.6,544000,0,284000,10,689,4,0.496,4109000,503000,Yes,Urban,Home,Approved
SLR100934,50,Male,No,2,Graduate,No,25.1,1325000,0,1109000,15,600,2,0.656,2014000,177000,Yes,Semiurban,Education,Rejected
SLR100935,40,Male,No,2,Not Graduate,No,12.1,256000,0,912000,3,613,0,0.75,4850000,851000,Yes,Urban,Medical,Rejected
SLR100936,63,Male,No,1,Graduate,Yes,28.2,788000,0,163000,7,532,0,0.201,2113000,330000,Yes,Semiurban,Vehicle,Approved
SLR100937,28,Male,Yes,0,Graduate,Yes,11.4,337000,198000,624000,5,699,0,0.75,936000,256000,Yes,Urban,Business,Rejected
SLR100938,27,Male,No,0,Not Graduate,No,8.5,388000,0,789000,2,833,1,0.75,1302000,521000,Yes,Urban,Personal,Approved
SLR100939,41,Male,No,0,Graduate,No,18.9,905000,0,760000,3,683,1,0.727,891000,345000,Yes,Rural,Business,Rejected
SLR100940,43,Male,Yes,0,Graduate,No,14.6,485000,96000,576000,5,633,1,0.674,2905000,336000,No,Rural,Home,Rejected
SLR100941,52,Male,No,2,Not Graduate,No,23.0,2295000,0,1055000,7,692,1,0.519,683000,281000,Yes,Urban,Vehicle,Approved
SLR100942,39,Male,Yes,0,Graduate,No,13.5,731000,53000,941000,20,680,1,0.75,1869000,290000,Yes,Urban,Vehicle,Approved
SLR100943,62,Male,Yes,0,Graduate,No,35.0,375000,412000,663000,20,560,2,0.701,3872000,141000,Yes,Urban,Medical,Rejected
SLR100944,42,Male,Yes,2,Graduate,No,18.1,732000,118000,557000,15,709,5,0.75,1694000,548000,Yes,Rural,Home,Rejected
SLR100945,26,Female,No,0,Not Graduate,Yes,3.1,483000,0,716000,15,682,4,0.75,1481000,202000,No,Urban,Home,Rejected
SLR100946,26,Male,Yes,0,Graduate,No,6.1,869000,117000,439000,2,677,1,0.429,2016000,718000,Yes,Urban,Education,Approved
SLR100947,64,Male,Yes,3+,Graduate,No,21.4,467000,23000,334000,7,839,2,0.644,746000,155000,Yes,Semiurban,Personal,Approved
SLR100948,27,Female,No,0,Graduate,No,3.4,688000,0,313000,15,682,3,0.343,196000,833000,Yes,Rural,Medical,Rejected
SLR100949,63,Male,Yes,3+,Graduate,No,30.0,613000,135000,609000,20,827,1,0.616,568000,177000,Yes,Rural,Vehicle,Approved
SLR100950,33,Female,No,0,Graduate,No,8.3,574000,0,372000,7,628,1,0.458,685000,590000,Yes,Rural,Vehicle,Rejected
SLR100951,25,Male,No,0,Graduate,No,2.0,975000,0,586000,10,577,4,0.561,1879000,236000,Yes,Urban,Medical,Rejected
SLR100952,34,Male,Yes,1,Not Graduate,Yes,8.7,204000,188000,1543000,20,629,5,0.75,616000,378000,Yes,Rural,Personal,Rejected
SLR100953,48,Male,Yes,0,Graduate,Yes,14.1,580000,112000,568000,10,778,2,0.563,692000,204000,Yes,Urban,Business,Approved
SLR100954,40,Male,No,1,Not Graduate,No,10.0,374000,0,711000,15,633,1,0.75,2739000,174000,Yes,Semiurban,Home,Rejected
SLR100955,56,Female,Yes,0,Not Graduate,No,21.7,262000,314000,560000,20,583,1,0.737,1978000,245000,Yes,Semiurban,Education,Rejected
SLR100956,48,Female,Yes,1,Not Graduate,No,15.5,347000,57000,1520000,10,716,0,0.75,4108000,546000,No,Urban,Personal,Approved
SLR100957,39,Female,No,0,Not Graduate,No,20.1,391000,0,1909000,3,661,4,0.75,1267000,546000,Yes,Semiurban,Medical,Rejected
SLR100958,49,Female,No,2,Graduate,No,18.9,483000,0,479000,20,733,1,0.75,351000,502000,No,Urban,Business,Approved
SLR100959,64,Male,No,1,Not Graduate,Yes,34.4,662000,0,1043000,15,640,0,0.75,9509000,394000,Yes,Urban,Business,Approved
SLR100960,39,Female,Yes,1,Graduate,No,14.3,741000,86000,2531000,5,621,1,0.75,2410000,1700000,Yes,Urban,Personal,Rejected
SLR100961,27,Male,No,0,Graduate,No,3.6,439000,0,306000,20,814,0,0.625,820000,170000,No,Rural,Vehicle,Approved
SLR100962,39,Female,No,1,Graduate,No,15.7,1315000,0,1229000,3,628,1,0.75,3037000,296000,No,Urban,Personal,Rejected
SLR100963,58,Male,No,1,Graduate,No,19.0,448000,0,210000,20,627,1,0.393,1665000,46000,No,Urban,Business,Rejected
SLR100964,30,Male,No,0,Graduate,No,9.2,189000,0,663000,15,725,1,0.75,4185000,456000,Yes,Semiurban,Personal,Approved
SLR100965,63,Female,No,1,Not Graduate,No,26.2,455000,0,593000,5,481,1,0.681,1721000,162000,Yes,Semiurban,Home,Rejected
SLR100966,47,Female,Yes,0,Graduate,No,17.5,564000,137000,214000,15,745,3,0.449,956000,317000,Yes,Urban,Home,Approved
SLR100967,48,Male,Yes,0,Graduate,No,17.5,120000,202000,1319000,3,824,2,0.75,1789000,183000,Yes,Rural,Education,Approved
SLR100968,35,Male,Yes,2,Graduate,No,9.8,1068000,101000,715000,20,755,0,0.525,3345000,288000,Yes,Urban,Medical,Approved
SLR100969,62,Male,Yes,0,Not Graduate,No,27.4,521000,60000,356000,10,612,2,0.565,685000,368000,No,Urban,Personal,Rejected
SLR100970,22,Female,Yes,0,Graduate,No,4.5,292000,36000,805000,7,636,0,0.75,1465000,186000,Yes,Urban,Home,Rejected
SLR100971,34,Male,Yes,1,Graduate,No,5.8,324000,155000,1170000,20,695,1,0.75,473000,420000,No,Urban,Personal,Approved
SLR100972,39,Male,No,2,Not Graduate,No,17.6,836000,0,206000,2,717,1,0.298,2157000,233000,Yes,Rural,Home,Approved
SLR100973,42,Male,Yes,0,Not Graduate,No,20.8,894000,80000,84000,7,811,1,0.208,1466000,195000,No,Semiurban,Personal,Approved
SLR100974,42,Male,Yes,0,Graduate,No,11.1,385000,310000,632000,10,808,2,0.689,2472000,548000,Yes,Semiurban,Personal,Approved
SLR100975,27,Male,Yes,1,Graduate,Yes,3.8,261000,88000,394000,3,674,3,0.721,3459000,390000,Yes,Urban,Personal,Approved
SLR100976,31,Male,Yes,1,Graduate,No,12.6,591000,128000,1552000,2,650,2,0.75,769000,82000,Yes,Rural,Personal,Approved
SLR100977,25,Female,No,1,Not Graduate,Yes,7.2,654000,0,511000,10,631,1,0.726,1655000,253000,Yes,Semiurban,Business,Approved
SLR100978,46,Female,Yes,1,Graduate,No,16.7,751000,323000,795000,5,738,1,0.628,1719000,150000,Yes,Rural,Education,Approved
SLR100979,36,Female,Yes,2,Graduate,No,12.4,404000,178000,576000,7,771,2,0.75,782000,940000,No,Rural,Home,Approved
SLR100980,46,Male,No,3+,Graduate,No,21.4,514000,0,238000,10,695,0,0.481,570000,183000,Yes,Semiurban,Medical,Approved
SLR100981,47,Male,Yes,0,Graduate,Yes,17.3,556000,128000,663000,7,690,2,0.692,5536000,199000,No,Rural,Home,Approved
SLR100982,52,Male,Yes,0,Graduate,No,24.6,936000,46000,274000,5,848,1,0.282,959000,340000,Yes,Urban,Personal,Approved
SLR100983,45,Female,No,0,Graduate,No,18.1,1143000,0,266000,5,741,1,0.309,956000,486000,Yes,Rural,Vehicle,Approved
SLR100984,50,Male,Yes,0,Graduate,No,19.3,1326000,78000,318000,5,536,1,0.302,1113000,192000,Yes,Urban,Business,Rejected
SLR100985,47,Male,No,0,Not Graduate,No,20.2,1126000,0,301000,10,687,3,0.355,2207000,371000,Yes,Urban,Home,Approved
SLR100986,50,Female,No,2,Graduate,No,17.7,1491000,0,567000,3,705,0,0.294,912000,406000,Yes,Urban,Personal,Approved
SLR100987,48,Male,No,0,Not Graduate,No,13.9,960000,0,504000,20,670,3,0.455,692000,90000,Yes,Urban,Home,Approved
SLR100988,35,Female,Yes,0,Graduate,No,16.1,398000,82000,782000,2,785,2,0.75,1606000,474000,No,Urban,Education,Approved
SLR100989,32,Male,No,1,Graduate,No,13.5,1278000,0,234000,5,665,2,0.213,2641000,220000,Yes,Semiurban,Personal,Approved
SLR100990,56,Male,No,3+,Graduate,Yes,29.7,258000,0,552000,15,616,3,0.75,2112000,132000,Yes,Semiurban,Home,Rejected
SLR100991,36,Male,Yes,0,Graduate,No,15.8,2019000,142000,475000,3,637,1,0.16,799000,1357000,No,Urban,Education,Approved
SLR100992,45,Male,No,2,Not Graduate,No,16.5,322000,0,741000,10,741,3,0.75,524000,166000,No,Urban,Personal,Rejected
SLR100993,29,Female,Yes,2,Graduate,Yes,3.0,896000,123000,764000,5,588,1,0.529,586000,596000,No,Semiurban,Personal,Rejected
SLR100994,40,Male,No,0,Not Graduate,No,12.8,1217000,0,719000,20,653,2,0.482,1883000,476000,Yes,Urban,Vehicle,Approved
SLR100995,44,Male,Yes,1,Graduate,Yes,9.2,708000,77000,341000,5,754,1,0.343,2254000,89000,No,Semiurban,Personal,Approved
SLR100996,49,Female,Yes,1,Graduate,Yes,17.5,178000,116000,661000,3,588,1,0.75,906000,182000,Yes,Semiurban,Home,Rejected
SLR100997,44,Male,Yes,0,Graduate,No,16.8,327000,145000,466000,10,612,0,0.75,856000,138000,No,Semiurban,Home,Rejected
SLR100998,37,Female,No,0,Graduate,No,12.1,669000,0,1527000,5,563,0,0.75,472000,669000,Yes,Rural,Vehicle,Rejected
SLR100999,64,Male,Yes,0,Not Graduate,No,21.8,780000,167000,698000,20,623,3,0.75,1316000,610000,Yes,Semiurban,Personal,Approved
SLR101000,44,Female,Yes,2,Graduate,No,19.6,498000,176000,684000,20,651,1,0.668,2594000,1150000,No,Urban,Home,Approved
SLR101001,57,Male,Yes,2,Graduate,No,18.3,573000,149000,283000,15,672,1,0.31,762000,152000,No,Semiurban,Personal,Approved
SLR101002,54,Male,No,0,Not Graduate,No,24.6,245000,0,443000,3,621,0,0.75,3596000,2107000,Yes,Urban,Home,Approved
SLR101003,46,Male,Yes,1,Graduate,Yes,18.8,1459000,247000,769000,10,661,3,0.456,544000,685000,Yes,Urban,Home,Approved
SLR101004,60,Male,Yes,0,Graduate,No,33.0,447000,31000,618000,3,763,1,0.75,685000,1214000,No,Urban,Education,Approved
SLR101005,26,Male,No,0,Graduate,No,3.7,849000,0,613000,2,715,1,0.572,1215000,371000,Yes,Urban,Education,Approved
SLR101006,62,Male,Yes,1,Graduate,No,29.8,1190000,429000,208000,5,850,0,0.161,1609000,265000,No,Rural,Business,Approved
SLR101007,59,Male,Yes,0,Not Graduate,No,26.1,291000,70000,383000,7,640,2,0.75,1118000,169000,Yes,Urban,Medical,Approved
SLR101008,43,Female,Yes,2,Graduate,No,22.9,590000,113000,544000,7,656,3,0.52,1774000,898000,Yes,Urban,Personal,Approved
SLR101009,54,Male,No,0,Graduate,No,31.0,641000,0,1420000,15,702,1,0.75,1711000,300000,Yes,Semiurban,Medical,Rejected
SLR101010,44,Male,No,2,Not Graduate,No,14.0,477000,0,190000,7,651,1,0.406,4070000,303000,Yes,Semiurban,Business,Approved
SLR101011,33,Female,Yes,0,Graduate,No,6.8,916000,62000,330000,5,688,0,0.265,1492000,812000,Yes,Rural,Personal,Approved
SLR101012,56,Male,Yes,0,Graduate,No,20.5,381000,313000,189000,3,546,1,0.322,1038000,637000,Yes,Rural,Personal,Approved
SLR101013,32,Female,Yes,2,Not Graduate,No,8.8,567000,95000,803000,7,662,0,0.75,2008000,284000,Yes,Semiurban,Home,Rejected
SLR101014,35,Female,No,1,Graduate,Yes,12.9,449000,0,1405000,10,756,0,0.75,282000,374000,Yes,Urban,Vehicle,Rejected
SLR101015,44,Female,Yes,0,Graduate,Yes,15.1,1976000,25000,822000,5,833,4,0.435,406000,420000,Yes,Semiurban,Home,Approved
SLR101016,58,Female,Yes,2,Not Graduate,Yes,28.1,382000,108000,946000,10,799,1,0.75,3138000,354000,Yes,Semiurban,Personal,Approved
SLR101017,38,Male,No,0,Graduate,No,17.3,829000,0,332000,15,699,2,0.421,861000,856000,Yes,Semiurban,Personal,Approved
SLR101018,43,Male,Yes,0,Not Graduate,Yes,23.2,1477000,85000,826000,5,726,1,0.44,681000,511000,Yes,Urban,Vehicle,Approved
SLR101019,22,Male,Yes,0,Graduate,No,6.2,332000,43000,393000,15,715,2,0.75,2075000,263000,Yes,Urban,Medical,Rejected
SLR101020,26,Female,Yes,1,Graduate,No,7.3,580000,82000,676000,20,648,3,0.75,1244000,941000,No,Urban,Personal,Rejected
SLR101021,23,Male,Yes,1,Graduate,No,5.0,320000,73000,901000,20,618,2,0.75,3298000,208000,Yes,Rural,Education,Rejected
SLR101022,24,Female,Yes,2,Graduate,No,2.1,182000,98000,538000,5,709,0,0.75,961000,312000,No,Semiurban,Medical,Approved
SLR101023,60,Male,No,1,Not Graduate,No,21.4,357000,0,1108000,2,682,2,0.75,4391000,282000,Yes,Urban,Home,Rejected
SLR101024,58,Male,Yes,0,Graduate,No,22.7,402000,454000,584000,10,753,3,0.599,1021000,248000,Yes,Urban,Business,Rejected
SLR101025,57,Male,Yes,0,Graduate,No,20.7,415000,153000,777000,7,511,2,0.75,3225000,265000,Yes,Urban,Home,Rejected
SLR101026,23,Male,No,0,Graduate,No,7.5,466000,0,2222000,5,677,0,0.75,1513000,728000,Yes,Urban,Business,Approved
SLR101027,24,Male,No,2,Graduate,No,4.3,552000,0,898000,7,781,1,0.75,670000,358000,No,Rural,Personal,Approved
SLR101028,33,Male,No,0,Graduate,No,10.1,285000,0,399000,7,733,2,0.75,1309000,1334000,Yes,Semiurban,Personal,Approved
SLR101029,46,Female,No,1,Graduate,No,16.5,667000,0,476000,5,616,3,0.75,1542000,227000,No,Urban,Home,Rejected
SLR101030,36,Male,Yes,1,Graduate,No,9.3,1072000,106000,1147000,2,592,2,0.615,1283000,213000,No,Semiurban,Medical,Rejected
SLR101031,42,Male,No,2,Not Graduate,No,12.9,1143000,0,1280000,15,687,3,0.75,692000,121000,No,Semiurban,Education,Rejected
SLR101032,28,Male,Yes,0,Not Graduate,No,2.9,477000,533000,635000,7,749,1,0.653,5083000,121000,No,Semiurban,Personal,Approved
SLR101033,53,Male,Yes,0,Graduate,No,21.6,899000,51000,241000,5,729,1,0.343,1743000,186000,Yes,Urban,Medical,Approved
SLR101034,35,Male,No,3+,Not Graduate,No,9.7,378000,0,350000,20,699,1,0.582,193000,180000,No,Rural,Personal,Approved
SLR101035,23,Male,No,1,Graduate,No,2.8,455000,0,731000,10,738,2,0.75,1682000,217000,Yes,Urban,Education,Approved
SLR101036,54,Female,Yes,1,Graduate,No,19.1,685000,80000,948000,7,709,0,0.75,2209000,387000,Yes,Rural,Business,Rejected
SLR101037,61,Male,Yes,2,Graduate,Yes,20.6,458000,71000,1249000,5,735,1,0.75,231000,179000,Yes,Urban,Education,Approved
SLR101038,21,Male,No,3+,Not Graduate,Yes,1.5,274000,0,173000,10,760,1,0.372,738000,1286000,Yes,Urban,Home,Rejected
SLR101039,40,Male,Yes,0,Graduate,No,15.1,870000,174000,1145000,10,657,1,0.675,3217000,316000,Yes,Semiurban,Education,Approved
SLR101040,58,Male,Yes,3+,Graduate,No,24.0,349000,194000,1643000,15,624,0,0.75,1618000,654000,Yes,Urban,Personal,Rejected
SLR101041,52,Female,Yes,0,Graduate,No,14.9,413000,245000,137000,2,745,2,0.222,1620000,170000,Yes,Rural,Home,Approved
SLR101042,59,Male,Yes,3+,Graduate,No,21.2,984000,158000,648000,10,652,1,0.577,476000,251000,No,Semiurban,Personal,Rejected
SLR101043,39,Female,Yes,0,Not Graduate,No,12.8,739000,51000,1064000,5,544,0,0.75,648000,437000,Yes,Semiurban,Personal,Rejected
SLR101044,37,Male,No,0,Graduate,No,14.9,606000,0,260000,20,797,4,0.501,412000,479000,Yes,Semiurban,Personal,Approved
SLR101045,52,Male,Yes,0,Not Graduate,No,24.1,245000,411000,470000,2,709,0,0.715,256000,696000,No,Semiurban,Business,Approved
SLR101046,27,Male,Yes,2,Graduate,No,5.7,290000,142000,936000,7,706,2,0.75,140000,121000,Yes,Semiurban,Personal,Rejected
SLR101047,31,Male,No,3+,Graduate,Yes,12.6,684000,0,463000,10,676,1,0.578,9129000,2810000,Yes,Rural,Vehicle,Approved
SLR101048,48,Female,Yes,0,Not Graduate,No,21.8,778000,508000,513000,10,753,2,0.484,727000,1235000,Yes,Semiurban,Business,Approved
SLR101049,51,Male,No,0,Graduate,No,23.6,632000,0,750000,10,594,1,0.75,1806000,411000,Yes,Semiurban,Vehicle,Rejected
SLR101050,26,Female,No,0,Graduate,No,5.1,424000,0,304000,7,690,2,0.52,3857000,453000,Yes,Urban,Vehicle,Approved
SLR101051,43,Female,Yes,0,Graduate,No,11.6,416000,28000,325000,20,711,2,0.552,1602000,409000,Yes,Semiurban,Personal,Approved
SLR101052,37,Male,No,2,Graduate,No,5.9,619000,0,881000,7,731,1,0.75,1283000,160000,Yes,Semiurban,Personal,Approved
SLR101053,43,Male,No,0,Graduate,Yes,14.8,276000,0,1204000,7,562,0,0.75,1933000,116000,No,Urban,Home,Rejected
SLR101054,64,Male,No,3+,Graduate,No,35.0,578000,0,842000,15,735,1,0.75,8839000,138000,Yes,Semiurban,Personal,Approved
SLR101055,24,Male,No,3+,Not Graduate,No,6.9,256000,0,1575000,7,659,2,0.75,1472000,124000,Yes,Semiurban,Personal,Rejected
SLR101056,65,Female,Yes,0,Not Graduate,No,23.9,308000,15000,854000,10,641,0,0.75,377000,1327000,No,Semiurban,Education,Approved
SLR101057,41,Male,No,1,Graduate,No,16.2,607000,0,2159000,5,573,2,0.75,521000,233000,Yes,Rural,Personal,Rejected
SLR101058,55,Female,No,3+,Graduate,No,19.6,758000,0,678000,5,857,2,0.742,596000,834000,Yes,Semiurban,Personal,Approved
SLR101059,40,Male,Yes,2,Graduate,Yes,14.4,664000,320000,766000,7,680,1,0.595,1168000,284000,No,Urban,Education,Approved
SLR101060,34,Male,No,2,Not Graduate,No,12.4,298000,0,845000,5,708,1,0.75,472000,313000,Yes,Semiurban,Education,Rejected
SLR101061,55,Male,Yes,0,Graduate,No,22.1,197000,121000,432000,2,611,0,0.75,816000,286000,Yes,Urban,Vehicle,Approved
SLR101062,51,Male,Yes,0,Not Graduate,No,18.2,547000,99000,392000,7,575,1,0.455,1200000,217000,No,Semiurban,Education,Rejected
SLR101063,27,Female,No,2,Graduate,No,10.0,193000,0,362000,10,751,2,0.75,3383000,1400000,Yes,Rural,Personal,Approved
SLR101064,52,Male,Yes,0,Graduate,Yes,16.5,925000,43000,453000,2,589,1,0.549,621000,384000,No,Urban,Personal,Rejected
SLR101065,54,Female,Yes,1,Graduate,No,19.2,303000,105000,2497000,7,788,1,0.75,2367000,1060000,Yes,Semiurban,Home,Approved
SLR101066,38,Female,Yes,2,Graduate,Yes,12.5,1879000,40000,2124000,5,825,1,0.75,1726000,416000,No,Urban,Medical,Approved
SLR101067,62,Female,No,0,Graduate,Yes,34.5,324000,0,525000,2,632,1,0.75,2586000,1075000,Yes,Semiurban,Education,Rejected
SLR101068,49,Male,Yes,0,Graduate,No,25.1,709000,130000,495000,3,655,1,0.472,162000,373000,No,Urban,Personal,Approved
SLR101069,36,Female,No,0,Not Graduate,Yes,7.7,367000,0,161000,10,499,0,0.437,277000,279000,Yes,Urban,Education,Rejected
SLR101070,21,Male,No,2,Graduate,Yes,2.3,501000,0,341000,7,559,0,0.538,350000,107000,Yes,Semiurban,Business,Rejected
SLR101071,51,Female,Yes,0,Not Graduate,No,24.7,609000,75000,384000,20,737,2,0.538,4672000,628000,Yes,Semiurban,Vehicle,Approved
SLR101072,30,Male,No,0,Graduate,No,2.3,883000,0,488000,10,784,1,0.421,688000,1183000,Yes,Rural,Vehicle,Approved
SLR101073,55,Male,No,3+,Graduate,No,20.3,964000,0,449000,20,631,1,0.307,483000,769000,Yes,Urban,Business,Approved
SLR101074,44,Male,Yes,2,Graduate,No,22.1,821000,261000,747000,5,643,1,0.438,1246000,247000,Yes,Semiurban,Vehicle,Approved
SLR101075,42,Male,No,1,Graduate,Yes,12.6,973000,0,1076000,10,571,1,0.75,8872000,657000,Yes,Semiurban,Business,Rejected
SLR101076,28,Male,Yes,2,Graduate,No,6.3,392000,289000,405000,7,605,1,0.494,751000,149000,Yes,Urban,Business,Rejected
SLR101077,53,Female,Yes,0,Graduate,No,22.0,786000,357000,1654000,7,790,0,0.75,762000,155000,No,Urban,Education,Approved
SLR101078,28,Male,Yes,3+,Graduate,Yes,5.3,456000,231000,814000,15,713,3,0.741,3287000,200000,No,Rural,Personal,Rejected
SLR101079,39,Female,Yes,2,Not Graduate,No,11.8,946000,77000,1158000,7,555,0,0.686,1724000,202000,Yes,Semiurban,Vehicle,Rejected
SLR101080,58,Male,Yes,0,Graduate,No,22.1,586000,299000,488000,5,732,2,0.518,1382000,558000,Yes,Rural,Home,Rejected
SLR101081,62,Female,Yes,0,Graduate,Yes,35.0,774000,210000,927000,10,868,2,0.75,908000,675000,No,Urban,Home,Approved
SLR101082,65,Female,Yes,0,Not Graduate,No,31.2,646000,73000,873000,5,660,0,0.75,1800000,251000,No,Urban,Home,Rejected
SLR101083,64,Male,Yes,1,Graduate,No,23.7,836000,81000,1687000,3,640,0,0.75,122000,1246000,No,Urban,Medical,Rejected
SLR101084,46,Female,Yes,1,Not Graduate,No,19.3,353000,112000,993000,10,734,0,0.75,1769000,232000,Yes,Rural,Home,Approved
SLR101085,30,Female,No,1,Graduate,Yes,7.0,232000,0,1132000,3,765,3,0.75,447000,889000,Yes,Rural,Medical,Approved
SLR101086,58,Female,Yes,3+,Graduate,No,23.8,948000,132000,461000,10,752,0,0.282,5141000,261000,Yes,Rural,Medical,Approved
SLR101087,57,Male,Yes,1,Graduate,No,29.3,1152000,119000,1414000,7,666,0,0.75,3543000,353000,Yes,Rural,Vehicle,Rejected
SLR101088,65,Male,Yes,2,Graduate,No,26.6,516000,106000,284000,15,658,1,0.382,2749000,369000,Yes,Urban,Business,Approved
SLR101089,50,Female,Yes,1,Graduate,No,21.0,859000,90000,448000,7,561,3,0.511,8233000,683000,No,Rural,Personal,Rejected
SLR101090,27,Male,Yes,1,Graduate,No,8.0,224000,47000,780000,7,598,1,0.75,15112000,298000,No,Semiurban,Home,Rejected
SLR101091,43,Female,Yes,0,Graduate,No,12.8,391000,227000,307000,7,717,1,0.515,1375000,91000,Yes,Urban,Business,Approved
SLR101092,41,Male,Yes,1,Graduate,No,14.8,575000,53000,357000,10,650,0,0.462,1432000,647000,No,Semiurban,Business,Approved
SLR101093,58,Female,No,1,Graduate,Yes,30.6,212000,0,357000,5,708,3,0.75,2641000,348000,No,Semiurban,Education,Approved
SLR101094,38,Male,Yes,0,Graduate,No,16.6,237000,87000,831000,5,672,1,0.75,2408000,1409000,No,Urban,Business,Rejected
SLR101095,35,Male,Yes,2,Graduate,No,11.9,600000,222000,586000,5,695,1,0.519,162000,124000,No,Urban,Business,Rejected
SLR101096,24,Female,No,1,Graduate,No,6.2,394000,0,1216000,7,691,1,0.75,1073000,296000,Yes,Semiurban,Personal,Approved
SLR101097,58,Female,No,0,Graduate,No,23.4,455000,0,2207000,20,746,0,0.75,610000,96000,Yes,Urban,Medical,Approved
SLR101098,54,Female,No,2,Graduate,No,17.2,440000,0,775000,10,754,0,0.75,1987000,379000,No,Urban,Personal,Approved
SLR101099,22,Female,Yes,0,Graduate,No,1.5,271000,62000,466000,7,689,0,0.75,2056000,380000,Yes,Rural,Home,Approved
SLR101100,40,Male,Yes,1,Graduate,No,14.7,488000,136000,826000,3,675,1,0.75,1390000,1074000,Yes,Rural,Home,Rejected
SLR101101,42,Male,Yes,1,Not Graduate,No,13.2,546000,332000,363000,7,687,1,0.339,730000,516000,No,Urban,Vehicle,Rejected
SLR101102,42,Male,Yes,0,Graduate,No,15.9,399000,67000,624000,15,631,3,0.75,840000,233000,No,Urban,Home,Rejected
SLR101103,62,Male,Yes,0,Graduate,No,27.1,417000,110000,3221000,5,771,1,0.75,7188000,376000,Yes,Urban,Home,Approved
SLR101104,27,Male,No,0,Graduate,No,2.4,492000,0,570000,20,648,2,0.75,156000,767000,No,Semiurban,Personal,Rejected
SLR101105,34,Female,No,0,Graduate,No,7.3,863000,0,791000,5,678,2,0.666,21220000,86000,Yes,Urban,Vehicle,Approved
SLR101106,29,Male,Yes,1,Graduate,Yes,2.3,522000,114000,585000,5,703,3,0.68,7401000,539000,No,Semiurban,Personal,Rejected
SLR101107,31,Male,Yes,0,Not Graduate,No,6.8,191000,251000,498000,15,713,3,0.75,1187000,197000,Yes,Urban,Home,Approved
SLR101108,61,Male,No,3+,Graduate,No,31.2,285000,0,889000,7,710,2,0.75,2463000,261000,Yes,Semiurban,Medical,Approved
SLR101109,63,Male,Yes,0,Not Graduate,No,28.4,918000,333000,285000,7,680,0,0.265,1245000,355000,Yes,Urban,Personal,Approved
SLR101110,23,Male,Yes,0,Not Graduate,No,2.3,377000,433000,583000,20,813,1,0.686,1184000,104000,Yes,Urban,Personal,Rejected
SLR101111,49,Male,Yes,3+,Graduate,No,13.2,524000,147000,269000,15,696,0,0.427,916000,105000,Yes,Urban,Personal,Rejected
SLR101112,31,Male,No,1,Graduate,No,7.0,1585000,0,1774000,20,671,0,0.75,754000,589000,Yes,Semiurban,Personal,Approved
SLR101113,29,Male,No,1,Graduate,No,4.9,779000,0,1235000,10,825,0,0.75,2612000,249000,No,Semiurban,Vehicle,Approved
SLR101114,34,Female,Yes,2,Not Graduate,No,10.7,169000,109000,395000,7,632,0,0.75,632000,339000,Yes,Urban,Education,Rejected
SLR101115,29,Male,Yes,2,Graduate,No,8.1,1218000,495000,195000,7,825,1,0.179,1458000,419000,Yes,Urban,Home,Approved
SLR101116,43,Male,Yes,0,Graduate,No,26.9,597000,110000,894000,5,540,2,0.75,959000,129000,Yes,Urban,Home,Rejected
SLR101117,65,Male,Yes,0,Graduate,No,23.7,674000,363000,632000,5,660,3,0.39,8026000,193000,No,Urban,Personal,Approved
SLR101118,47,Male,No,3+,Graduate,No,14.9,650000,0,2795000,15,565,4,0.75,3669000,171000,No,Urban,Personal,Rejected
SLR101119,53,Male,Yes,0,Graduate,No,26.2,909000,124000,1617000,2,588,1,0.75,709000,54000,Yes,Semiurban,Medical,Approved
SLR101120,43,Female,No,2,Not Graduate,No,12.1,526000,0,982000,15,724,0,0.75,4461000,299000,Yes,Rural,Home,Approved
SLR101121,21,Male,No,1,Graduate,No,5.4,243000,0,461000,5,711,3,0.75,1969000,307000,Yes,Semiurban,Business,Rejected
SLR101122,24,Male,Yes,1,Not Graduate,Yes,5.7,657000,245000,548000,5,644,2,0.57,3768000,512000,Yes,Urban,Vehicle,Approved
SLR101123,33,Male,Yes,2,Graduate,No,4.5,257000,67000,791000,2,813,0,0.75,3255000,464000,Yes,Semiurban,Vehicle,Approved
SLR101124,31,Female,No,3+,Graduate,No,3.6,1494000,0,819000,5,775,0,0.548,379000,87000,Yes,Rural,Personal,Approved
SLR101125,58,Male,Yes,0,Graduate,No,25.8,451000,380000,410000,3,686,1,0.563,2313000,89000,Yes,Rural,Home,Approved
SLR101126,58,Male,Yes,1,Graduate,No,19.7,535000,75000,268000,5,554,1,0.409,1313000,213000,Yes,Rural,Personal,Rejected
SLR101127,59,Female,Yes,2,Graduate,Yes,21.4,379000,315000,2276000,10,762,1,0.75,7969000,413000,Yes,Rural,Education,Approved
SLR101128,49,Male,No,0,Graduate,Yes,24.7,663000,0,664000,7,654,5,0.75,600000,231000,Yes,Rural,Business,Rejected
SLR101129,46,Male,Yes,3+,Graduate,No,10.6,706000,241000,856000,2,712,0,0.601,2646000,187000,Yes,Urban,Home,Approved
SLR101130,50,Male,No,1,Not Graduate,Yes,22.2,379000,0,372000,5,750,2,0.75,465000,1003000,Yes,Semiurban,Personal,Approved
SLR101131,39,Male,Yes,0,Graduate,No,12.9,706000,109000,1580000,2,660,0,0.75,9802000,554000,Yes,Semiurban,Business,Approved
SLR101132,51,Female,Yes,2,Not Graduate,No,24.5,571000,109000,1278000,20,786,1,0.75,2336000,616000,Yes,Semiurban,Home,Approved
SLR101133,56,Male,Yes,3+,Graduate,No,20.9,522000,639000,676000,15,662,2,0.447,868000,462000,Yes,Semiurban,Home,Rejected
SLR101134,55,Male,Yes,0,Graduate,No,29.8,364000,119000,745000,5,730,0,0.75,5112000,144000,Yes,Rural,Business,Approved
SLR101135,48,Male,Yes,2,Not Graduate,No,22.8,1964000,104000,782000,5,747,2,0.371,6842000,628000,No,Rural,Education,Approved
SLR101136,23,Male,Yes,0,Not Graduate,No,5.2,1054000,48000,693000,3,758,0,0.662,2011000,2632000,Yes,Semiurban,Education,Approved
SLR101137,53,Female,Yes,0,Not Graduate,No,25.8,821000,55000,934000,10,821,1,0.75,1165000,569000,Yes,Semiurban,Vehicle,Approved
SLR101138,37,Male,Yes,0,Not Graduate,No,14.0,1022000,69000,830000,3,628,0,0.701,488000,322000,Yes,Semiurban,Home,Approved
SLR101139,54,Female,Yes,2,Graduate,No,18.0,649000,160000,580000,10,605,1,0.464,561000,102000,Yes,Semiurban,Home,Approved
SLR101140,45,Male,Yes,0,Not Graduate,No,16.7,454000,38000,304000,5,666,3,0.713,436000,191000,No,Semiurban,Business,Rejected
SLR101141,60,Male,Yes,0,Graduate,Yes,33.7,129000,70000,639000,10,900,0,0.75,3864000,610000,No,Semiurban,Personal,Approved
SLR101142,36,Male,No,2,Graduate,No,10.0,281000,0,1059000,7,791,0,0.75,4041000,587000,Yes,Urban,Personal,Approved
SLR101143,62,Female,Yes,0,Graduate,No,34.1,1809000,368000,1006000,3,649,1,0.457,513000,153000,Yes,Semiurban,Vehicle,Approved
SLR101144,59,Male,Yes,0,Graduate,Yes,32.8,1041000,131000,1525000,5,664,2,0.75,4186000,514000,Yes,Rural,Personal,Approved
SLR101145,35,Male,Yes,0,Graduate,No,6.6,615000,154000,1634000,10,689,2,0.75,1043000,162000,Yes,Urban,Business,Rejected
SLR101146,42,Female,Yes,2,Graduate,No,14.8,231000,50000,1026000,10,710,0,0.75,810000,699000,Yes,Urban,Education,Approved
SLR101147,44,Male,No,1,Graduate,No,18.0,780000,0,734000,10,738,0,0.709,2093000,569000,Yes,Semiurban,Vehicle,Approved
SLR101148,55,Male,Yes,2,Not Graduate,No,18.6,472000,399000,813000,5,741,1,0.717,1278000,766000,Yes,Semiurban,Medical,Approved
SLR101149,52,Male,Yes,0,Graduate,Yes,20.5,807000,127000,447000,10,780,2,0.578,267000,236000,No,Semiurban,Personal,Approved
SLR101150,59,Female,No,1,Graduate,No,24.1,298000,0,1093000,2,840,0,0.75,988000,625000,Yes,Urban,Personal,Approved
SLR101151,37,Male,Yes,2,Graduate,Yes,18.1,420000,187000,1537000,10,680,1,0.75,392000,384000,Yes,Urban,Business,Rejected
SLR101152,43,Male,No,0,Not Graduate,No,19.2,895000,0,1279000,15,674,3,0.75,282000,481000,Yes,Rural,Personal,Approved
SLR101153,40,Male,No,0,Not Graduate,No,7.4,1588000,0,933000,3,663,1,0.417,769000,369000,No,Semiurban,Personal,Rejected
SLR101154,61,Male,Yes,0,Graduate,No,16.9,383000,204000,556000,15,669,3,0.75,1255000,175000,Yes,Urban,Medical,Approved
SLR101155,34,Male,Yes,0,Not Graduate,No,10.5,317000,259000,516000,20,718,2,0.75,400000,454000,Yes,Urban,Business,Approved
SLR101156,47,Male,Yes,0,Graduate,Yes,16.9,965000,69000,586000,20,738,2,0.455,1449000,503000,No,Urban,Personal,Approved
SLR101157,26,Male,Yes,3+,Not Graduate,No,4.0,275000,249000,404000,2,819,1,0.544,1478000,145000,Yes,Urban,Home,Approved
SLR101158,59,Male,Yes,1,Graduate,No,29.3,286000,83000,777000,15,637,2,0.75,2582000,553000,Yes,Urban,Vehicle,Approved
SLR101159,38,Female,Yes,1,Graduate,No,13.9,637000,16000,106000,3,717,1,0.22,1147000,530000,Yes,Semiurban,Medical,Approved
SLR101160,36,Male,Yes,0,Graduate,No,14.2,1732000,83000,458000,5,627,3,0.407,2631000,204000,Yes,Urban,Personal,Approved
SLR101161,47,Male,Yes,1,Graduate,No,20.2,345000,77000,679000,7,720,1,0.75,2846000,433000,Yes,Semiurban,Business,Rejected
SLR101162,43,Female,Yes,1,Graduate,No,17.5,449000,146000,3305000,5,890,0,0.75,339000,214000,Yes,Semiurban,Vehicle,Approved
SLR101163,59,Female,No,3+,Graduate,No,24.5,585000,0,652000,5,680,1,0.75,6699000,560000,Yes,Urban,Home,Rejected
SLR101164,44,Male,No,0,Graduate,No,17.0,424000,0,668000,20,874,4,0.75,4196000,172000,No,Urban,Personal,Approved
SLR101165,44,Male,Yes,2,Graduate,Yes,16.8,208000,598000,378000,5,627,2,0.404,1057000,1009000,Yes,Rural,Education,Approved
SLR101166,25,Male,No,0,Graduate,No,0.4,855000,0,1988000,7,655,2,0.75,577000,967000,Yes,Urban,Home,Rejected
SLR101167,21,Male,Yes,1,Graduate,No,0.0,609000,24000,383000,15,664,0,0.491,2986000,673000,Yes,Rural,Home,Approved
SLR101168,38,Male,No,3+,Not Graduate,No,12.7,673000,0,2436000,5,703,1,0.75,740000,1665000,No,Urban,Personal,Rejected
SLR101169,65,Male,Yes,1,Graduate,No,24.2,509000,78000,402000,20,678,3,0.744,528000,1097000,No,Semiurban,Personal,Rejected
SLR101170,62,Male,No,2,Graduate,No,28.2,1264000,0,1199000,20,747,1,0.578,1011000,741000,No,Semiurban,Medical,Rejected
SLR101171,49,Male,Yes,2,Not Graduate,No,14.9,417000,95000,626000,5,484,2,0.75,4107000,1222000,Yes,Semiurban,Personal,Rejected
SLR101172,49,Male,Yes,3+,Graduate,Yes,21.6,304000,64000,451000,7,617,3,0.75,5216000,317000,No,Semiurban,Home,Rejected
SLR101173,38,Male,No,0,Graduate,No,11.4,1373000,0,1253000,2,832,2,0.715,7470000,225000,Yes,Urban,Business,Approved
SLR101174,28,Male,Yes,0,Graduate,No,9.6,164000,406000,1541000,20,584,2,0.75,1116000,767000,Yes,Rural,Education,Rejected
SLR101175,21,Female,Yes,1,Not Graduate,No,0.0,505000,133000,576000,3,663,2,0.75,1205000,321000,No,Rural,Business,Rejected
SLR101176,36,Female,No,3+,Graduate,No,9.9,528000,0,640000,7,736,1,0.75,1212000,732000,Yes,Semiurban,Business,Rejected
SLR101177,35,Male,No,1,Graduate,No,11.2,516000,0,497000,10,687,2,0.75,782000,189000,Yes,Urban,Home,Approved
SLR101178,29,Male,No,0,Graduate,Yes,2.4,234000,0,752000,10,626,2,0.75,760000,207000,Yes,Urban,Business,Rejected
SLR101179,32,Male,No,1,Not Graduate,No,6.0,287000,0,319000,10,723,1,0.75,944000,109000,Yes,Urban,Personal,Approved
SLR101180,22,Male,No,0,Graduate,No,3.1,932000,0,113000,2,753,1,0.213,7571000,144000,Yes,Semiurban,Home,Approved
SLR101181,48,Female,Yes,0,Not Graduate,No,22.2,1178000,113000,193000,10,645,2,0.174,646000,461000,Yes,Urban,Home,Approved
SLR101182,62,Male,Yes,0,Graduate,Yes,28.4,437000,32000,563000,10,721,0,0.686,1704000,113000,Yes,Semiurban,Personal,Rejected
SLR101183,52,Male,No,0,Graduate,No,17.7,330000,0,324000,7,755,1,0.75,2409000,159000,Yes,Rural,Personal,Approved
SLR101184,41,Male,No,2,Graduate,No,8.0,206000,0,602000,10,771,2,0.75,9424000,184000,Yes,Semiurban,Personal,Approved
SLR101185,39,Male,Yes,0,Not Graduate,No,15.9,923000,297000,466000,2,718,0,0.392,1833000,253000,Yes,Semiurban,Personal,Approved
SLR101186,34,Male,Yes,0,Graduate,No,4.8,953000,337000,411000,5,818,1,0.326,1089000,376000,Yes,Urban,Vehicle,Approved
SLR101187,27,Male,No,1,Graduate,No,3.7,120000,0,426000,3,694,3,0.75,578000,1679000,Yes,Urban,Business,Approved
SLR101188,47,Female,Yes,0,Graduate,No,17.5,145000,120000,1219000,5,616,1,0.75,626000,661000,Yes,Semiurban,Personal,Rejected
SLR101189,46,Male,Yes,0,Graduate,No,14.7,593000,76000,757000,5,674,2,0.75,1386000,218000,Yes,Semiurban,Home,Approved
SLR101190,21,Male,No,0,Graduate,No,0.0,637000,0,1798000,5,781,4,0.75,1062000,356000,Yes,Semiurban,Home,Rejected
SLR101191,39,Male,Yes,0,Graduate,No,11.5,423000,499000,695000,7,623,2,0.481,1328000,228000,Yes,Semiurban,Home,Rejected
SLR101192,33,Male,Yes,2,Graduate,No,5.6,540000,134000,188000,10,522,3,0.3,2361000,710000,Yes,Urban,Personal,Rejected
SLR101193,28,Male,Yes,0,Graduate,No,4.6,480000,83000,330000,7,724,1,0.562,777000,549000,No,Semiurban,Vehicle,Rejected
SLR101194,52,Male,Yes,0,Graduate,Yes,16.3,558000,106000,701000,15,657,2,0.694,1963000,227000,No,Semiurban,Home,Rejected
SLR101195,44,Female,No,0,Graduate,No,22.8,335000,0,761000,7,859,1,0.75,3568000,476000,No,Semiurban,Business,Approved
SLR101196,49,Male,Yes,0,Not Graduate,No,21.4,546000,186000,444000,7,710,0,0.502,271000,503000,Yes,Urban,Personal,Approved
SLR101197,53,Male,Yes,0,Graduate,No,23.1,380000,65000,388000,2,783,2,0.614,1641000,366000,Yes,Rural,Vehicle,Approved
SLR101198,65,Male,Yes,0,Graduate,No,35.0,363000,166000,438000,15,653,2,0.696,5099000,479000,Yes,Rural,Home,Rejected
SLR101199,57,Male,Yes,0,Graduate,No,16.8,197000,189000,592000,10,735,4,0.75,2046000,556000,Yes,Semiurban,Personal,Rejected
SLR101200,48,Male,Yes,0,Graduate,No,13.4,499000,158000,630000,3,718,1,0.742,797000,1924000,Yes,Urban,Vehicle,Approved
SLR101201,60,Female,Yes,2,Graduate,No,25.9,855000,50000,318000,5,793,0,0.279,2436000,913000,Yes,Semiurban,Home,Approved
SLR101202,42,Male,Yes,0,Graduate,No,20.4,460000,106000,763000,5,704,3,0.75,874000,162000,Yes,Semiurban,Home,Rejected
SLR101203,65,Male,Yes,0,Not Graduate,No,30.6,453000,79000,758000,7,651,2,0.75,3103000,428000,Yes,Semiurban,Home,Rejected
SLR101204,55,Male,Yes,1,Graduate,No,27.9,1097000,113000,605000,2,768,0,0.46,2140000,1921000,Yes,Semiurban,Personal,Approved
SLR101205,50,Male,Yes,0,Graduate,Yes,18.4,966000,70000,415000,15,636,2,0.365,7800000,469000,Yes,Semiurban,Education,Approved
SLR101206,61,Male,Yes,2,Graduate,No,32.8,1428000,324000,1006000,5,629,2,0.52,1276000,1531000,Yes,Semiurban,Home,Approved
SLR101207,44,Male,Yes,0,Graduate,No,19.3,1903000,139000,1537000,20,687,1,0.614,2090000,2852000,Yes,Urban,Home,Approved
SLR101208,53,Male,Yes,1,Graduate,Yes,25.4,568000,33000,486000,5,666,2,0.75,1032000,166000,Yes,Semiurban,Personal,Rejected
SLR101209,33,Male,Yes,3+,Not Graduate,No,6.7,291000,41000,432000,5,691,1,0.75,1543000,331000,Yes,Semiurban,Personal,Rejected
SLR101210,64,Female,Yes,0,Not Graduate,No,32.3,413000,315000,880000,20,640,0,0.679,651000,371000,No,Semiurban,Education,Rejected
SLR101211,49,Female,No,0,Graduate,No,12.7,754000,0,304000,5,774,3,0.513,4611000,123000,Yes,Urban,Vehicle,Approved
SLR101212,56,Female,Yes,1,Graduate,No,15.7,1214000,88000,283000,15,773,2,0.34,1734000,1065000,No,Semiurban,Home,Approved
SLR101213,41,Female,No,3+,Graduate,No,20.0,309000,0,426000,5,752,1,0.75,1444000,461000,Yes,Semiurban,Home,Approved
SLR101214,60,Female,No,0,Graduate,No,28.6,633000,0,795000,7,745,1,0.75,3178000,93000,No,Rural,Personal,Approved
SLR101215,24,Female,Yes,1,Graduate,No,3.3,356000,46000,367000,15,551,0,0.526,5566000,453000,No,Urban,Medical,Approved
SLR101216,26,Female,Yes,0,Not Graduate,Yes,4.5,507000,49000,642000,5,699,1,0.75,10833000,186000,No,Urban,Vehicle,Rejected
SLR101217,43,Female,Yes,1,Graduate,Yes,10.0,503000,198000,176000,2,754,1,0.322,655000,344000,Yes,Urban,Personal,Approved
SLR101218,53,Female,Yes,0,Graduate,No,23.0,678000,609000,971000,5,791,2,0.512,2626000,48000,Yes,Semiurban,Business,Approved
SLR101219,57,Female,Yes,1,Graduate,No,24.1,1682000,235000,1658000,5,675,1,0.75,3315000,302000,Yes,Semiurban,Business,Approved
SLR101220,40,Male,Yes,0,Graduate,No,12.5,714000,88000,360000,7,788,3,0.34,1296000,687000,Yes,Semiurban,Personal,Approved
SLR101221,50,Male,No,1,Not Graduate,No,21.4,434000,0,868000,10,713,0,0.75,789000,250000,Yes,Semiurban,Personal,Rejected
SLR101222,45,Male,Yes,0,Not Graduate,No,14.6,397000,125000,568000,2,496,2,0.75,4034000,84000,Yes,Urban,Business,Rejected
SLR101223,64,Female,No,2,Not Graduate,No,32.9,495000,0,696000,7,683,2,0.75,617000,334000,Yes,Rural,Vehicle,Approved
SLR101224,50,Male,No,2,Not Graduate,No,26.4,341000,0,554000,10,627,1,0.75,2030000,298000,No,Urban,Vehicle,Rejected
SLR101225,39,Female,Yes,2,Graduate,No,4.2,594000,191000,534000,15,644,2,0.404,749000,1228000,Yes,Urban,Medical,Rejected
SLR101226,64,Female,No,3+,Graduate,No,35.0,146000,0,378000,20,769,1,0.75,1464000,498000,No,Semiurban,Business,Approved
SLR101227,25,Female,No,1,Graduate,No,1.2,490000,0,319000,15,712,2,0.645,348000,291000,Yes,Urban,Home,Approved
SLR101228,65,Male,Yes,1,Graduate,Yes,27.4,511000,562000,1328000,3,651,1,0.719,553000,134000,Yes,Urban,Home,Rejected
SLR101229,27,Male,Yes,0,Graduate,No,6.3,290000,460000,218000,5,639,2,0.337,275000,338000,Yes,Urban,Personal,Rejected
SLR101230,33,Female,Yes,3+,Graduate,Yes,10.2,446000,366000,642000,10,723,1,0.714,15475000,1648000,Yes,Urban,Home,Approved
SLR101231,57,Female,Yes,1,Not Graduate,No,19.0,1018000,123000,623000,5,676,0,0.544,384000,474000,No,Semiurban,Personal,Approved
SLR101232,54,Female,Yes,0,Graduate,No,22.5,1059000,158000,630000,5,742,0,0.399,3101000,592000,Yes,Semiurban,Medical,Approved
SLR101233,64,Male,Yes,1,Not Graduate,No,18.9,410000,32000,1001000,15,628,3,0.75,709000,48000,Yes,Urban,Home,Rejected
SLR101234,54,Male,Yes,2,Not Graduate,No,27.7,734000,133000,511000,7,661,0,0.367,165000,729000,Yes,Semiurban,Vehicle,Approved
SLR101235,49,Male,No,2,Not Graduate,No,24.3,241000,0,994000,7,606,1,0.75,1776000,377000,No,Semiurban,Home,Rejected
SLR101236,36,Female,Yes,2,Graduate,No,9.9,467000,96000,2363000,7,648,1,0.75,14277000,357000,No,Semiurban,Personal,Approved
SLR101237,21,Male,Yes,1,Graduate,No,6.1,624000,35000,589000,5,853,0,0.538,694000,402000,No,Rural,Education,Approved
SLR101238,26,Female,Yes,0,Graduate,No,2.1,1274000,426000,174000,3,635,0,0.111,7362000,411000,Yes,Urban,Education,Approved
SLR101239,34,Female,No,3+,Graduate,Yes,14.0,1060000,0,592000,20,654,1,0.582,8241000,285000,No,Urban,Vehicle,Rejected
SLR101240,22,Male,Yes,1,Graduate,Yes,0.6,617000,475000,556000,5,628,1,0.371,532000,236000,Yes,Semiurban,Education,Approved
SLR101241,43,Male,Yes,1,Not Graduate,No,17.2,333000,217000,844000,7,676,2,0.75,296000,114000,No,Urban,Vehicle,Rejected
SLR101242,55,Male,No,1,Graduate,No,18.3,1161000,0,178000,2,685,1,0.229,691000,260000,Yes,Rural,Education,Approved
SLR101243,64,Female,Yes,1,Graduate,No,16.6,456000,304000,803000,5,781,1,0.75,3734000,852000,Yes,Urban,Home,Approved
SLR101244,43,Male,No,2,Not Graduate,Yes,9.8,704000,0,494000,3,660,1,0.692,228000,224000,Yes,Urban,Personal,Rejected
SLR101245,60,Male,Yes,1,Graduate,No,34.2,514000,80000,1095000,2,699,1,0.75,2185000,662000,Yes,Urban,Education,Approved
SLR101246,65,Male,Yes,2,Not Graduate,No,21.4,1645000,85000,464000,10,549,0,0.202,1528000,149000,Yes,Urban,Home,Approved
SLR101247,59,Male,No,2,Graduate,No,35.0,393000,0,1143000,2,625,1,0.75,774000,118000,Yes,Semiurban,Home,Approved
SLR101248,41,Female,No,1,Graduate,Yes,17.2,910000,0,243000,7,771,2,0.313,898000,248000,Yes,Semiurban,Vehicle,Approved
SLR101249,35,Male,No,0,Graduate,No,11.9,524000,0,658000,10,626,2,0.75,1189000,734000,Yes,Urban,Personal,Rejected
SLR101250,65,Male,Yes,1,Graduate,No,24.4,752000,173000,346000,5,748,2,0.326,1517000,108000,Yes,Urban,Business,Approved
SLR101251,31,Male,No,1,Graduate,No,11.5,1341000,0,473000,5,621,2,0.38,6134000,1447000,Yes,Semiurban,Personal,Approved
SLR101252,39,Male,Yes,1,Not Graduate,No,20.1,183000,231000,3809000,5,677,2,0.75,963000,1935000,Yes,Semiurban,Home,Approved
SLR101253,24,Male,No,3+,Not Graduate,No,2.6,531000,0,351000,5,819,2,0.622,1284000,616000,No,Semiurban,Education,Approved
SLR101254,56,Female,No,0,Graduate,No,28.2,336000,0,510000,5,746,1,0.75,2444000,228000,Yes,Semiurban,Home,Approved
SLR101255,50,Male,Yes,0,Graduate,No,26.5,703000,69000,309000,5,544,2,0.422,574000,239000,No,Rural,Education,Rejected
SLR101256,24,Male,Yes,2,Graduate,No,6.6,804000,348000,532000,7,900,0,0.472,5942000,202000,Yes,Urban,Education,Approved
SLR101257,30,Male,Yes,3+,Graduate,No,8.8,425000,255000,590000,5,612,2,0.75,661000,202000,Yes,Semiurban,Business,Rejected
SLR101258,45,Male,Yes,0,Graduate,Yes,11.4,413000,83000,403000,5,830,1,0.573,2139000,294000,Yes,Semiurban,Personal,Approved
SLR101259,45,Female,Yes,0,Graduate,No,15.5,615000,373000,1811000,10,657,1,0.75,1103000,81000,No,Urban,Personal,Rejected
SLR101260,57,Male,Yes,0,Graduate,No,23.1,273000,301000,1377000,2,598,1,0.75,1406000,463000,Yes,Urban,Personal,Approved
SLR101261,32,Female,Yes,1,Graduate,No,13.9,661000,178000,351000,7,656,3,0.515,8466000,142000,Yes,Semiurban,Education,Approved
SLR101262,62,Male,Yes,1,Graduate,No,29.6,351000,54000,1105000,20,641,1,0.75,1772000,176000,No,Urban,Home,Approved
SLR101263,41,Male,Yes,0,Not Graduate,No,13.4,823000,228000,476000,15,649,1,0.432,745000,190000,Yes,Semiurban,Personal,Rejected
SLR101264,58,Male,No,0,Graduate,No,33.1,266000,0,292000,5,694,3,0.75,606000,467000,No,Rural,Home,Approved
SLR101265,31,Male,Yes,1,Graduate,No,5.7,403000,125000,408000,7,726,0,0.75,4365000,847000,Yes,Semiurban,Home,Approved
SLR101266,22,Female,Yes,1,Graduate,No,0.4,364000,127000,287000,20,797,1,0.407,2093000,155000,Yes,Urban,Personal,Approved
SLR101267,23,Male,No,1,Graduate,No,7.6,467000,0,1198000,10,706,0,0.75,887000,917000,Yes,Urban,Vehicle,Approved
SLR101268,37,Male,No,0,Not Graduate,No,6.4,1173000,0,368000,10,696,0,0.391,3772000,142000,Yes,Urban,Home,Approved
SLR101269,63,Male,Yes,0,Graduate,No,32.0,876000,36000,1502000,7,636,1,0.75,668000,195000,Yes,Urban,Education,Rejected
SLR101270,23,Male,Yes,0,Not Graduate,No,1.3,422000,30000,712000,15,669,0,0.75,635000,717000,Yes,Urban,Business,Rejected
SLR101271,37,Female,Yes,3+,Graduate,No,9.1,422000,152000,500000,5,652,0,0.75,1227000,93000,Yes,Urban,Business,Rejected
SLR101272,25,Female,No,0,Graduate,No,1.1,895000,0,469000,7,587,0,0.517,1067000,225000,Yes,Rural,Vehicle,Rejected
SLR101273,62,Male,No,1,Graduate,No,34.9,290000,0,2031000,5,881,0,0.75,287000,167000,Yes,Rural,Education,Approved
SLR101274,51,Female,No,1,Graduate,Yes,19.3,557000,0,654000,7,708,2,0.75,879000,243000,Yes,Urban,Medical,Approved
SLR101275,55,Female,No,2,Graduate,Yes,24.5,394000,0,468000,2,709,1,0.638,2316000,202000,Yes,Urban,Education,Approved
SLR101276,53,Male,Yes,0,Graduate,Yes,19.2,500000,273000,1132000,15,781,2,0.75,989000,87000,Yes,Rural,Home,Approved
SLR101277,50,Male,Yes,1,Graduate,Yes,19.1,858000,97000,951000,5,496,1,0.75,1351000,569000,No,Semiurban,Education,Rejected
SLR101278,55,Male,No,2,Graduate,No,20.2,381000,0,342000,7,858,1,0.72,556000,462000,Yes,Semiurban,Business,Approved
SLR101279,21,Female,No,0,Graduate,No,5.1,940000,0,652000,20,626,1,0.46,1803000,716000,Yes,Semiurban,Personal,Approved
SLR101280,59,Female,Yes,1,Graduate,No,32.0,1844000,20000,201000,5,624,4,0.316,2174000,252000,Yes,Semiurban,Personal,Approved
SLR101281,54,Male,Yes,0,Graduate,No,20.4,767000,99000,636000,5,649,0,0.629,4951000,325000,Yes,Urban,Education,Approved
SLR101282,54,Female,Yes,3+,Not Graduate,Yes,15.9,525000,168000,797000,7,764,2,0.648,1046000,715000,Yes,Rural,Medical,Approved
SLR101283,38,Female,No,2,Graduate,No,9.0,1039000,0,870000,7,851,0,0.63,1107000,419000,No,Rural,Home,Approved
SLR101284,57,Male,Yes,0,Graduate,No,27.0,299000,104000,339000,5,813,1,0.75,2475000,722000,Yes,Urban,Personal,Approved
SLR101285,38,Male,No,2,Graduate,No,13.6,1270000,0,402000,10,654,4,0.375,1218000,682000,Yes,Urban,Personal,Approved
SLR101286,23,Female,Yes,2,Graduate,No,5.2,363000,225000,763000,10,555,2,0.75,2467000,363000,No,Semiurban,Education,Rejected
SLR101287,61,Female,Yes,1,Graduate,No,20.1,1812000,108000,1465000,3,659,3,0.75,2701000,378000,Yes,Rural,Personal,Approved
SLR101288,31,Male,No,0,Graduate,No,10.0,371000,0,690000,7,642,0,0.75,534000,332000,Yes,Semiurban,Education,Rejected
SLR101289,25,Male,Yes,0,Not Graduate,Yes,6.5,791000,49000,452000,5,567,1,0.534,512000,378000,Yes,Rural,Home,Rejected
SLR101290,48,Male,No,1,Not Graduate,Yes,13.9,233000,0,1221000,5,734,1,0.75,830000,226000,Yes,Semiurban,Personal,Approved
SLR101291,31,Male,No,1,Graduate,No,8.4,489000,0,707000,20,690,1,0.75,297000,460000,Yes,Semiurban,Personal,Rejected
SLR101292,59,Male,No,2,Not Graduate,Yes,28.4,304000,0,730000,7,728,2,0.75,7440000,405000,Yes,Semiurban,Personal,Approved
SLR101293,40,Male,Yes,0,Graduate,No,14.8,249000,68000,1092000,2,745,1,0.75,444000,216000,Yes,Rural,Business,Approved
SLR101294,21,Male,No,1,Not Graduate,Yes,2.9,1067000,0,611000,5,741,3,0.511,3955000,477000,Yes,Semiurban,Home,Approved
SLR101295,63,Male,Yes,0,Graduate,No,27.5,280000,53000,354000,10,685,0,0.632,554000,938000,No,Rural,Business,Approved
SLR101296,44,Male,Yes,1,Not Graduate,No,12.7,367000,75000,588000,7,813,2,0.75,3692000,352000,Yes,Urban,Business,Approved
SLR101297,32,Male,Yes,0,Graduate,No,8.2,344000,146000,1339000,3,653,0,0.75,4063000,370000,Yes,Urban,Vehicle,Approved
SLR101298,51,Female,Yes,0,Graduate,No,20.7,1029000,70000,2224000,5,642,2,0.75,294000,406000,Yes,Urban,Business,Rejected
SLR101299,44,Male,Yes,0,Not Graduate,Yes,12.6,963000,81000,294000,15,673,0,0.225,1266000,76000,No,Urban,Home,Rejected
SLR101300,22,Male,Yes,1,Graduate,No,0.0,1106000,15000,1884000,2,730,0,0.75,6520000,262000,Yes,Semiurban,Medical,Approved
SLR101301,55,Male,Yes,0,Graduate,No,18.9,357000,235000,512000,5,741,1,0.573,1535000,2231000,Yes,Urban,Vehicle,Approved
SLR101302,39,Male,Yes,2,Graduate,Yes,10.8,1155000,109000,659000,20,664,1,0.612,3156000,362000,Yes,Urban,Personal,Approved
SLR101303,52,Male,Yes,0,Graduate,No,17.8,355000,56000,1962000,10,666,1,0.75,1771000,171000,Yes,Rural,Personal,Approved
SLR101304,61,Male,Yes,1,Graduate,No,31.0,363000,520000,498000,5,788,0,0.448,3117000,339000,Yes,Rural,Medical,Approved
SLR101305,48,Male,No,1,Graduate,No,16.1,375000,0,544000,5,592,1,0.75,4374000,223000,Yes,Urban,Home,Rejected
SLR101306,51,Male,Yes,0,Graduate,No,29.5,382000,79000,428000,7,896,0,0.75,1186000,401000,Yes,Semiurban,Personal,Approved
SLR101307,32,Male,Yes,0,Not Graduate,No,7.8,523000,56000,666000,10,667,0,0.75,1406000,405000,No,Urban,Home,Rejected
SLR101308,31,Male,No,0,Graduate,No,11.8,347000,0,796000,5,675,1,0.75,1057000,333000,No,Urban,Home,Rejected
SLR101309,39,Female,No,1,Not Graduate,Yes,9.4,625000,0,416000,10,718,2,0.559,459000,714000,Yes,Urban,Home,Rejected
SLR101310,59,Female,No,3+,Graduate,No,20.2,131000,0,1669000,2,730,1,0.75,2635000,133000,Yes,Semiurban,Home,Approved
SLR101311,44,Male,No,0,Not Graduate,Yes,14.8,624000,0,400000,5,641,1,0.416,1506000,456000,No,Rural,Home,Rejected
SLR101312,36,Male,No,2,Not Graduate,No,9.0,302000,0,899000,10,715,1,0.75,4351000,807000,Yes,Semiurban,Personal,Rejected
SLR101313,56,Male,Yes,2,Not Graduate,Yes,15.9,381000,457000,661000,10,620,0,0.488,8069000,280000,Yes,Rural,Personal,Approved
SLR101314,59,Male,No,1,Graduate,No,24.5,386000,0,1459000,10,645,0,0.75,863000,670000,Yes,Urban,Vehicle,Approved
SLR101315,61,Male,No,1,Graduate,No,29.7,924000,0,385000,5,570,2,0.483,966000,291000,Yes,Urban,Home,Approved
SLR101316,34,Male,Yes,3+,Not Graduate,Yes,12.1,726000,85000,943000,7,701,0,0.673,802000,146000,No,Rural,Business,Rejected
SLR101317,52,Male,No,1,Graduate,No,17.2,502000,0,3136000,2,677,1,0.75,5164000,76000,Yes,Urban,Education,Approved
SLR101318,47,Male,No,2,Graduate,No,24.5,371000,0,255000,2,539,1,0.722,407000,224000,Yes,Urban,Business,Rejected
SLR101319,41,Male,No,0,Graduate,No,16.3,846000,0,362000,7,639,1,0.275,1908000,272000,Yes,Rural,Medical,Rejected
SLR101320,38,Female,No,2,Not Graduate,No,18.4,1476000,0,2519000,7,688,0,0.75,368000,2023000,Yes,Urban,Business,Approved
SLR101321,26,Female,Yes,3+,Graduate,No,3.2,542000,167000,596000,15,754,2,0.68,5269000,363000,Yes,Semiurban,Business,Approved
SLR101322,33,Male,Yes,3+,Graduate,No,9.1,228000,203000,700000,20,594,0,0.75,2698000,223000,Yes,Urban,Vehicle,Rejected
SLR101323,45,Male,No,0,Not Graduate,No,23.0,374000,0,524000,10,667,2,0.75,793000,535000,Yes,Urban,Business,Rejected
SLR101324,60,Male,No,2,Graduate,Yes,35.0,748000,0,1905000,15,607,0,0.75,7081000,256000,Yes,Rural,Business,Approved
SLR101325,59,Female,No,0,Graduate,No,31.6,431000,0,228000,3,744,1,0.466,683000,800000,No,Semiurban,Home,Approved
SLR101326,29,Male,No,1,Graduate,No,7.6,343000,0,1453000,15,640,0,0.75,1563000,1202000,Yes,Rural,Personal,Approved
SLR101327,51,Male,No,0,Graduate,No,23.9,335000,0,249000,5,729,1,0.488,193000,398000,Yes,Semiurban,Personal,Approved
SLR101328,24,Male,No,1,Graduate,No,0.4,578000,0,235000,7,663,0,0.416,2461000,84000,Yes,Rural,Vehicle,Approved
SLR101329,51,Female,Yes,0,Graduate,No,15.3,237000,23000,321000,2,562,1,0.75,1017000,323000,Yes,Urban,Personal,Rejected
SLR101330,36,Male,No,0,Graduate,Yes,7.0,540000,0,598000,7,685,1,0.75,1145000,308000,No,Urban,Home,Rejected
SLR101331,41,Male,Yes,0,Not Graduate,Yes,20.8,577000,180000,409000,10,601,0,0.551,588000,1296000,Yes,Urban,Vehicle,Rejected
SLR101332,53,Male,Yes,0,Not Graduate,No,31.0,430000,32000,393000,5,774,0,0.534,519000,500000,No,Urban,Home,Approved
SLR101333,40,Male,Yes,0,Not Graduate,No,8.2,310000,103000,356000,15,826,6,0.638,856000,256000,No,Semiurban,Education,Rejected
SLR101334,57,Male,Yes,2,Graduate,Yes,16.3,963000,62000,360000,20,738,1,0.31,4465000,1071000,Yes,Urban,Personal,Approved
SLR101335,45,Male,Yes,2,Graduate,No,24.6,264000,59000,354000,7,642,1,0.75,2023000,318000,Yes,Semiurban,Personal,Rejected
SLR101336,65,Male,Yes,2,Not Graduate,No,25.2,605000,128000,757000,5,692,1,0.75,641000,316000,No,Urban,Personal,Approved
SLR101337,49,Male,No,2,Graduate,No,21.0,821000,0,430000,10,712,2,0.528,189000,235000,Yes,Urban,Personal,Approved
SLR101338,34,Male,No,0,Graduate,No,11.6,600000,0,115000,5,771,1,0.213,8180000,885000,Yes,Semiurban,Personal,Approved
SLR101339,55,Female,Yes,1,Graduate,No,22.4,1083000,50000,634000,5,676,2,0.552,151000,228000,Yes,Rural,Personal,Approved
SLR101340,39,Male,No,1,Graduate,Yes,17.3,295000,0,1058000,5,721,1,0.75,3876000,589000,Yes,Rural,Education,Approved
SLR101341,45,Male,Yes,0,Graduate,No,17.4,356000,295000,542000,7,564,1,0.693,2185000,482000,No,Urban,Vehicle,Approved
SLR101342,27,Male,Yes,1,Graduate,No,2.3,427000,100000,286000,5,708,0,0.438,1171000,370000,No,Rural,Education,Approved
SLR101343,26,Male,Yes,2,Graduate,No,6.6,3360000,161000,1055000,5,625,0,0.318,835000,726000,No,Urban,Business,Rejected
SLR101344,46,Male,Yes,1,Graduate,No,15.9,727000,81000,266000,7,693,1,0.358,2789000,1201000,Yes,Urban,Vehicle,Approved
SLR101345,29,Female,No,2,Graduate,Yes,3.8,806000,0,528000,10,612,5,0.75,3747000,131000,Yes,Urban,Home,Rejected
SLR101346,65,Male,Yes,0,Graduate,No,35.0,788000,16000,641000,15,721,1,0.498,3778000,307000,Yes,Urban,Business,Rejected
SLR101347,59,Female,No,2,Not Graduate,No,27.7,574000,0,1311000,15,738,0,0.75,3818000,288000,Yes,Rural,Home,Approved
SLR101348,52,Male,Yes,0,Not Graduate,Yes,31.0,980000,83000,946000,5,673,0,0.537,360000,381000,Yes,Rural,Personal,Approved
SLR101349,54,Male,No,2,Not Graduate,No,27.7,197000,0,759000,15,625,2,0.75,759000,220000,Yes,Semiurban,Business,Rejected
SLR101350,47,Male,No,0,Graduate,No,16.2,641000,0,1190000,10,733,4,0.75,792000,154000,Yes,Urban,Vehicle,Approved
SLR101351,23,Male,Yes,1,Graduate,Yes,1.7,696000,97000,306000,5,807,1,0.396,1475000,321000,Yes,Urban,Business,Approved
SLR101352,38,Male,Yes,1,Graduate,No,19.1,963000,110000,1815000,5,834,0,0.75,1809000,790000,Yes,Urban,Medical,Approved
SLR101353,43,Male,Yes,0,Graduate,No,14.8,291000,134000,89000,5,720,2,0.339,3673000,298000,Yes,Semiurban,Business,Approved
SLR101354,62,Male,Yes,0,Graduate,No,34.5,303000,46000,1644000,7,711,0,0.75,1367000,488000,No,Urban,Medical,Approved
SLR101355,30,Male,Yes,0,Not Graduate,Yes,5.7,314000,241000,376000,15,591,1,0.539,2833000,1191000,Yes,Semiurban,Education,Rejected
SLR101356,43,Male,Yes,1,Graduate,No,16.8,733000,79000,832000,7,789,3,0.75,1019000,400000,No,Rural,Business,Approved
SLR101357,36,Female,No,3+,Graduate,No,14.8,739000,0,1666000,2,516,1,0.75,8932000,773000,Yes,Urban,Personal,Rejected
SLR101358,27,Male,No,0,Not Graduate,No,1.4,326000,0,936000,10,779,3,0.75,791000,833000,Yes,Semiurban,Vehicle,Approved
SLR101359,25,Male,Yes,1,Graduate,No,3.8,1576000,204000,828000,15,692,0,0.308,779000,945000,No,Semiurban,Home,Rejected
SLR101360,37,Male,Yes,2,Not Graduate,No,15.3,644000,117000,1141000,7,508,0,0.75,1783000,1850000,Yes,Semiurban,Personal,Rejected
SLR101361,24,Male,Yes,1,Graduate,Yes,3.3,589000,78000,248000,7,715,1,0.282,3979000,316000,Yes,Urban,Business,Approved
SLR101362,24,Male,Yes,2,Graduate,No,2.3,491000,93000,274000,15,678,0,0.322,699000,727000,Yes,Semiurban,Business,Approved
SLR101363,36,Male,No,1,Not Graduate,No,11.1,918000,0,775000,2,656,3,0.75,1077000,416000,Yes,Semiurban,Home,Approved
SLR101364,30,Male,Yes,1,Not Graduate,No,9.8,681000,279000,572000,10,670,1,0.402,1014000,522000,Yes,Urban,Home,Approved
SLR101365,45,Female,Yes,0,Not Graduate,No,18.0,1555000,161000,530000,20,689,0,0.323,556000,486000,Yes,Semiurban,Personal,Approved
SLR101366,21,Male,Yes,0,Graduate,No,1.7,282000,135000,1454000,15,688,2,0.75,856000,910000,Yes,Rural,Home,Rejected
SLR101367,34,Male,Yes,1,Graduate,No,13.3,235000,764000,1374000,5,579,1,0.75,759000,233000,No,Urban,Home,Rejected
SLR101368,41,Male,Yes,2,Graduate,Yes,12.3,366000,174000,357000,20,720,0,0.552,4651000,479000,No,Rural,Vehicle,Approved
SLR101369,64,Male,Yes,0,Graduate,No,20.4,746000,139000,867000,5,662,0,0.719,1630000,127000,Yes,Rural,Home,Rejected
SLR101370,49,Male,No,3+,Graduate,No,13.3,435000,0,235000,7,809,0,0.508,893000,185000,No,Rural,Home,Approved
SLR101371,60,Male,Yes,0,Graduate,No,29.6,1107000,160000,231000,10,755,0,0.193,7562000,221000,Yes,Urban,Business,Approved
SLR101372,36,Male,No,0,Graduate,No,12.7,443000,0,364000,2,763,1,0.519,7199000,562000,Yes,Rural,Home,Approved
SLR101373,41,Male,Yes,3+,Not Graduate,No,14.9,997000,273000,628000,3,830,1,0.402,6626000,489000,Yes,Semiurban,Business,Approved
SLR101374,39,Male,No,3+,Graduate,No,13.4,348000,0,425000,7,745,0,0.75,940000,1073000,Yes,Urban,Personal,Rejected
SLR101375,60,Female,Yes,1,Graduate,No,18.3,1054000,68000,872000,5,679,2,0.596,3563000,771000,Yes,Semiurban,Education,Approved
SLR101376,64,Male,Yes,0,Graduate,No,28.2,1168000,39000,644000,7,498,1,0.47,9680000,346000,Yes,Semiurban,Home,Approved
SLR101377,64,Male,No,0,Graduate,No,34.5,403000,0,1341000,10,708,2,0.75,987000,3895000,Yes,Semiurban,Home,Rejected
SLR101378,54,Female,No,0,Graduate,No,22.0,720000,0,927000,10,820,0,0.75,1157000,407000,Yes,Semiurban,Home,Approved
SLR101379,43,Male,Yes,2,Graduate,No,17.1,637000,244000,331000,15,757,0,0.319,949000,114000,Yes,Rural,Business,Approved
SLR101380,45,Male,Yes,0,Graduate,No,16.6,731000,337000,1167000,20,652,1,0.75,1710000,127000,Yes,Semiurban,Home,Approved
SLR101381,65,Male,No,2,Graduate,No,28.6,1115000,0,371000,20,694,1,0.358,7254000,611000,Yes,Semiurban,Business,Approved
SLR101382,33,Female,No,0,Graduate,Yes,12.4,939000,0,849000,7,648,1,0.75,1490000,100000,Yes,Semiurban,Home,Rejected
SLR101383,36,Male,Yes,1,Graduate,Yes,13.3,730000,101000,472000,3,713,1,0.442,847000,405000,Yes,Urban,Medical,Approved
SLR101384,61,Male,Yes,0,Graduate,No,32.5,792000,224000,1537000,10,652,1,0.75,1285000,268000,Yes,Rural,Vehicle,Rejected
SLR101385,38,Female,Yes,1,Graduate,No,10.5,274000,61000,1045000,20,798,0,0.75,4069000,1611000,No,Urban,Vehicle,Approved
SLR101386,31,Male,Yes,1,Graduate,No,9.0,538000,55000,414000,15,699,1,0.481,110000,138000,Yes,Semiurban,Personal,Approved
SLR101387,46,Female,Yes,3+,Graduate,No,17.3,300000,89000,506000,10,709,2,0.75,1987000,776000,Yes,Urban,Medical,Rejected
SLR101388,35,Female,Yes,3+,Graduate,No,6.4,545000,117000,5443000,15,628,1,0.75,1144000,265000,Yes,Rural,Education,Rejected
SLR101389,61,Female,No,2,Graduate,No,33.2,1017000,0,286000,7,659,1,0.315,781000,246000,Yes,Rural,Vehicle,Approved
SLR101390,61,Male,Yes,0,Not Graduate,Yes,25.7,548000,282000,407000,7,603,2,0.531,288000,1184000,No,Urban,Business,Rejected
SLR101391,34,Male,No,3+,Graduate,No,12.0,139000,0,420000,5,796,2,0.75,2441000,232000,Yes,Semiurban,Home,Approved
SLR101392,44,Male,No,3+,Graduate,No,17.9,309000,0,306000,10,652,0,0.75,1075000,170000,Yes,Urban,Personal,Approved
SLR101393,65,Male,No,3+,Not Graduate,No,23.0,757000,0,328000,5,702,2,0.331,2113000,240000,Yes,Rural,Personal,Approved
SLR101394,54,Male,Yes,1,Graduate,No,16.5,409000,70000,606000,5,574,1,0.75,507000,156000,No,Rural,Personal,Rejected
SLR101395,30,Female,Yes,0,Not Graduate,No,8.1,846000,68000,886000,5,598,1,0.729,253000,103000,Yes,Semiurban,Business,Rejected
SLR101396,47,Male,Yes,2,Graduate,No,23.8,283000,102000,231000,7,671,2,0.472,466000,187000,Yes,Urban,Business,Rejected
SLR101397,48,Male,Yes,0,Not Graduate,No,22.7,678000,117000,469000,7,667,0,0.554,1144000,96000,Yes,Semiurban,Personal,Approved
SLR101398,50,Male,Yes,0,Not Graduate,No,15.0,697000,241000,385000,15,708,3,0.442,273000,175000,Yes,Semiurban,Education,Approved
SLR101399,22,Male,Yes,0,Not Graduate,No,1.2,849000,130000,304000,20,841,1,0.365,1594000,172000,Yes,Rural,Vehicle,Approved
SLR101400,34,Male,Yes,1,Graduate,Yes,5.3,384000,66000,1242000,5,539,2,0.75,6276000,427000,Yes,Urban,Business,Rejected
SLR101401,59,Male,Yes,0,Graduate,Yes,30.8,845000,691000,395000,5,763,0,0.279,148000,124000,Yes,Urban,Home,Approved
SLR101402,31,Female,No,2,Graduate,No,8.1,1260000,0,267000,5,727,2,0.349,738000,563000,Yes,Semiurban,Home,Rejected
SLR101403,34,Male,No,1,Graduate,No,9.4,158000,0,1152000,5,644,0,0.75,1197000,62000,Yes,Urban,Home,Rejected
SLR101404,35,Male,Yes,1,Not Graduate,No,9.8,566000,27000,1466000,10,657,0,0.75,1176000,166000,Yes,Urban,Personal,Approved
SLR101405,28,Male,No,0,Graduate,No,8.1,204000,0,759000,10,774,1,0.75,4553000,295000,Yes,Rural,Home,Approved
SLR101406,27,Male,Yes,3+,Not Graduate,No,3.6,343000,209000,353000,3,685,0,0.396,953000,253000,Yes,Semiurban,Business,Approved
SLR101407,36,Female,Yes,0,Graduate,No,10.3,358000,48000,543000,7,666,1,0.75,1075000,366000,Yes,Semiurban,Business,Approved
SLR101408,60,Female,No,1,Graduate,No,29.9,530000,0,425000,15,611,2,0.691,1006000,119000,Yes,Semiurban,Home,Approved
SLR101409,21,Male,Yes,1,Graduate,No,0.0,677000,128000,629000,3,627,0,0.448,2159000,1600000,No,Urban,Business,Approved
SLR101410,33,Female,Yes,0,Graduate,No,11.2,905000,29000,1035000,20,599,1,0.75,6155000,1279000,Yes,Urban,Personal,Approved
SLR101411,23,Male,Yes,1,Graduate,No,4.3,636000,198000,639000,5,756,3,0.65,1403000,44000,No,Rural,Personal,Approved
SLR101412,46,Male,Yes,0,Graduate,No,11.2,797000,97000,649000,5,631,0,0.415,5556000,567000,No,Rural,Home,Rejected
SLR101413,32,Female,Yes,2,Not Graduate,No,9.0,304000,49000,466000,7,600,0,0.75,1524000,264000,Yes,Semiurban,Business,Rejected
SLR101414,56,Male,Yes,0,Not Graduate,No,15.6,983000,258000,1001000,5,703,0,0.533,449000,317000,No,Urban,Home,Approved
SLR101415,47,Male,Yes,3+,Not Graduate,No,12.4,120000,254000,826000,3,629,1,0.75,3814000,322000,Yes,Urban,Home,Rejected
SLR101416,56,Male,Yes,1,Graduate,No,22.6,1274000,48000,197000,5,806,1,0.194,1372000,185000,Yes,Rural,Personal,Approved
SLR101417,49,Male,Yes,0,Graduate,No,15.4,1154000,152000,204000,2,693,1,0.291,5072000,318000,Yes,Semiurban,Vehicle,Approved
SLR101418,40,Male,Yes,1,Graduate,No,13.3,831000,141000,524000,7,705,4,0.517,2941000,1183000,Yes,Urban,Education,Approved
SLR101419,59,Male,No,0,Graduate,No,33.6,1874000,0,1222000,3,706,0,0.671,3240000,1499000,Yes,Rural,Education,Approved
SLR101420,42,Male,No,3+,Graduate,No,17.1,204000,0,1388000,3,733,1,0.75,705000,317000,Yes,Urban,Education,Approved
SLR101421,63,Male,Yes,2,Not Graduate,Yes,20.8,844000,107000,1067000,7,743,1,0.75,589000,95000,Yes,Urban,Personal,Approved
SLR101422,65,Female,No,1,Graduate,No,30.2,592000,0,589000,10,692,0,0.75,1351000,284000,Yes,Urban,Medical,Rejected
SLR101423,47,Male,Yes,0,Not Graduate,No,13.4,629000,166000,1684000,10,614,0,0.75,413000,272000,Yes,Urban,Personal,Rejected
SLR101424,51,Female,Yes,3+,Graduate,No,15.4,290000,26000,406000,7,678,2,0.75,529000,1100000,Yes,Semiurban,Medical,Approved
SLR101425,32,Male,Yes,1,Graduate,No,7.8,683000,22000,521000,15,694,1,0.551,712000,133000,Yes,Urban,Business,Approved
SLR101426,57,Male,Yes,1,Graduate,No,23.9,666000,27000,258000,3,568,3,0.42,464000,77000,Yes,Urban,Home,Rejected
SLR101427,51,Male,No,0,Not Graduate,No,20.1,376000,0,519000,15,532,3,0.75,1270000,197000,No,Semiurban,Personal,Rejected
SLR101428,61,Female,No,0,Graduate,No,26.2,530000,0,371000,7,599,2,0.528,1427000,587000,Yes,Rural,Education,Rejected
SLR101429,33,Male,Yes,2,Not Graduate,No,4.4,267000,84000,1766000,20,544,1,0.75,871000,163000,Yes,Urban,Personal,Rejected
SLR101430,56,Female,Yes,1,Graduate,No,18.1,443000,114000,1554000,5,654,2,0.75,455000,283000,Yes,Rural,Education,Rejected
SLR101431,42,Male,Yes,2,Not Graduate,No,10.2,933000,117000,677000,20,632,4,0.639,662000,627000,No,Rural,Business,Rejected
SLR101432,29,Male,Yes,1,Graduate,No,5.7,943000,115000,880000,15,697,1,0.736,1718000,101000,Yes,Urban,Business,Rejected
SLR101433,28,Male,Yes,1,Graduate,No,3.9,839000,300000,439000,5,743,1,0.286,1120000,317000,Yes,Urban,Personal,Approved
SLR101434,46,Male,No,1,Not Graduate,No,19.7,933000,0,125000,7,712,3,0.233,1532000,418000,Yes,Urban,Vehicle,Approved
SLR101435,35,Male,No,2,Not Graduate,No,16.2,939000,0,396000,5,723,0,0.49,625000,577000,Yes,Semiurban,Home,Approved
SLR101436,25,Male,No,0,Graduate,No,4.5,386000,0,1057000,5,761,0,0.75,2036000,247000,Yes,Rural,Medical,Approved
SLR101437,40,Male,Yes,2,Graduate,No,13.9,663000,44000,864000,7,666,0,0.75,2822000,1180000,Yes,Rural,Personal,Approved
SLR101438,50,Male,Yes,0,Not Graduate,No,21.9,1000000,184000,504000,7,494,0,0.319,431000,232000,Yes,Semiurban,Vehicle,Approved
SLR101439,35,Male,Yes,2,Graduate,No,9.8,258000,162000,1051000,7,559,4,0.75,926000,657000,Yes,Rural,Home,Rejected
SLR101440,63,Male,No,3+,Not Graduate,No,35.0,257000,0,479000,5,727,1,0.75,315000,846000,Yes,Semiurban,Education,Approved
SLR101441,56,Male,Yes,2,Graduate,No,22.5,249000,17000,309000,5,705,0,0.75,2930000,45000,Yes,Rural,Medical,Approved
SLR101442,44,Male,Yes,0,Graduate,No,12.2,206000,259000,1051000,5,742,0,0.75,10352000,1181000,Yes,Urban,Business,Approved
SLR101443,63,Male,Yes,2,Graduate,Yes,20.4,309000,144000,437000,5,900,2,0.75,3152000,144000,Yes,Semiurban,Home,Approved
SLR101444,40,Male,No,0,Graduate,No,14.5,412000,0,1267000,7,706,0,0.75,1225000,243000,Yes,Urban,Education,Rejected
SLR101445,27,Male,No,0,Graduate,No,7.9,1264000,0,177000,5,683,2,0.232,1612000,825000,Yes,Urban,Medical,Approved
SLR101446,22,Female,No,2,Not Graduate,Yes,2.9,432000,0,449000,15,716,1,0.75,2337000,243000,Yes,Semiurban,Home,Rejected
SLR101447,63,Male,Yes,2,Graduate,No,21.6,239000,38000,958000,10,601,1,0.75,448000,322000,Yes,Semiurban,Personal,Rejected
SLR101448,64,Male,No,0,Graduate,No,23.6,603000,0,896000,20,747,1,0.75,1469000,722000,Yes,Urban,Personal,Approved
SLR101449,54,Female,Yes,3+,Graduate,Yes,26.8,496000,50000,563000,5,677,2,0.75,1368000,394000,No,Semiurban,Business,Approved
SLR101450,25,Male,Yes,1,Not Graduate,No,4.1,358000,392000,783000,5,816,1,0.75,1142000,154000,Yes,Rural,Personal,Approved
SLR101451,34,Male,Yes,3+,Not Graduate,Yes,11.5,398000,257000,712000,3,570,0,0.61,953000,894000,Yes,Urban,Business,Rejected
SLR101452,22,Female,Yes,2,Graduate,Yes,2.4,989000,143000,247000,5,690,2,0.285,1513000,454000,Yes,Urban,Medical,Approved
SLR101453,23,Female,Yes,3+,Not Graduate,No,6.7,253000,298000,513000,20,643,0,0.608,564000,99000,Yes,Rural,Personal,Rejected
SLR101454,32,Male,No,2,Graduate,No,5.7,220000,0,754000,10,610,2,0.75,709000,313000,Yes,Urban,Vehicle,Rejected
SLR101455,46,Male,Yes,3+,Graduate,No,10.2,711000,65000,903000,20,737,0,0.75,1791000,451000,No,Urban,Home,Approved
SLR101456,23,Male,Yes,1,Not Graduate,No,0.0,392000,251000,623000,20,666,3,0.75,1343000,250000,Yes,Semiurban,Business,Rejected
SLR101457,65,Female,No,0,Graduate,No,34.9,1292000,0,454000,5,790,2,0.392,1415000,93000,Yes,Semiurban,Personal,Approved
SLR101458,41,Female,No,0,Graduate,No,17.2,505000,0,273000,7,650,0,0.496,3344000,114000,No,Urban,Business,Approved
SLR101459,32,Male,Yes,2,Graduate,No,3.2,520000,93000,1060000,5,661,0,0.75,1273000,202000,No,Semiurban,Business,Approved
SLR101460,44,Male,Yes,0,Graduate,No,13.8,848000,59000,987000,10,841,0,0.75,1155000,459000,Yes,Urban,Medical,Approved
SLR101461,56,Male,Yes,3+,Graduate,No,21.9,219000,534000,1235000,7,589,5,0.75,2513000,873000,Yes,Urban,Personal,Rejected
SLR101462,35,Male,Yes,0,Graduate,No,12.3,662000,223000,322000,3,631,1,0.419,6852000,112000,Yes,Urban,Personal,Approved
SLR101463,23,Male,No,2,Not Graduate,No,0.0,450000,0,704000,20,458,1,0.75,916000,216000,No,Urban,Personal,Rejected
SLR101464,23,Male,Yes,1,Graduate,No,0.0,967000,54000,414000,15,656,1,0.391,2103000,64000,No,Urban,Personal,Approved
SLR101465,59,Male,Yes,2,Graduate,No,27.3,385000,157000,670000,20,742,2,0.722,1107000,334000,Yes,Semiurban,Vehicle,Approved
SLR101466,26,Male,Yes,3+,Not Graduate,No,7.2,606000,310000,4300000,5,721,1,0.75,596000,1149000,Yes,Semiurban,Vehicle,Approved
SLR101467,49,Male,Yes,0,Not Graduate,No,17.1,451000,151000,1170000,10,701,0,0.75,1368000,779000,Yes,Semiurban,Home,Approved
SLR101468,38,Male,Yes,2,Graduate,No,11.8,690000,56000,398000,10,624,1,0.426,2418000,276000,No,Urban,Personal,Approved
SLR101469,55,Male,No,0,Graduate,No,30.8,479000,0,552000,3,676,2,0.75,660000,262000,Yes,Rural,Personal,Approved
SLR101470,23,Male,Yes,2,Graduate,No,3.0,635000,89000,514000,5,660,2,0.71,3821000,257000,Yes,Rural,Home,Rejected
SLR101471,61,Female,No,2,Graduate,No,32.0,1443000,0,705000,5,690,0,0.343,983000,270000,Yes,Urban,Personal,Approved
SLR101472,52,Male,Yes,0,Graduate,No,23.1,470000,82000,241000,5,703,3,0.461,938000,349000,Yes,Semiurban,Vehicle,Rejected
SLR101473,41,Male,No,0,Graduate,No,13.7,686000,0,802000,10,664,1,0.75,2745000,256000,No,Semiurban,Education,Approved
SLR101474,30,Male,Yes,1,Graduate,No,11.0,1934000,183000,164000,15,692,1,0.261,1781000,340000,No,Urban,Education,Approved
SLR101475,64,Male,Yes,0,Graduate,No,24.5,682000,145000,219000,20,683,2,0.298,723000,139000,Yes,Urban,Vehicle,Approved
SLR101476,34,Male,Yes,2,Graduate,Yes,8.5,144000,180000,2388000,5,639,0,0.75,431000,489000,Yes,Semiurban,Personal,Approved
SLR101477,43,Male,Yes,0,Graduate,No,18.1,381000,39000,514000,10,696,2,0.75,6543000,562000,Yes,Semiurban,Medical,Approved
SLR101478,38,Male,No,3+,Not Graduate,Yes,9.6,284000,0,1643000,3,594,3,0.75,1638000,2497000,Yes,Semiurban,Vehicle,Rejected
SLR101479,31,Male,No,3+,Graduate,Yes,9.5,913000,0,384000,5,704,1,0.461,7549000,509000,Yes,Urban,Home,Rejected
SLR101480,39,Male,Yes,3+,Graduate,No,12.8,522000,163000,166000,15,607,0,0.237,900000,303000,Yes,Semiurban,Education,Approved
SLR101481,27,Male,Yes,1,Graduate,No,3.5,987000,53000,328000,20,688,0,0.378,1888000,1239000,No,Urban,Home,Approved
SLR101482,21,Male,Yes,0,Graduate,No,4.7,770000,128000,3730000,20,725,1,0.75,462000,1056000,No,Urban,Home,Rejected
SLR101483,34,Male,Yes,2,Graduate,No,12.0,768000,105000,260000,7,621,0,0.292,566000,194000,No,Urban,Personal,Rejected
SLR101484,26,Male,No,2,Graduate,No,3.7,281000,0,2063000,10,767,2,0.75,950000,1384000,Yes,Semiurban,Personal,Approved
SLR101485,39,Male,Yes,3+,Not Graduate,No,13.7,726000,46000,814000,5,824,1,0.736,6260000,452000,Yes,Urban,Personal,Approved
SLR101486,59,Male,No,0,Graduate,No,27.9,1166000,0,703000,10,641,2,0.593,1725000,113000,No,Rural,Vehicle,Approved
SLR101487,28,Male,Yes,0,Graduate,No,9.3,248000,51000,400000,5,679,2,0.75,3726000,194000,Yes,Rural,Home,Approved
SLR101488,21,Male,No,3+,Graduate,No,0.0,462000,0,362000,3,781,0,0.638,8687000,211000,Yes,Urban,Education,Approved
SLR101489,25,Female,Yes,2,Graduate,No,3.5,668000,107000,938000,20,555,1,0.708,3297000,1140000,Yes,Rural,Business,Rejected
SLR101490,43,Female,Yes,0,Graduate,No,18.6,580000,312000,1532000,5,693,1,0.75,3171000,401000,Yes,Urban,Home,Approved
SLR101491,33,Female,No,2,Graduate,No,7.8,1212000,0,738000,15,667,2,0.475,1578000,377000,Yes,Rural,Vehicle,Approved
SLR101492,43,Male,Yes,0,Graduate,No,12.6,821000,29000,1051000,2,758,2,0.75,5157000,332000,No,Urban,Vehicle,Approved
SLR101493,22,Male,Yes,1,Graduate,No,4.8,688000,56000,493000,15,672,1,0.663,1944000,1699000,Yes,Urban,Vehicle,Approved
SLR101494,35,Male,Yes,0,Not Graduate,No,12.8,862000,88000,2669000,20,724,0,0.75,3902000,295000,Yes,Semiurban,Home,Approved
SLR101495,39,Male,Yes,0,Graduate,No,15.7,837000,535000,759000,2,628,0,0.374,1049000,250000,Yes,Semiurban,Education,Approved
SLR101496,40,Male,No,0,Not Graduate,Yes,12.6,563000,0,2437000,7,761,2,0.75,2617000,901000,Yes,Urban,Home,Approved
SLR101497,45,Male,No,0,Graduate,No,13.7,452000,0,347000,15,606,1,0.74,2059000,398000,Yes,Rural,Vehicle,Rejected
SLR101498,56,Male,Yes,1,Graduate,No,30.1,948000,107000,631000,2,755,2,0.472,1049000,1078000,Yes,Semiurban,Personal,Approved
SLR101499,42,Male,No,0,Graduate,No,17.9,365000,0,1304000,5,696,0,0.75,395000,250000,Yes,Semiurban,Home,Approved
SLR101500,58,Male,No,1,Graduate,No,33.5,529000,0,713000,5,513,1,0.75,1873000,402000,Yes,Rural,Home,Rejected
SLR101501,44,Male,No,1,Graduate,No,18.7,291000,0,910000,3,695,4,0.75,2107000,1468000,Yes,Urban,Education,Rejected
SLR101502,32,Male,Yes,2,Not Graduate,No,7.3,822000,87000,344000,3,736,0,0.408,570000,234000,Yes,Urban,Personal,Approved
SLR101503,31,Female,Yes,1,Not Graduate,No,5.6,1083000,209000,499000,5,598,0,0.449,1601000,760000,Yes,Rural,Personal,Approved
SLR101504,35,Male,Yes,0,Graduate,Yes,8.9,329000,79000,368000,5,626,1,0.75,1832000,101000,Yes,Urban,Vehicle,Approved
SLR101505,47,Male,Yes,0,Graduate,No,25.3,505000,241000,615000,20,697,4,0.75,3808000,629000,Yes,Semiurban,Personal,Rejected
SLR101506,31,Male,No,2,Not Graduate,No,5.9,422000,0,575000,2,652,2,0.75,1853000,207000,No,Urban,Business,Approved
SLR101507,62,Male,Yes,2,Not Graduate,Yes,31.5,994000,196000,461000,3,715,0,0.354,2638000,708000,Yes,Urban,Personal,Approved
SLR101508,42,Male,Yes,3+,Graduate,No,21.2,1199000,100000,980000,15,674,2,0.75,1228000,142000,Yes,Urban,Vehicle,Approved
SLR101509,59,Male,No,3+,Graduate,No,24.4,423000,0,325000,15,591,2,0.697,1060000,789000,Yes,Rural,Personal,Rejected
SLR101510,51,Male,Yes,1,Graduate,No,18.3,120000,100000,161000,7,865,3,0.75,1240000,330000,Yes,Semiurban,Business,Approved
SLR101511,36,Male,Yes,3+,Graduate,No,15.9,1037000,70000,448000,7,665,3,0.495,934000,481000,Yes,Semiurban,Vehicle,Approved
SLR101512,31,Male,No,1,Graduate,No,5.9,564000,0,2633000,5,699,1,0.75,1130000,381000,Yes,Rural,Home,Approved
SLR101513,54,Female,No,2,Graduate,No,25.9,565000,0,905000,20,823,1,0.75,2236000,318000,Yes,Semiurban,Home,Approved
SLR101514,35,Male,Yes,3+,Graduate,No,15.8,934000,176000,375000,15,755,0,0.25,2288000,204000,Yes,Rural,Personal,Approved
SLR101515,32,Male,No,2,Graduate,No,6.3,450000,0,868000,5,731,1,0.75,2093000,160000,Yes,Urban,Vehicle,Approved
SLR101516,62,Male,No,0,Graduate,No,23.2,389000,0,596000,7,769,1,0.75,1853000,603000,Yes,Rural,Home,Approved
SLR101517,42,Male,No,0,Graduate,No,20.5,452000,0,836000,10,731,1,0.75,4606000,139000,Yes,Rural,Education,Approved
SLR101518,23,Male,Yes,0,Graduate,No,3.7,720000,464000,1152000,15,731,0,0.707,4574000,304000,No,Rural,Vehicle,Approved
SLR101519,43,Male,No,0,Graduate,No,14.5,892000,0,737000,3,733,1,0.563,1610000,153000,Yes,Urban,Personal,Approved
SLR101520,41,Female,No,2,Graduate,No,12.2,1350000,0,703000,20,677,1,0.454,5685000,261000,Yes,Urban,Personal,Approved
SLR101521,59,Male,Yes,2,Not Graduate,No,28.5,687000,337000,1708000,15,771,1,0.75,5037000,76000,Yes,Semiurban,Business,Approved
SLR101522,53,Male,No,0,Graduate,No,24.8,508000,0,923000,7,741,2,0.75,1609000,884000,Yes,Semiurban,Medical,Approved
SLR101523,29,Male,No,2,Graduate,No,8.0,895000,0,738000,7,518,0,0.678,808000,612000,No,Rural,Personal,Rejected
SLR101524,27,Female,Yes,0,Graduate,No,7.7,322000,148000,668000,7,754,0,0.75,1015000,331000,Yes,Semiurban,Home,Approved
SLR101525,48,Female,No,1,Not Graduate,No,15.1,1201000,0,450000,15,630,0,0.288,1515000,399000,Yes,Urban,Home,Approved
SLR101526,23,Female,Yes,0,Graduate,No,5.4,618000,234000,289000,7,708,0,0.271,1060000,884000,Yes,Urban,Personal,Approved
SLR101527,35,Male,No,1,Graduate,No,14.4,485000,0,1005000,15,565,2,0.75,581000,224000,Yes,Rural,Business,Rejected
SLR101528,27,Male,No,2,Graduate,No,2.4,323000,0,1490000,15,646,0,0.75,553000,984000,Yes,Urban,Home,Approved
SLR101529,21,Male,Yes,2,Graduate,No,1.1,776000,368000,858000,10,663,0,0.701,957000,196000,Yes,Semiurban,Education,Rejected
SLR101530,62,Female,Yes,2,Not Graduate,No,24.7,471000,73000,939000,2,730,1,0.75,829000,334000,Yes,Rural,Medical,Approved
SLR101531,25,Male,Yes,0,Graduate,No,5.8,522000,90000,365000,7,646,0,0.542,255000,113000,Yes,Rural,Education,Approved
SLR101532,21,Male,No,2,Not Graduate,No,2.7,219000,0,441000,5,528,1,0.75,2985000,1037000,No,Urban,Vehicle,Rejected
SLR101533,62,Male,Yes,0,Graduate,No,33.0,433000,251000,283000,2,653,0,0.335,3562000,275000,Yes,Urban,Education,Approved
SLR101534,29,Male,No,1,Not Graduate,No,9.1,402000,0,553000,10,661,3,0.75,2392000,453000,No,Urban,Home,Rejected
SLR101535,57,Male,Yes,1,Not Graduate,No,21.8,692000,449000,1232000,7,737,2,0.75,211000,187000,Yes,Rural,Education,Approved
SLR101536,22,Male,Yes,2,Graduate,No,0.6,475000,347000,413000,3,701,0,0.443,1180000,293000,Yes,Semiurban,Education,Approved
SLR101537,27,Male,No,3+,Graduate,Yes,5.0,128000,0,619000,10,633,3,0.75,2106000,154000,Yes,Urban,Medical,Rejected
SLR101538,25,Female,Yes,0,Graduate,No,4.2,438000,55000,1026000,5,711,1,0.75,4300000,175000,Yes,Urban,Home,Rejected
SLR101539,52,Male,Yes,2,Graduate,No,18.4,247000,267000,1425000,20,828,1,0.75,9904000,93000,Yes,Semiurban,Education,Approved
SLR101540,48,Female,Yes,0,Not Graduate,No,18.1,310000,22000,223000,10,778,3,0.567,1415000,279000,Yes,Urban,Personal,Approved
SLR101541,42,Male,Yes,1,Graduate,No,15.8,955000,217000,477000,2,547,0,0.373,1611000,194000,Yes,Semiurban,Home,Approved
SLR101542,31,Female,Yes,2,Graduate,No,9.8,217000,62000,402000,15,876,0,0.75,2172000,2005000,Yes,Semiurban,Business,Approved
SLR101543,24,Male,Yes,2,Graduate,No,3.9,647000,328000,368000,3,779,1,0.343,826000,139000,Yes,Urban,Home,Approved
SLR101544,46,Female,Yes,2,Graduate,No,13.0,416000,40000,507000,2,809,2,0.75,702000,195000,Yes,Semiurban,Personal,Approved
SLR101545,31,Male,Yes,2,Graduate,No,6.4,374000,71000,183000,7,576,1,0.35,3105000,623000,Yes,Semiurban,Education,Approved
SLR101546,47,Male,Yes,0,Not Graduate,Yes,24.1,321000,170000,512000,5,659,3,0.68,2582000,153000,Yes,Semiurban,Personal,Rejected
SLR101547,51,Male,Yes,3+,Graduate,No,24.3,656000,194000,665000,15,734,1,0.689,1168000,301000,Yes,Semiurban,Home,Approved
SLR101548,59,Male,Yes,3+,Graduate,Yes,26.7,697000,73000,330000,20,606,0,0.393,342000,594000,Yes,Urban,Vehicle,Approved
SLR101549,43,Male,No,1,Graduate,No,20.5,213000,0,475000,15,730,1,0.75,204000,559000,Yes,Urban,Personal,Rejected
SLR101550,21,Male,Yes,0,Graduate,No,0.0,1036000,257000,658000,5,812,2,0.515,1311000,344000,Yes,Semiurban,Home,Approved
SLR101551,33,Female,Yes,0,Graduate,No,4.8,286000,269000,703000,5,665,0,0.75,1352000,307000,No,Urban,Business,Rejected
SLR101552,59,Male,Yes,2,Graduate,No,19.9,681000,91000,225000,5,818,1,0.34,1123000,716000,No,Rural,Medical,Approved
SLR101553,44,Male,No,3+,Graduate,No,13.6,287000,0,1025000,3,743,1,0.75,3146000,875000,No,Semiurban,Business,Approved
SLR101554,48,Male,No,2,Graduate,Yes,24.4,427000,0,1041000,20,551,1,0.75,1701000,348000,No,Semiurban,Vehicle,Rejected
SLR101555,41,Female,No,0,Graduate,No,16.4,272000,0,401000,5,625,2,0.75,236000,498000,No,Rural,Education,Rejected
SLR101556,28,Female,No,0,Graduate,No,6.9,411000,0,1935000,5,773,1,0.75,8463000,217000,Yes,Rural,Home,Approved
SLR101557,61,Male,Yes,1,Graduate,Yes,33.9,492000,135000,874000,10,613,0,0.75,146000,822000,No,Semiurban,Vehicle,Rejected
SLR101558,55,Female,No,0,Graduate,Yes,19.2,292000,0,796000,10,771,1,0.75,854000,610000,No,Semiurban,Home,Approved
SLR101559,65,Male,Yes,0,Graduate,No,21.3,654000,501000,1013000,20,736,3,0.702,569000,254000,Yes,Urban,Medical,Approved
SLR101560,59,Female,No,0,Graduate,No,18.1,703000,0,332000,20,713,2,0.445,2169000,216000,No,Semiurban,Vehicle,Approved
SLR101561,34,Female,No,0,Graduate,Yes,16.2,2436000,0,517000,7,647,1,0.191,440000,1393000,Yes,Semiurban,Vehicle,Approved
SLR101562,32,Male,No,0,Not Graduate,No,10.7,917000,0,971000,20,713,3,0.724,2539000,219000,Yes,Urban,Home,Approved
SLR101563,32,Male,Yes,2,Graduate,No,10.7,1050000,175000,387000,20,816,2,0.395,1057000,278000,No,Rural,Vehicle,Approved
SLR101564,62,Male,No,0,Not Graduate,No,21.6,208000,0,517000,15,661,2,0.75,2680000,121000,Yes,Urban,Medical,Rejected
SLR101565,46,Male,Yes,1,Graduate,No,15.2,187000,106000,961000,20,736,2,0.75,162000,747000,Yes,Rural,Home,Rejected
SLR101566,41,Female,Yes,1,Graduate,No,13.4,467000,152000,795000,10,840,1,0.75,1170000,218000,Yes,Urban,Vehicle,Approved
SLR101567,64,Male,Yes,3+,Graduate,No,27.6,1469000,112000,659000,3,710,2,0.405,2627000,335000,Yes,Rural,Vehicle,Approved
SLR101568,48,Male,Yes,2,Not Graduate,No,22.4,2145000,29000,677000,15,653,0,0.316,504000,312000,Yes,Rural,Home,Approved
SLR101569,61,Female,No,1,Not Graduate,Yes,33.5,377000,0,580000,5,652,0,0.75,1851000,2192000,Yes,Urban,Personal,Approved
SLR101570,65,Male,Yes,2,Graduate,No,27.3,398000,202000,1131000,20,534,0,0.75,1797000,1386000,No,Rural,Vehicle,Rejected
SLR101571,24,Male,Yes,2,Graduate,No,2.1,742000,123000,2529000,7,599,0,0.75,1753000,430000,Yes,Urban,Home,Approved
SLR101572,37,Male,Yes,2,Not Graduate,No,10.5,493000,130000,786000,7,715,1,0.75,1011000,198000,Yes,Semiurban,Education,Rejected
SLR101573,54,Male,No,1,Not Graduate,No,28.4,500000,0,1496000,15,763,3,0.75,2697000,370000,Yes,Semiurban,Medical,Approved
SLR101574,57,Male,No,1,Not Graduate,No,17.3,780000,0,489000,7,658,0,0.49,1916000,317000,Yes,Rural,Home,Approved
SLR101575,27,Male,No,1,Graduate,Yes,6.2,2449000,0,417000,3,762,3,0.239,1818000,1194000,Yes,Urban,Home,Approved
SLR101576,35,Male,Yes,0,Graduate,No,4.4,1127000,237000,389000,15,757,2,0.322,832000,2630000,No,Urban,Medical,Approved
SLR101577,45,Male,No,0,Graduate,No,10.4,1538000,0,358000,5,632,1,0.298,577000,437000,No,Rural,Education,Approved
SLR101578,56,Male,No,0,Not Graduate,No,27.7,199000,0,537000,15,645,0,0.75,2153000,637000,Yes,Urban,Personal,Approved
SLR101579,26,Male,Yes,0,Graduate,No,0.4,993000,287000,1156000,20,589,1,0.75,742000,1616000,Yes,Rural,Personal,Approved
SLR101580,48,Male,Yes,1,Graduate,No,18.6,326000,152000,1247000,7,746,3,0.75,5129000,513000,Yes,Rural,Home,Approved
SLR101581,34,Male,Yes,1,Graduate,No,10.7,1383000,59000,467000,10,690,2,0.347,8763000,177000,Yes,Rural,Personal,Approved
SLR101582,30,Male,Yes,0,Graduate,No,9.1,1160000,178000,527000,2,757,0,0.41,741000,310000,Yes,Urban,Home,Approved
SLR101583,44,Female,Yes,0,Not Graduate,No,9.8,767000,158000,649000,15,686,0,0.483,668000,338000,Yes,Urban,Vehicle,Approved
SLR101584,39,Male,Yes,0,Graduate,Yes,15.4,366000,112000,757000,7,619,3,0.75,2085000,190000,No,Rural,Home,Rejected
SLR101585,49,Male,Yes,2,Not Graduate,No,15.2,421000,163000,952000,5,748,2,0.75,1842000,353000,No,Rural,Vehicle,Approved
SLR101586,35,Female,Yes,0,Graduate,No,8.5,441000,198000,501000,15,541,1,0.66,1361000,101000,Yes,Urban,Home,Rejected
SLR101587,58,Male,Yes,0,Graduate,No,31.3,836000,249000,571000,7,665,0,0.465,2352000,70000,No,Semiurban,Business,Approved
SLR101588,24,Male,No,0,Graduate,No,2.5,687000,0,1568000,15,632,0,0.75,2644000,325000,Yes,Urban,Vehicle,Approved
SLR101589,59,Male,Yes,1,Graduate,No,26.4,1201000,97000,542000,7,804,3,0.484,699000,286000,Yes,Semiurban,Medical,Approved
SLR101590,22,Male,Yes,0,Graduate,Yes,3.3,1334000,145000,447000,20,821,0,0.233,649000,1429000,Yes,Semiurban,Vehicle,Approved
SLR101591,54,Male,No,1,Not Graduate,No,24.6,345000,0,615000,10,722,0,0.75,261000,234000,Yes,Urban,Vehicle,Rejected
SLR101592,36,Female,Yes,1,Graduate,No,11.4,714000,199000,684000,10,647,2,0.59,306000,439000,No,Urban,Business,Approved
SLR101593,38,Female,Yes,3+,Graduate,No,13.0,710000,92000,239000,3,819,1,0.299,594000,246000,Yes,Urban,Personal,Approved
SLR101594,21,Male,Yes,1,Graduate,No,1.9,522000,125000,487000,10,638,0,0.483,1035000,80000,Yes,Rural,Education,Approved
SLR101595,52,Male,Yes,0,Graduate,No,26.0,923000,455000,854000,7,586,0,0.445,2880000,332000,Yes,Urban,Vehicle,Approved
SLR101596,28,Male,Yes,0,Graduate,No,4.3,721000,219000,2392000,10,541,0,0.75,2433000,414000,Yes,Urban,Home,Rejected
SLR101597,50,Male,Yes,2,Graduate,No,17.5,401000,135000,461000,15,698,3,0.651,2135000,224000,Yes,Urban,Personal,Approved
SLR101598,53,Male,Yes,0,Graduate,No,18.8,509000,299000,1069000,10,561,1,0.75,1173000,296000,No,Semiurban,Education,Rejected
SLR101599,59,Male,Yes,3+,Graduate,No,33.2,454000,78000,730000,7,796,0,0.75,10454000,740000,Yes,Rural,Education,Approved
SLR101600,52,Female,No,1,Graduate,No,19.3,369000,0,1382000,15,646,1,0.75,480000,280000,Yes,Rural,Personal,Rejected
SLR101601,34,Male,Yes,0,Graduate,No,11.0,525000,538000,435000,10,594,0,0.327,1118000,966000,Yes,Semiurban,Home,Rejected
SLR101602,54,Male,Yes,0,Graduate,No,20.9,270000,202000,1331000,15,774,3,0.75,1904000,415000,Yes,Urban,Business,Approved
SLR101603,58,Male,Yes,3+,Graduate,No,32.8,714000,439000,1617000,20,756,1,0.75,528000,814000,Yes,Urban,Home,Approved
SLR101604,35,Male,No,3+,Graduate,No,10.8,1191000,0,1662000,3,815,0,0.75,1068000,1241000,Yes,Urban,Medical,Approved
SLR101605,26,Female,No,2,Graduate,No,6.7,565000,0,1644000,7,563,3,0.75,382000,170000,No,Semiurban,Personal,Rejected
SLR101606,61,Male,No,0,Graduate,No,29.0,926000,0,736000,3,547,1,0.66,1033000,827000,Yes,Semiurban,Home,Rejected
SLR101607,27,Male,Yes,2,Graduate,No,7.1,599000,28000,951000,10,807,1,0.75,5286000,1007000,Yes,Semiurban,Medical,Rejected
SLR101608,47,Female,Yes,0,Graduate,No,16.1,313000,139000,495000,7,480,0,0.75,1629000,826000,Yes,Rural,Business,Rejected
SLR101609,31,Female,No,0,Not Graduate,No,13.9,1659000,0,153000,10,599,1,0.221,7963000,283000,Yes,Urban,Personal,Approved
SLR101610,26,Male,Yes,2,Graduate,Yes,0.1,145000,188000,768000,3,694,2,0.75,5033000,39000,Yes,Urban,Home,Rejected
SLR101611,55,Male,No,3+,Graduate,No,35.0,553000,0,585000,10,590,2,0.711,371000,2486000,Yes,Semiurban,Personal,Approved
SLR101612,27,Female,Yes,1,Graduate,Yes,7.8,360000,41000,1216000,3,706,0,0.75,497000,100000,Yes,Rural,Medical,Approved
SLR101613,51,Female,Yes,1,Graduate,No,22.6,1313000,110000,1138000,5,604,2,0.554,5093000,1728000,No,Semiurban,Home,Rejected
SLR101614,52,Male,Yes,0,Graduate,Yes,21.5,619000,175000,326000,7,787,3,0.426,1285000,138000,No,Rural,Home,Approved
SLR101615,23,Female,Yes,0,Graduate,Yes,0.8,2243000,181000,2973000,10,744,1,0.75,371000,128000,Yes,Urban,Personal,Approved
SLR101616,28,Male,No,0,Graduate,No,6.4,561000,0,837000,7,711,2,0.75,3307000,373000,Yes,Urban,Personal,Approved
SLR101617,56,Male,Yes,2,Graduate,Yes,23.2,362000,215000,282000,10,663,3,0.373,5603000,332000,No,Urban,Personal,Rejected
SLR101618,43,Female,Yes,0,Graduate,No,12.1,215000,170000,309000,5,612,1,0.75,5360000,2009000,Yes,Urban,Personal,Rejected
SLR101619,26,Male,Yes,2,Graduate,No,5.4,1011000,108000,158000,10,680,0,0.22,2197000,208000,Yes,Urban,Business,Approved
SLR101620,65,Male,No,0,Graduate,No,35.0,348000,0,1068000,7,598,1,0.75,4089000,730000,Yes,Semiurban,Vehicle,Rejected
SLR101621,32,Female,Yes,1,Graduate,No,13.4,437000,71000,462000,5,834,2,0.75,2240000,527000,No,Semiurban,Business,Approved
SLR101622,21,Female,No,0,Graduate,Yes,0.2,1081000,0,376000,15,714,1,0.381,588000,172000,Yes,Urban,Personal,Approved
SLR101623,62,Female,No,0,Not Graduate,No,27.5,982000,0,428000,20,625,2,0.432,3819000,549000,Yes,Rural,Education,Rejected
SLR101624,21,Male,Yes,1,Graduate,No,3.1,393000,177000,535000,5,807,1,0.555,1155000,330000,Yes,Urban,Personal,Approved
SLR101625,45,Female,No,1,Graduate,No,14.7,428000,0,945000,5,687,1,0.75,7420000,903000,Yes,Rural,Personal,Approved
SLR101626,65,Male,No,3+,Not Graduate,No,31.8,209000,0,223000,15,795,0,0.75,1029000,296000,Yes,Urban,Vehicle,Approved
SLR101627,47,Male,Yes,0,Graduate,No,18.3,178000,199000,324000,20,793,0,0.465,1136000,1154000,Yes,Urban,Home,Approved
SLR101628,47,Male,Yes,1,Graduate,Yes,20.5,837000,412000,879000,7,723,0,0.629,529000,474000,Yes,Semiurban,Education,Rejected
SLR101629,38,Female,Yes,3+,Graduate,No,12.6,889000,53000,442000,15,595,1,0.418,2693000,134000,No,Urban,Personal,Rejected
SLR101630,26,Female,No,0,Graduate,No,5.7,669000,0,949000,5,646,0,0.75,7759000,85000,Yes,Semiurban,Home,Rejected
SLR101631,46,Female,Yes,2,Graduate,No,17.6,610000,286000,470000,5,900,0,0.483,2884000,1522000,Yes,Rural,Home,Approved
SLR101632,61,Male,No,3+,Not Graduate,Yes,31.7,373000,0,1809000,5,649,1,0.75,1512000,336000,Yes,Semiurban,Vehicle,Approved
SLR101633,25,Male,Yes,2,Not Graduate,No,3.5,1233000,228000,744000,10,671,0,0.288,936000,335000,No,Rural,Personal,Rejected
SLR101634,60,Male,Yes,1,Graduate,Yes,33.7,206000,98000,1442000,10,655,1,0.75,778000,430000,Yes,Urban,Business,Approved
SLR101635,39,Male,Yes,2,Graduate,No,10.8,425000,328000,910000,10,620,3,0.75,4225000,341000,No,Semiurban,Personal,Rejected
SLR101636,45,Male,No,1,Not Graduate,No,10.6,601000,0,947000,5,743,1,0.75,796000,386000,Yes,Urban,Vehicle,Approved
SLR101637,28,Male,Yes,1,Not Graduate,Yes,7.7,550000,381000,399000,3,590,1,0.424,215000,95000,Yes,Urban,Education,Rejected
SLR101638,48,Female,Yes,3+,Not Graduate,No,22.1,549000,49000,1388000,7,628,1,0.75,20989000,744000,Yes,Rural,Home,Approved
SLR101639,29,Male,Yes,0,Graduate,No,5.5,413000,129000,748000,7,713,1,0.75,1829000,404000,Yes,Urban,Personal,Approved
SLR101640,33,Female,Yes,2,Graduate,No,6.5,741000,63000,350000,7,671,3,0.434,1001000,616000,Yes,Urban,Education,Approved
SLR101641,53,Male,Yes,1,Graduate,No,25.6,282000,397000,165000,10,702,0,0.223,770000,226000,No,Rural,Education,Approved
SLR101642,23,Male,No,0,Not Graduate,No,4.7,508000,0,712000,7,688,0,0.75,2306000,350000,Yes,Urban,Vehicle,Rejected
SLR101643,41,Male,Yes,1,Graduate,No,16.0,697000,78000,1732000,15,602,5,0.75,498000,112000,Yes,Rural,Home,Rejected
SLR101644,47,Male,No,2,Not Graduate,No,13.7,458000,0,360000,15,800,1,0.602,803000,858000,No,Semiurban,Personal,Approved
SLR101645,26,Male,Yes,1,Graduate,No,7.0,551000,216000,353000,5,776,3,0.459,2070000,320000,Yes,Semiurban,Business,Approved
SLR101646,34,Male,No,2,Not Graduate,No,13.6,619000,0,529000,15,618,1,0.726,637000,51000,Yes,Rural,Personal,Approved
SLR101647,36,Male,Yes,0,Graduate,No,10.4,209000,54000,1330000,7,726,2,0.75,489000,264000,Yes,Rural,Home,Rejected
SLR101648,50,Male,Yes,3+,Not Graduate,No,17.5,220000,49000,197000,7,653,0,0.446,874000,478000,Yes,Urban,Personal,Approved
SLR101649,64,Male,Yes,1,Graduate,No,24.6,592000,333000,426000,10,771,1,0.469,1090000,1146000,No,Urban,Personal,Approved
SLR101650,58,Male,Yes,2,Graduate,No,27.1,394000,168000,338000,20,754,0,0.456,1128000,109000,No,Urban,Business,Approved
SLR101651,29,Male,Yes,0,Graduate,No,8.5,407000,138000,937000,2,784,1,0.75,1100000,1001000,Yes,Semiurban,Home,Rejected
SLR101652,21,Male,Yes,1,Not Graduate,Yes,0.0,752000,178000,592000,5,619,0,0.574,1807000,622000,Yes,Semiurban,Personal,Approved
SLR101653,23,Male,Yes,3+,Graduate,No,7.6,319000,25000,519000,15,588,1,0.75,750000,245000,Yes,Semiurban,Medical,Rejected
SLR101654,47,Male,No,0,Graduate,No,16.9,146000,0,578000,7,551,0,0.75,1832000,720000,Yes,Semiurban,Medical,Rejected
SLR101655,28,Male,Yes,0,Not Graduate,No,4.6,1368000,95000,1083000,15,891,1,0.699,831000,452000,Yes,Urban,Home,Approved
SLR101656,31,Male,No,2,Not Graduate,Yes,7.9,1070000,0,1348000,5,758,1,0.75,1259000,225000,Yes,Semiurban,Home,Approved
SLR101657,59,Female,Yes,2,Graduate,No,16.5,1062000,37000,1265000,20,783,3,0.75,791000,852000,Yes,Urban,Personal,Rejected
SLR101658,60,Male,Yes,2,Not Graduate,No,30.7,297000,279000,945000,5,582,3,0.75,275000,1074000,No,Rural,Education,Rejected
SLR101659,58,Male,Yes,2,Graduate,No,30.4,527000,504000,1598000,20,738,3,0.75,1842000,114000,Yes,Semiurban,Vehicle,Approved
SLR101660,32,Male,Yes,3+,Graduate,No,9.6,274000,30000,355000,15,561,1,0.75,3664000,470000,Yes,Urban,Vehicle,Rejected
SLR101661,48,Male,Yes,1,Graduate,No,16.3,532000,122000,836000,20,724,1,0.75,1766000,309000,Yes,Rural,Education,Approved
SLR101662,48,Male,No,1,Not Graduate,No,25.8,454000,0,2992000,5,692,1,0.75,462000,511000,No,Urban,Medical,Approved
SLR101663,29,Female,No,2,Graduate,Yes,5.5,304000,0,197000,5,668,1,0.641,425000,270000,Yes,Semiurban,Education,Rejected
SLR101664,45,Male,Yes,2,Graduate,No,14.9,725000,21000,459000,5,649,3,0.728,3008000,1178000,Yes,Semiurban,Home,Rejected
SLR101665,44,Male,Yes,0,Graduate,No,9.6,477000,157000,332000,15,778,0,0.445,2038000,78000,No,Semiurban,Business,Approved
SLR101666,38,Male,Yes,0,Graduate,Yes,7.1,1419000,101000,784000,5,651,0,0.447,1614000,405000,No,Rural,Vehicle,Approved
SLR101667,54,Male,Yes,1,Not Graduate,No,22.1,577000,96000,1655000,7,792,0,0.75,3020000,229000,Yes,Urban,Vehicle,Approved
SLR101668,51,Male,Yes,2,Graduate,No,26.4,135000,628000,922000,5,686,1,0.687,2566000,290000,Yes,Rural,Vehicle,Rejected
SLR101669,44,Male,Yes,1,Not Graduate,No,19.7,203000,101000,564000,10,718,1,0.75,1570000,75000,Yes,Urban,Vehicle,Approved
SLR101670,53,Male,Yes,2,Graduate,No,31.0,1742000,172000,927000,10,731,0,0.52,4921000,971000,Yes,Semiurban,Education,Approved
SLR101671,55,Female,Yes,2,Not Graduate,No,23.7,451000,109000,538000,3,724,3,0.742,6577000,114000,Yes,Semiurban,Vehicle,Approved
SLR101672,46,Male,No,0,Not Graduate,No,17.3,628000,0,738000,10,707,0,0.75,4444000,503000,No,Urban,Vehicle,Approved
SLR101673,33,Female,Yes,1,Graduate,No,7.6,553000,187000,972000,5,851,0,0.75,2792000,224000,Yes,Semiurban,Personal,Approved
SLR101674,55,Male,Yes,1,Graduate,Yes,15.6,1199000,245000,2031000,20,775,2,0.75,1555000,280000,No,Semiurban,Vehicle,Approved
SLR101675,53,Female,No,0,Not Graduate,No,28.4,193000,0,871000,15,498,1,0.75,1463000,560000,No,Urban,Education,Rejected
SLR101676,65,Male,No,1,Graduate,Yes,26.6,1143000,0,749000,5,674,5,0.736,2748000,941000,Yes,Semiurban,Business,Approved
SLR101677,27,Male,Yes,1,Graduate,Yes,5.0,1100000,139000,2441000,5,801,3,0.75,845000,121000,Yes,Semiurban,Education,Approved
SLR101678,39,Female,Yes,2,Graduate,No,15.8,552000,32000,182000,10,629,1,0.363,1327000,252000,Yes,Urban,Personal,Rejected
SLR101679,62,Male,No,1,Not Graduate,No,33.5,690000,0,612000,15,690,1,0.75,815000,437000,No,Semiurban,Home,Approved
SLR101680,44,Female,Yes,0,Graduate,No,17.3,449000,245000,401000,20,696,1,0.425,1313000,338000,Yes,Rural,Home,Approved
SLR101681,63,Female,Yes,1,Graduate,No,24.4,218000,83000,557000,7,809,5,0.75,669000,691000,Yes,Rural,Home,Approved
SLR101682,21,Male,Yes,2,Graduate,No,2.2,757000,970000,963000,7,611,1,0.412,1153000,1168000,Yes,Urban,Home,Rejected
SLR101683,22,Male,Yes,1,Graduate,No,3.2,630000,259000,1230000,5,622,0,0.75,983000,205000,Yes,Rural,Home,Rejected
SLR101684,56,Male,No,0,Graduate,No,22.2,637000,0,463000,5,728,1,0.64,3674000,179000,No,Urban,Vehicle,Approved
SLR101685,37,Female,No,3+,Not Graduate,Yes,21.9,717000,0,1004000,20,716,2,0.75,3984000,544000,Yes,Semiurban,Vehicle,Approved
SLR101686,44,Female,No,0,Graduate,Yes,9.8,394000,0,363000,20,729,0,0.75,2349000,135000,No,Urban,Personal,Rejected
SLR101687,40,Male,No,0,Not Graduate,No,12.1,1250000,0,283000,7,714,4,0.431,371000,512000,No,Rural,Education,Approved
SLR101688,39,Male,Yes,1,Not Graduate,No,8.2,552000,39000,681000,5,681,1,0.75,2401000,336000,No,Urban,Education,Rejected
SLR101689,63,Male,No,2,Graduate,No,30.4,741000,0,564000,7,732,3,0.506,3082000,307000,Yes,Rural,Business,Approved
SLR101690,25,Male,No,2,Graduate,Yes,2.8,474000,0,1713000,7,705,1,0.75,1044000,617000,Yes,Semiurban,Medical,Approved
SLR101691,55,Male,Yes,0,Not Graduate,No,21.8,980000,75000,2593000,10,671,1,0.75,2794000,237000,No,Semiurban,Personal,Rejected
SLR101692,61,Female,Yes,2,Graduate,No,18.9,582000,28000,438000,10,685,1,0.49,3256000,4843000,Yes,Semiurban,Vehicle,Rejected
SLR101693,50,Male,Yes,2,Graduate,No,19.8,525000,51000,200000,10,650,0,0.299,327000,276000,Yes,Urban,Personal,Approved
SLR101694,38,Female,Yes,3+,Not Graduate,No,15.6,1068000,490000,267000,5,637,0,0.192,3328000,193000,Yes,Rural,Home,Approved
SLR101695,28,Male,Yes,3+,Not Graduate,No,5.3,213000,128000,378000,10,732,1,0.75,1156000,2154000,Yes,Urban,Home,Rejected
SLR101696,51,Male,Yes,2,Graduate,No,26.0,471000,386000,744000,10,592,0,0.75,408000,343000,No,Semiurban,Personal,Rejected
SLR101697,42,Male,Yes,0,Graduate,No,16.7,393000,122000,549000,10,742,1,0.708,1617000,149000,No,Semiurban,Personal,Approved
SLR101698,27,Female,Yes,0,Graduate,No,9.9,676000,81000,287000,10,670,1,0.428,990000,307000,No,Semiurban,Education,Approved
SLR101699,37,Male,Yes,3+,Not Graduate,Yes,9.3,654000,662000,2076000,15,682,2,0.75,3017000,1508000,Yes,Semiurban,Education,Approved
SLR101700,64,Male,Yes,1,Graduate,Yes,34.1,546000,89000,1000000,5,677,4,0.75,2432000,429000,Yes,Urban,Vehicle,Rejected
SLR101701,32,Male,Yes,1,Not Graduate,No,8.3,371000,98000,2039000,5,728,0,0.75,2286000,168000,Yes,Urban,Personal,Rejected
SLR101702,29,Female,No,3+,Graduate,No,8.3,543000,0,202000,2,801,2,0.289,694000,751000,Yes,Rural,Medical,Approved
SLR101703,51,Male,Yes,2,Graduate,No,29.1,657000,95000,1487000,10,825,2,0.75,985000,580000,Yes,Semiurban,Business,Approved
SLR101704,29,Male,Yes,2,Graduate,Yes,5.7,499000,224000,590000,5,769,2,0.75,1064000,568000,No,Semiurban,Personal,Approved
SLR101705,62,Female,Yes,3+,Graduate,Yes,26.7,1011000,171000,504000,7,696,3,0.417,2511000,94000,Yes,Urban,Personal,Approved
SLR101706,59,Female,No,0,Not Graduate,No,20.4,770000,0,660000,3,750,3,0.75,4833000,150000,No,Semiurban,Personal,Approved
SLR101707,65,Male,Yes,2,Graduate,No,35.0,556000,73000,413000,20,538,2,0.509,2293000,101000,Yes,Rural,Medical,Approved
SLR101708,62,Male,Yes,3+,Not Graduate,No,24.9,151000,32000,592000,10,736,2,0.75,664000,266000,Yes,Urban,Home,Rejected
SLR101709,31,Male,Yes,0,Graduate,No,6.9,488000,62000,1202000,3,719,2,0.75,954000,1126000,No,Urban,Home,Rejected
SLR101710,30,Male,No,0,Not Graduate,No,4.5,778000,0,181000,7,574,1,0.192,2027000,79000,Yes,Urban,Business,Approved
SLR101711,36,Male,No,2,Not Graduate,No,14.2,472000,0,1720000,5,646,0,0.75,3981000,135000,Yes,Semiurban,Personal,Approved
SLR101712,42,Male,Yes,1,Graduate,No,17.8,650000,63000,839000,15,711,0,0.75,1272000,89000,Yes,Urban,Home,Approved
SLR101713,60,Male,Yes,0,Not Graduate,No,23.4,486000,37000,605000,15,719,3,0.75,2572000,654000,Yes,Urban,Vehicle,Rejected
SLR101714,54,Male,Yes,0,Graduate,No,26.7,625000,48000,1194000,15,762,0,0.75,345000,1561000,No,Rural,Personal,Approved
SLR101715,49,Male,Yes,0,Graduate,No,13.0,1189000,164000,823000,7,815,0,0.379,856000,429000,Yes,Urban,Personal,Approved
SLR101716,60,Male,No,0,Not Graduate,Yes,33.2,848000,0,476000,20,679,0,0.491,2689000,511000,Yes,Urban,Personal,Approved
SLR101717,50,Male,No,2,Not Graduate,No,21.4,270000,0,393000,5,605,3,0.75,162000,339000,Yes,Semiurban,Education,Approved
SLR101718,38,Male,No,1,Graduate,No,11.9,221000,0,1723000,10,752,0,0.75,3731000,302000,Yes,Urban,Personal,Approved
SLR101719,39,Female,No,2,Not Graduate,Yes,12.6,702000,0,249000,7,787,2,0.33,1981000,610000,No,Urban,Education,Approved
SLR101720,44,Male,Yes,0,Graduate,No,21.3,1045000,137000,572000,7,785,2,0.572,1513000,168000,Yes,Semiurban,Home,Approved
SLR101721,24,Male,No,0,Graduate,Yes,7.8,221000,0,260000,5,725,2,0.75,224000,583000,Yes,Urban,Vehicle,Rejected
SLR101722,54,Male,Yes,0,Graduate,No,29.7,490000,106000,893000,5,840,2,0.75,3281000,271000,Yes,Urban,Home,Approved
SLR101723,50,Male,Yes,2,Graduate,No,9.1,2029000,62000,610000,15,669,0,0.318,8177000,338000,Yes,Semiurban,Vehicle,Approved
SLR101724,53,Male,No,3+,Graduate,No,26.8,474000,0,289000,10,810,1,0.668,1120000,223000,Yes,Semiurban,Business,Approved
SLR101725,45,Male,Yes,0,Graduate,No,18.9,2206000,94000,369000,20,603,2,0.326,902000,64000,No,Rural,Home,Approved
SLR101726,56,Female,No,3+,Graduate,No,32.9,350000,0,669000,10,520,0,0.75,1077000,632000,No,Urban,Home,Rejected
SLR101727,63,Male,No,0,Graduate,No,29.8,385000,0,782000,3,602,2,0.75,2749000,317000,Yes,Urban,Education,Rejected
SLR101728,46,Male,No,0,Graduate,No,20.2,374000,0,185000,3,647,2,0.585,3485000,330000,No,Urban,Personal,Rejected
SLR101729,40,Male,No,2,Not Graduate,Yes,16.1,272000,0,411000,10,690,0,0.75,2349000,1588000,Yes,Semiurban,Personal,Approved
SLR101730,25,Male,Yes,0,Graduate,No,2.8,217000,54000,721000,5,620,1,0.75,1108000,390000,Yes,Urban,Medical,Rejected
SLR101731,56,Female,Yes,3+,Graduate,Yes,22.9,487000,410000,1427000,5,700,0,0.75,3755000,191000,Yes,Semiurban,Medical,Rejected
SLR101732,61,Male,No,0,Not Graduate,No,28.5,596000,0,1122000,7,739,1,0.75,501000,101000,Yes,Semiurban,Education,Approved
SLR101733,52,Female,Yes,2,Graduate,No,25.1,371000,143000,484000,10,716,3,0.75,4053000,269000,Yes,Rural,Business,Approved
SLR101734,59,Female,No,0,Not Graduate,No,16.0,423000,0,1244000,10,680,1,0.75,4589000,483000,No,Semiurban,Home,Approved
SLR101735,59,Male,Yes,0,Not Graduate,No,18.1,1218000,296000,530000,5,780,2,0.359,983000,109000,Yes,Semiurban,Personal,Approved
SLR101736,56,Male,Yes,1,Graduate,No,21.2,939000,49000,85000,15,630,0,0.145,6817000,824000,Yes,Urban,Home,Approved
SLR101737,43,Male,Yes,3+,Graduate,No,11.3,477000,46000,1658000,20,672,1,0.75,3448000,252000,No,Rural,Business,Approved
SLR101738,25,Female,No,1,Graduate,No,5.6,697000,0,875000,15,649,2,0.665,1404000,302000,Yes,Urban,Education,Rejected
SLR101739,21,Male,No,1,Graduate,No,0.0,224000,0,735000,5,739,0,0.75,1030000,341000,Yes,Urban,Personal,Rejected
SLR101740,30,Male,No,0,Graduate,No,8.0,638000,0,653000,15,658,3,0.75,2829000,110000,Yes,Urban,Education,Approved
SLR101741,40,Female,Yes,0,Graduate,No,8.8,531000,361000,791000,7,720,0,0.645,788000,227000,No,Semiurban,Business,Approved
SLR101742,54,Female,Yes,0,Not Graduate,Yes,23.1,448000,142000,653000,2,751,2,0.688,5163000,478000,Yes,Semiurban,Business,Approved
SLR101743,41,Male,Yes,2,Graduate,No,13.0,560000,59000,539000,10,652,1,0.561,845000,323000,Yes,Urban,Business,Approved
SLR101744,22,Male,Yes,0,Not Graduate,Yes,0.2,512000,199000,425000,20,570,4,0.623,12862000,231000,Yes,Urban,Business,Rejected
SLR101745,30,Male,Yes,0,Graduate,No,7.9,267000,365000,683000,7,673,3,0.72,1833000,264000,Yes,Rural,Education,Rejected
SLR101746,65,Male,Yes,1,Graduate,No,21.9,1385000,158000,367000,3,630,0,0.219,425000,536000,Yes,Semiurban,Education,Rejected
SLR101747,65,Female,Yes,1,Graduate,No,35.0,928000,66000,309000,5,642,2,0.437,4547000,1060000,Yes,Semiurban,Education,Approved
SLR101748,37,Male,Yes,0,Graduate,No,11.8,444000,153000,775000,7,505,0,0.75,990000,299000,Yes,Urban,Personal,Rejected
SLR101749,57,Male,Yes,0,Graduate,No,30.2,209000,40000,1229000,15,568,0,0.75,261000,170000,Yes,Urban,Business,Rejected
SLR101750,53,Female,No,1,Graduate,No,15.2,142000,0,387000,5,750,2,0.75,7698000,2461000,Yes,Urban,Personal,Approved
SLR101751,62,Male,Yes,2,Graduate,No,25.4,1657000,98000,434000,5,620,0,0.17,16469000,779000,No,Rural,Vehicle,Approved
SLR101752,60,Male,Yes,0,Graduate,No,27.6,500000,126000,216000,20,777,1,0.344,2256000,313000,Yes,Semiurban,Education,Approved
SLR101753,49,Male,No,2,Graduate,No,25.0,837000,0,276000,15,636,0,0.343,2511000,213000,No,Urban,Home,Rejected
SLR101754,38,Male,No,0,Graduate,No,15.6,326000,0,283000,20,726,2,0.75,2133000,1366000,Yes,Semiurban,Personal,Approved
SLR101755,49,Female,No,3+,Graduate,No,14.3,464000,0,1224000,5,671,2,0.75,2454000,175000,No,Urban,Education,Rejected
SLR101756,35,Male,Yes,3+,Graduate,No,12.2,478000,101000,210000,20,739,0,0.318,1066000,350000,Yes,Urban,Business,Approved
SLR101757,36,Male,Yes,0,Graduate,No,8.7,628000,21000,876000,5,671,2,0.75,1397000,602000,Yes,Rural,Home,Rejected
SLR101758,48,Male,No,1,Graduate,No,17.2,578000,0,547000,7,706,2,0.732,1181000,406000,Yes,Semiurban,Home,Approved
SLR101759,46,Female,Yes,0,Not Graduate,No,17.5,331000,513000,963000,7,782,1,0.75,1409000,162000,Yes,Urban,Home,Approved
SLR101760,47,Male,Yes,2,Graduate,Yes,13.5,329000,173000,1387000,20,725,0,0.75,475000,252000,No,Urban,Education,Approved
SLR101761,38,Female,No,1,Graduate,No,9.7,526000,0,637000,5,638,1,0.75,3357000,344000,Yes,Rural,Personal,Rejected
SLR101762,39,Female,Yes,1,Graduate,No,14.5,210000,89000,1358000,20,550,0,0.75,1545000,136000,Yes,Semiurban,Home,Rejected
SLR101763,21,Male,No,0,Graduate,No,3.7,350000,0,1780000,20,682,0,0.75,2675000,301000,Yes,Urban,Business,Rejected
SLR101764,48,Female,No,0,Graduate,No,18.3,505000,0,1559000,20,722,2,0.75,2204000,1124000,Yes,Urban,Personal,Approved
SLR101765,46,Male,Yes,2,Graduate,No,13.9,684000,211000,420000,5,702,0,0.367,183000,1474000,Yes,Rural,Vehicle,Approved
SLR101766,63,Male,No,1,Not Graduate,No,31.3,1257000,0,181000,5,624,1,0.179,2116000,291000,No,Urban,Education,Approved
SLR101767,43,Male,Yes,2,Not Graduate,No,12.5,423000,132000,599000,5,701,0,0.648,2961000,330000,Yes,Urban,Home,Approved
SLR101768,42,Female,No,2,Graduate,No,19.1,561000,0,730000,7,739,0,0.75,654000,295000,No,Urban,Medical,Rejected
SLR101769,24,Female,No,1,Graduate,No,1.9,197000,0,183000,5,795,0,0.586,1410000,64000,No,Rural,Personal,Approved
SLR101770,29,Female,No,1,Graduate,No,2.6,661000,0,676000,10,673,2,0.75,1036000,498000,No,Semiurban,Business,Approved
SLR101771,36,Female,Yes,3+,Graduate,No,7.0,334000,88000,122000,15,874,2,0.256,2013000,426000,Yes,Semiurban,Personal,Approved
SLR101772,37,Male,No,2,Graduate,No,15.0,464000,0,1775000,20,799,0,0.75,1233000,790000,Yes,Urban,Vehicle,Approved
SLR101773,37,Female,No,3+,Not Graduate,Yes,6.3,715000,0,887000,7,703,0,0.75,295000,807000,Yes,Semiurban,Education,Rejected
SLR101774,38,Female,Yes,3+,Graduate,No,10.3,731000,117000,382000,7,710,1,0.52,583000,566000,Yes,Semiurban,Education,Approved
SLR101775,55,Male,Yes,0,Graduate,No,21.7,247000,21000,706000,7,794,1,0.75,2460000,572000,No,Semiurban,Home,Approved
SLR101776,26,Male,Yes,2,Graduate,No,8.3,855000,200000,765000,20,618,1,0.641,2098000,151000,No,Urban,Education,Rejected
SLR101777,35,Male,No,2,Graduate,No,9.6,538000,0,890000,3,630,3,0.75,12079000,398000,Yes,Urban,Vehicle,Rejected
SLR101778,28,Female,Yes,0,Graduate,No,6.0,1104000,61000,680000,5,593,1,0.447,1441000,112000,Yes,Urban,Vehicle,Rejected
SLR101779,34,Male,Yes,1,Graduate,No,10.3,1229000,85000,1201000,5,671,0,0.573,302000,254000,Yes,Semiurban,Education,Rejected
SLR101780,51,Male,No,0,Graduate,No,15.3,1330000,0,285000,15,625,0,0.219,5210000,1272000,No,Urban,Medical,Approved
SLR101781,23,Male,No,1,Graduate,No,4.7,251000,0,598000,5,663,0,0.75,3601000,526000,Yes,Semiurban,Medical,Rejected
SLR101782,36,Male,No,0,Graduate,No,13.5,686000,0,2076000,20,687,2,0.75,706000,436000,Yes,Urban,Education,Rejected
SLR101783,22,Male,Yes,2,Not Graduate,No,6.7,231000,270000,517000,20,587,2,0.691,3012000,336000,Yes,Rural,Home,Approved
SLR101784,63,Male,Yes,2,Graduate,No,30.6,1125000,35000,760000,15,792,1,0.53,1872000,340000,Yes,Urban,Personal,Approved
SLR101785,53,Female,Yes,1,Graduate,No,20.5,1217000,82000,340000,7,779,2,0.341,654000,394000,No,Urban,Home,Approved
SLR101786,31,Male,Yes,0,Not Graduate,No,12.3,942000,198000,2641000,20,656,1,0.75,1871000,370000,No,Semiurban,Home,Rejected
SLR101787,29,Female,No,1,Graduate,No,8.9,435000,0,782000,5,801,1,0.75,847000,587000,No,Semiurban,Personal,Approved
SLR101788,25,Male,Yes,0,Graduate,No,6.6,742000,161000,287000,7,719,1,0.273,388000,1760000,Yes,Urban,Vehicle,Approved
SLR101789,42,Female,Yes,0,Graduate,No,11.4,406000,108000,1320000,7,772,0,0.75,1226000,1100000,Yes,Urban,Home,Rejected
SLR101790,54,Male,Yes,0,Graduate,Yes,23.7,554000,85000,324000,10,588,1,0.334,2593000,244000,No,Urban,Personal,Rejected
SLR101791,47,Male,Yes,3+,Graduate,No,15.4,523000,99000,1014000,3,665,1,0.75,1373000,212000,Yes,Semiurban,Personal,Rejected
SLR101792,60,Male,No,0,Not Graduate,Yes,20.2,183000,0,1270000,7,737,2,0.75,804000,228000,Yes,Urban,Home,Rejected
SLR101793,36,Male,No,1,Graduate,No,12.7,352000,0,2427000,20,678,0,0.75,2336000,209000,Yes,Urban,Home,Approved
SLR101794,33,Male,Yes,2,Graduate,No,13.2,1918000,114000,752000,3,677,1,0.334,1182000,86000,Yes,Rural,Medical,Approved
SLR101795,42,Female,Yes,0,Graduate,No,20.5,524000,115000,671000,3,682,2,0.75,639000,381000,No,Urban,Home,Approved
SLR101796,30,Male,Yes,3+,Graduate,No,0.3,601000,189000,174000,20,718,2,0.355,1762000,251000,Yes,Urban,Education,Approved
SLR101797,64,Male,Yes,0,Graduate,No,33.4,547000,96000,483000,15,698,2,0.729,1172000,341000,Yes,Semiurban,Home,Approved
SLR101798,29,Male,No,0,Graduate,No,6.9,439000,0,409000,2,807,2,0.667,7505000,234000,Yes,Urban,Education,Approved
SLR101799,42,Male,No,0,Graduate,No,17.4,561000,0,578000,7,616,1,0.75,3199000,366000,Yes,Urban,Business,Rejected
SLR101800,44,Male,Yes,1,Not Graduate,No,16.7,440000,80000,464000,5,697,0,0.75,2968000,206000,Yes,Semiurban,Education,Approved
SLR101801,23,Male,No,3+,Graduate,No,4.1,157000,0,1084000,5,743,0,0.75,292000,209000,No,Urban,Home,Rejected
SLR101802,42,Male,Yes,1,Not Graduate,Yes,8.7,848000,317000,452000,2,597,1,0.38,2784000,1724000,Yes,Semiurban,Vehicle,Rejected
SLR101803,41,Female,Yes,1,Not Graduate,No,16.8,1335000,72000,885000,5,664,1,0.543,3206000,131000,Yes,Semiurban,Business,Rejected
SLR101804,32,Male,Yes,0,Not Graduate,Yes,4.5,290000,66000,603000,10,703,2,0.75,328000,4236000,Yes,Semiurban,Business,Rejected
SLR101805,26,Male,Yes,3+,Not Graduate,Yes,2.4,438000,339000,434000,5,803,0,0.427,662000,118000,Yes,Rural,Education,Approved
SLR101806,23,Male,Yes,1,Graduate,No,5.6,1255000,209000,409000,5,700,0,0.276,716000,180000,Yes,Urban,Home,Approved
SLR101807,21,Male,No,0,Graduate,No,2.7,360000,0,756000,5,747,1,0.75,3711000,127000,Yes,Semiurban,Business,Approved
SLR101808,42,Male,No,3+,Graduate,No,11.1,681000,0,1584000,3,752,0,0.75,4212000,256000,Yes,Semiurban,Personal,Approved
SLR101809,25,Female,Yes,0,Graduate,No,4.0,5942000,98000,404000,10,483,0,0.128,722000,23000,Yes,Urban,Home,Approved
SLR101810,64,Male,No,0,Graduate,No,23.8,779000,0,670000,10,696,3,0.75,496000,767000,Yes,Urban,Medical,Rejected
SLR101811,32,Male,Yes,0,Graduate,No,8.0,571000,134000,890000,20,657,0,0.75,205000,181000,Yes,Urban,Medical,Rejected
SLR101812,50,Female,Yes,0,Not Graduate,No,11.1,893000,322000,642000,5,803,1,0.373,322000,450000,Yes,Urban,Vehicle,Approved
SLR101813,51,Male,Yes,2,Not Graduate,No,20.9,843000,325000,207000,5,742,1,0.283,738000,1391000,Yes,Urban,Personal,Approved
SLR101814,43,Female,Yes,1,Graduate,No,17.3,382000,283000,887000,10,756,1,0.75,790000,230000,No,Rural,Home,Approved
SLR101815,60,Male,Yes,3+,Graduate,No,35.0,212000,225000,244000,5,729,3,0.63,1393000,477000,Yes,Semiurban,Personal,Approved
SLR101816,25,Male,No,0,Graduate,No,4.1,762000,0,246000,7,698,1,0.374,2397000,168000,Yes,Urban,Business,Approved
SLR101817,31,Female,No,1,Graduate,No,5.9,828000,0,278000,10,753,1,0.385,1726000,679000,Yes,Semiurban,Home,Approved
SLR101818,32,Female,Yes,2,Graduate,Yes,10.7,467000,144000,585000,7,688,2,0.75,771000,461000,Yes,Semiurban,Personal,Approved
SLR101819,27,Female,No,1,Graduate,No,7.4,1359000,0,347000,5,786,2,0.307,1276000,128000,Yes,Semiurban,Home,Approved
SLR101820,34,Male,Yes,1,Graduate,No,10.4,1217000,415000,256000,7,610,2,0.249,666000,1036000,Yes,Urban,Home,Rejected
SLR101821,35,Female,No,1,Graduate,No,15.2,842000,0,832000,7,768,0,0.695,939000,321000,Yes,Semiurban,Vehicle,Approved
SLR101822,55,Male,Yes,2,Graduate,No,33.7,472000,269000,639000,2,663,2,0.67,1114000,305000,Yes,Rural,Vehicle,Rejected
SLR101823,34,Male,Yes,2,Graduate,No,5.7,174000,84000,1064000,5,741,0,0.75,2771000,606000,Yes,Semiurban,Personal,Approved
SLR101824,60,Male,No,0,Graduate,Yes,19.6,500000,0,405000,10,572,0,0.75,3180000,797000,Yes,Urban,Home,Rejected
SLR101825,55,Male,Yes,1,Not Graduate,No,30.3,200000,110000,624000,2,710,3,0.75,664000,153000,Yes,Rural,Home,Approved
SLR101826,61,Male,Yes,1,Graduate,No,24.1,150000,119000,1094000,5,679,0,0.75,1423000,735000,Yes,Urban,Home,Approved
SLR101827,25,Male,Yes,0,Not Graduate,Yes,1.9,785000,157000,277000,7,687,1,0.255,2657000,361000,Yes,Urban,Personal,Approved
SLR101828,65,Female,Yes,0,Graduate,No,35.0,1048000,250000,423000,7,557,1,0.383,1238000,287000,Yes,Urban,Home,Approved
SLR101829,48,Female,Yes,3+,Graduate,No,14.5,188000,110000,1239000,2,692,4,0.75,1015000,208000,Yes,Rural,Business,Rejected
SLR101830,65,Female,Yes,0,Not Graduate,No,24.4,478000,245000,658000,15,700,0,0.75,3459000,419000,Yes,Urban,Education,Rejected
SLR101831,36,Male,Yes,0,Not Graduate,Yes,6.4,545000,275000,589000,3,556,0,0.537,2500000,113000,Yes,Semiurban,Home,Rejected
SLR101832,63,Female,Yes,1,Graduate,No,30.5,468000,86000,634000,15,604,1,0.75,1352000,180000,Yes,Semiurban,Personal,Rejected
SLR101833,47,Male,Yes,0,Not Graduate,No,21.3,258000,542000,1439000,20,702,1,0.75,610000,91000,Yes,Urban,Vehicle,Approved
SLR101834,24,Male,Yes,0,Graduate,No,6.8,1144000,218000,640000,5,721,1,0.419,337000,683000,Yes,Urban,Education,Approved
SLR101835,39,Female,No,0,Not Graduate,No,16.2,262000,0,670000,3,686,0,0.75,1657000,400000,Yes,Urban,Personal,Rejected
SLR101836,27,Male,No,0,Graduate,No,5.9,188000,0,643000,3,693,0,0.75,2427000,423000,No,Semiurban,Home,Approved
SLR101837,63,Male,Yes,0,Not Graduate,Yes,24.9,258000,275000,227000,15,692,0,0.413,543000,242000,No,Urban,Home,Approved
SLR101838,34,Male,Yes,2,Not Graduate,No,10.7,717000,192000,901000,20,649,1,0.75,3409000,299000,Yes,Urban,Home,Rejected
SLR101839,31,Male,Yes,0,Not Graduate,No,5.0,475000,141000,381000,10,677,2,0.473,1033000,300000,No,Urban,Vehicle,Rejected
SLR101840,45,Female,Yes,0,Not Graduate,No,14.4,360000,8000,286000,20,585,1,0.517,292000,459000,No,Urban,Home,Rejected
SLR101841,40,Male,Yes,1,Graduate,No,14.8,735000,55000,209000,15,646,0,0.274,2176000,103000,Yes,Urban,Personal,Rejected
SLR101842,25,Male,Yes,0,Graduate,Yes,1.4,660000,207000,239000,7,687,4,0.385,1285000,377000,Yes,Urban,Home,Approved
SLR101843,57,Male,No,1,Graduate,No,20.5,155000,0,149000,20,783,1,0.75,1227000,503000,Yes,Semiurban,Vehicle,Approved
SLR101844,59,Male,Yes,0,Not Graduate,No,22.4,731000,181000,334000,7,681,1,0.398,2983000,519000,No,Urban,Medical,Approved
SLR101845,54,Female,Yes,0,Graduate,Yes,22.2,1053000,244000,490000,7,845,3,0.402,5445000,1738000,Yes,Urban,Personal,Approved
SLR101846,48,Female,Yes,0,Graduate,No,18.2,514000,110000,1296000,10,835,4,0.75,2368000,433000,No,Semiurban,Home,Approved
SLR101847,39,Female,Yes,0,Not Graduate,No,12.0,483000,29000,676000,10,695,1,0.75,968000,703000,No,Urban,Business,Approved
SLR101848,45,Female,No,3+,Graduate,No,17.5,1559000,0,766000,5,659,0,0.448,295000,750000,No,Rural,Education,Approved
SLR101849,44,Male,No,3+,Not Graduate,Yes,17.1,372000,0,1493000,7,860,2,0.75,2453000,193000,Yes,Urban,Business,Approved
SLR101850,28,Female,Yes,2,Not Graduate,No,6.0,502000,328000,102000,5,746,0,0.186,1469000,659000,Yes,Rural,Home,Approved
SLR101851,24,Male,No,0,Graduate,No,3.7,660000,0,838000,3,723,1,0.75,694000,75000,Yes,Semiurban,Vehicle,Rejected
SLR101852,32,Male,Yes,2,Graduate,No,12.4,565000,128000,798000,5,636,2,0.75,878000,183000,Yes,Semiurban,Education,Rejected
SLR101853,41,Male,Yes,1,Graduate,No,14.3,474000,37000,1110000,7,658,4,0.75,5387000,610000,Yes,Urban,Personal,Rejected
SLR101854,28,Male,No,0,Graduate,No,7.8,578000,0,202000,5,615,2,0.441,3300000,143000,Yes,Urban,Business,Rejected
SLR101855,25,Female,No,3+,Not Graduate,No,2.2,1304000,0,448000,5,802,2,0.446,3879000,836000,Yes,Rural,Vehicle,Approved
SLR101856,59,Male,Yes,2,Graduate,Yes,19.1,858000,793000,355000,3,728,2,0.329,3624000,808000,Yes,Urban,Personal,Approved
SLR101857,37,Female,No,0,Graduate,No,17.4,528000,0,281000,15,667,1,0.36,1772000,497000,Yes,Semiurban,Medical,Rejected
SLR101858,47,Male,No,3+,Graduate,No,18.3,342000,0,2922000,10,655,1,0.75,552000,445000,Yes,Semiurban,Vehicle,Approved
SLR101859,44,Male,Yes,0,Not Graduate,No,20.3,368000,269000,450000,5,616,0,0.613,1542000,292000,Yes,Urban,Education,Approved
SLR101860,54,Female,Yes,1,Graduate,Yes,27.5,928000,103000,1188000,10,685,1,0.743,2527000,409000,Yes,Urban,Home,Approved
SLR101861,54,Male,Yes,0,Not Graduate,No,28.2,229000,132000,1028000,7,703,0,0.75,1264000,800000,Yes,Urban,Business,Approved
SLR101862,34,Male,Yes,0,Not Graduate,No,8.7,2062000,120000,255000,7,519,4,0.294,1780000,889000,No,Semiurban,Education,Rejected
SLR101863,59,Male,Yes,3+,Graduate,No,27.4,540000,66000,462000,15,618,2,0.705,2318000,383000,Yes,Rural,Home,Rejected
SLR101864,37,Female,Yes,1,Graduate,Yes,16.9,258000,62000,676000,7,639,0,0.75,3350000,121000,Yes,Urban,Personal,Approved
SLR101865,58,Female,No,0,Graduate,No,24.1,608000,0,841000,5,771,0,0.75,3280000,280000,No,Semiurban,Medical,Approved
SLR101866,39,Male,Yes,2,Not Graduate,Yes,8.8,354000,48000,806000,15,648,0,0.75,1008000,434000,No,Urban,Business,Rejected
SLR101867,25,Male,No,2,Graduate,Yes,6.8,437000,0,2031000,5,555,0,0.75,427000,669000,Yes,Semiurban,Home,Rejected
SLR101868,55,Male,No,3+,Not Graduate,No,22.2,240000,0,1175000,20,607,2,0.75,5583000,497000,Yes,Urban,Business,Rejected
SLR101869,22,Male,No,3+,Not Graduate,No,3.9,482000,0,996000,20,819,0,0.75,1874000,992000,Yes,Rural,Personal,Approved
SLR101870,55,Male,No,3+,Graduate,No,17.0,171000,0,1220000,5,662,1,0.75,1077000,205000,Yes,Urban,Medical,Approved
SLR101871,22,Male,No,1,Graduate,Yes,0.0,395000,0,1566000,15,612,1,0.75,263000,205000,No,Semiurban,Home,Approved
SLR101872,30,Male,Yes,0,Not Graduate,No,8.6,349000,65000,434000,20,564,2,0.75,2663000,783000,Yes,Rural,Home,Rejected
SLR101873,48,Male,No,3+,Not Graduate,No,18.6,417000,0,233000,20,692,2,0.571,2188000,170000,No,Rural,Vehicle,Approved
SLR101874,63,Male,No,0,Graduate,Yes,30.3,361000,0,438000,3,700,3,0.75,1092000,154000,Yes,Semiurban,Vehicle,Approved
SLR101875,39,Male,Yes,0,Graduate,No,10.8,560000,81000,266000,5,723,2,0.431,1981000,369000,Yes,Urban,Personal,Approved
SLR101876,26,Male,Yes,1,Graduate,No,6.6,896000,55000,343000,7,895,1,0.427,4980000,645000,Yes,Rural,Vehicle,Approved
SLR101877,31,Female,No,0,Graduate,Yes,12.4,671000,0,694000,7,597,0,0.75,448000,421000,Yes,Rural,Home,Rejected
SLR101878,61,Male,Yes,1,Not Graduate,No,31.1,1124000,104000,454000,5,662,1,0.42,3856000,43000,No,Urban,Medical,Approved
SLR101879,53,Female,Yes,3+,Graduate,Yes,27.7,418000,300000,991000,3,712,2,0.75,606000,314000,Yes,Semiurban,Personal,Approved
SLR101880,25,Male,Yes,1,Not Graduate,No,1.6,658000,209000,792000,7,657,1,0.498,484000,194000,Yes,Urban,Vehicle,Rejected
SLR101881,38,Male,Yes,1,Graduate,No,14.8,672000,120000,824000,5,535,4,0.75,1100000,913000,Yes,Urban,Business,Rejected
SLR101882,32,Male,Yes,0,Not Graduate,Yes,14.7,1036000,549000,286000,7,728,1,0.3,4797000,102000,Yes,Semiurban,Vehicle,Approved
SLR101883,29,Male,Yes,2,Graduate,No,9.9,368000,117000,367000,5,643,3,0.523,696000,555000,Yes,Semiurban,Vehicle,Approved
SLR101884,59,Male,No,0,Not Graduate,No,24.1,849000,0,188000,7,610,0,0.254,1237000,355000,Yes,Urban,Home,Rejected
SLR101885,48,Female,Yes,0,Graduate,No,16.9,343000,319000,940000,10,623,0,0.75,370000,433000,Yes,Semiurban,Home,Rejected
SLR101886,29,Female,Yes,1,Not Graduate,No,8.8,402000,301000,2267000,5,806,0,0.75,2233000,664000,Yes,Urban,Education,Approved
SLR101887,50,Male,No,1,Graduate,No,22.5,452000,0,730000,5,787,0,0.75,649000,297000,No,Semiurban,Education,Rejected
SLR101888,39,Male,No,0,Graduate,No,12.0,706000,0,774000,7,608,1,0.75,929000,379000,Yes,Semiurban,Home,Rejected
SLR101889,23,Female,Yes,0,Graduate,Yes,2.6,302000,120000,460000,5,560,0,0.75,3149000,1409000,No,Semiurban,Medical,Rejected
SLR101890,41,Male,Yes,0,Graduate,Yes,10.3,327000,237000,565000,3,757,1,0.724,758000,781000,Yes,Urban,Personal,Approved
SLR101891,29,Male,Yes,2,Graduate,No,13.4,386000,64000,1488000,10,844,0,0.75,2051000,738000,Yes,Semiurban,Home,Approved
SLR101892,32,Female,No,0,Graduate,Yes,8.6,565000,0,689000,10,865,2,0.75,1857000,719000,Yes,Urban,Medical,Approved
SLR101893,60,Male,Yes,1,Graduate,Yes,31.7,329000,455000,985000,5,584,0,0.75,1737000,1604000,Yes,Rural,Home,Approved
SLR101894,52,Male,Yes,3+,Graduate,No,23.5,636000,198000,1514000,20,792,2,0.75,557000,558000,Yes,Rural,Vehicle,Approved
SLR101895,27,Male,No,2,Graduate,No,5.8,452000,0,1329000,15,690,1,0.75,1644000,387000,No,Semiurban,Education,Rejected
SLR101896,59,Male,No,0,Graduate,No,33.5,790000,0,664000,20,545,2,0.587,1190000,583000,Yes,Semiurban,Business,Rejected
SLR101897,46,Male,Yes,1,Graduate,No,24.9,569000,85000,696000,7,626,3,0.75,1096000,225000,Yes,Semiurban,Business,Rejected
SLR101898,60,Female,No,0,Graduate,Yes,29.6,1442000,0,506000,7,631,1,0.253,2674000,691000,Yes,Semiurban,Business,Approved
SLR101899,54,Male,No,0,Not Graduate,No,26.3,588000,0,899000,10,726,2,0.75,449000,798000,Yes,Urban,Personal,Approved
SLR101900,36,Female,No,2,Graduate,No,7.4,281000,0,497000,10,587,2,0.75,777000,269000,Yes,Urban,Home,Rejected
SLR101901,45,Female,No,0,Graduate,No,15.8,489000,0,816000,10,761,3,0.75,1384000,316000,Yes,Urban,Medical,Approved
SLR101902,44,Female,No,0,Not Graduate,Yes,13.3,556000,0,1276000,7,726,2,0.75,5511000,465000,No,Urban,Personal,Rejected
SLR101903,53,Male,Yes,3+,Not Graduate,Yes,23.4,334000,96000,217000,3,767,1,0.346,274000,212000,Yes,Urban,Business,Approved
SLR101904,32,Male,Yes,2,Graduate,No,11.1,1267000,227000,194000,15,640,0,0.127,1669000,153000,Yes,Rural,Home,Approved
SLR101905,35,Male,No,3+,Graduate,No,10.5,464000,0,631000,7,720,1,0.75,1190000,290000,Yes,Urban,Education,Approved
SLR101906,32,Male,Yes,3+,Not Graduate,Yes,8.3,386000,407000,1004000,10,612,3,0.75,2767000,372000,Yes,Rural,Medical,Rejected
SLR101907,34,Female,Yes,0,Not Graduate,No,8.4,608000,99000,783000,5,741,2,0.75,734000,598000,No,Semiurban,Home,Approved
SLR101908,28,Male,Yes,1,Graduate,Yes,6.5,334000,50000,296000,7,672,1,0.611,1162000,548000,Yes,Semiurban,Vehicle,Rejected
SLR101909,22,Female,No,0,Graduate,No,2.5,936000,0,1167000,10,680,3,0.75,624000,339000,Yes,Rural,Medical,Rejected
SLR101910,63,Male,No,2,Not Graduate,No,28.7,838000,0,2247000,7,688,2,0.75,962000,556000,No,Urban,Personal,Approved
SLR101911,24,Male,Yes,0,Not Graduate,No,3.9,591000,350000,370000,5,559,1,0.409,2471000,231000,No,Urban,Personal,Rejected
SLR101912,60,Male,Yes,0,Graduate,No,34.1,761000,119000,406000,5,779,1,0.405,2018000,105000,Yes,Rural,Personal,Approved
SLR101913,21,Female,Yes,0,Graduate,No,0.0,418000,419000,661000,5,696,1,0.75,1098000,299000,No,Urban,Business,Approved
SLR101914,55,Male,No,2,Graduate,No,18.3,241000,0,599000,7,780,1,0.75,3130000,428000,Yes,Urban,Business,Approved
SLR101915,35,Male,No,0,Graduate,No,12.6,460000,0,1421000,7,774,2,0.75,12495000,221000,Yes,Semiurban,Education,Approved
SLR101916,44,Female,Yes,1,Graduate,No,17.3,417000,281000,782000,5,629,0,0.683,686000,109000,Yes,Urban,Home,Rejected
SLR101917,33,Male,Yes,2,Graduate,No,7.3,179000,132000,538000,2,670,1,0.75,2248000,175000,Yes,Urban,Home,Rejected
SLR101918,43,Male,No,2,Graduate,No,17.7,307000,0,443000,15,574,3,0.75,1466000,134000,Yes,Semiurban,Vehicle,Rejected
SLR101919,41,Male,Yes,0,Graduate,No,11.3,280000,129000,241000,2,782,2,0.623,3719000,118000,No,Rural,Vehicle,Approved
SLR101920,44,Male,No,0,Not Graduate,No,18.9,308000,0,1583000,7,714,0,0.75,853000,367000,No,Urban,Home,Rejected
SLR101921,38,Male,Yes,3+,Not Graduate,No,10.1,1145000,64000,977000,7,705,0,0.718,3460000,908000,Yes,Rural,Personal,Approved
SLR101922,45,Male,Yes,1,Not Graduate,No,20.0,729000,109000,613000,7,669,2,0.714,1274000,363000,Yes,Semiurban,Vehicle,Approved
SLR101923,58,Male,Yes,0,Not Graduate,No,24.9,935000,92000,698000,3,617,2,0.507,1138000,900000,Yes,Rural,Education,Approved
SLR101924,40,Male,Yes,3+,Not Graduate,No,11.9,728000,227000,606000,10,786,2,0.551,1619000,44000,Yes,Rural,Vehicle,Approved
SLR101925,37,Male,Yes,0,Graduate,No,14.7,998000,94000,206000,5,840,1,0.26,1615000,411000,Yes,Semiurban,Home,Approved
SLR101926,26,Male,No,1,Graduate,No,8.2,558000,0,258000,10,789,0,0.315,622000,551000,Yes,Rural,Business,Approved
SLR101927,37,Male,Yes,0,Not Graduate,No,13.0,1266000,84000,569000,5,677,2,0.375,1442000,190000,Yes,Urban,Home,Approved
SLR101928,26,Male,Yes,0,Graduate,No,4.4,279000,56000,563000,7,719,0,0.75,4676000,173000,Yes,Rural,Home,Approved
SLR101929,29,Male,No,0,Graduate,No,7.4,530000,0,645000,7,770,0,0.75,491000,264000,Yes,Rural,Home,Approved
SLR101930,63,Male,No,2,Not Graduate,No,26.4,313000,0,1959000,20,697,2,0.75,2141000,717000,Yes,Semiurban,Home,Rejected
SLR101931,25,Male,Yes,0,Graduate,No,2.8,1089000,228000,540000,5,836,3,0.43,3506000,137000,No,Semiurban,Business,Approved
SLR101932,42,Female,Yes,2,Not Graduate,Yes,11.4,693000,55000,396000,5,784,0,0.457,1364000,182000,No,Semiurban,Vehicle,Approved
SLR101933,58,Female,Yes,2,Graduate,No,29.8,1056000,43000,673000,5,899,0,0.527,1135000,123000,Yes,Rural,Home,Approved
SLR101934,63,Male,Yes,2,Graduate,Yes,25.5,254000,111000,262000,7,705,1,0.519,1414000,568000,Yes,Urban,Personal,Approved
SLR101935,27,Male,No,0,Not Graduate,Yes,6.8,395000,0,719000,3,509,1,0.75,606000,200000,Yes,Semiurban,Home,Rejected
SLR101936,28,Male,Yes,2,Not Graduate,No,6.0,206000,99000,406000,20,695,1,0.75,1164000,324000,Yes,Urban,Education,Approved
SLR101937,37,Female,Yes,0,Graduate,No,10.9,671000,127000,752000,5,662,3,0.689,6504000,513000,Yes,Urban,Personal,Rejected
SLR101938,45,Male,No,2,Graduate,Yes,18.4,435000,0,578000,20,703,3,0.75,1249000,235000,Yes,Urban,Education,Approved
SLR101939,64,Male,Yes,0,Graduate,No,35.0,833000,158000,593000,7,824,0,0.457,1418000,108000,Yes,Semiurban,Education,Approved
SLR101940,30,Male,Yes,2,Graduate,Yes,6.6,560000,64000,977000,7,649,0,0.75,604000,525000,Yes,Urban,Medical,Rejected
SLR101941,28,Male,Yes,0,Graduate,No,6.6,170000,127000,1048000,10,628,3,0.75,2016000,557000,No,Semiurban,Business,Rejected
SLR101942,32,Male,No,1,Graduate,No,4.7,221000,0,2437000,3,641,0,0.75,542000,1264000,Yes,Rural,Business,Approved
SLR101943,60,Female,No,0,Graduate,Yes,29.4,576000,0,1021000,7,852,2,0.75,1172000,449000,Yes,Urban,Personal,Approved
SLR101944,22,Female,Yes,0,Graduate,No,0.0,711000,156000,554000,5,655,0,0.513,122000,371000,No,Urban,Education,Rejected
SLR101945,38,Male,No,1,Graduate,No,7.6,163000,0,431000,5,709,2,0.75,1431000,437000,Yes,Rural,Medical,Approved
SLR101946,26,Male,Yes,0,Graduate,No,2.6,525000,369000,814000,10,828,0,0.75,1617000,303000,Yes,Rural,Home,Approved
SLR101947,28,Male,Yes,2,Graduate,No,9.6,314000,231000,1681000,5,740,0,0.75,712000,341000,Yes,Semiurban,Home,Approved
SLR101948,62,Male,Yes,2,Graduate,No,29.5,299000,225000,1134000,10,521,0,0.75,864000,217000,Yes,Urban,Education,Rejected
SLR101949,21,Male,Yes,1,Not Graduate,No,0.3,384000,61000,409000,7,654,1,0.688,757000,433000,Yes,Semiurban,Personal,Rejected
SLR101950,35,Male,Yes,2,Not Graduate,No,12.1,589000,148000,872000,20,641,0,0.75,2563000,440000,Yes,Rural,Personal,Rejected
SLR101951,62,Female,No,2,Not Graduate,No,35.0,373000,0,751000,20,559,4,0.75,859000,307000,Yes,Semiurban,Home,Rejected
SLR101952,48,Female,Yes,3+,Graduate,No,26.5,184000,18000,1285000,2,654,0,0.75,4841000,165000,Yes,Urban,Business,Rejected
SLR101953,24,Male,No,0,Not Graduate,No,2.6,586000,0,791000,15,486,1,0.75,5066000,107000,Yes,Urban,Education,Rejected
SLR101954,41,Male,No,1,Graduate,Yes,11.9,454000,0,772000,5,714,3,0.75,1471000,228000,Yes,Urban,Business,Rejected
SLR101955,64,Male,Yes,2,Graduate,No,28.3,328000,39000,302000,7,691,2,0.75,5610000,210000,No,Semiurban,Personal,Approved
SLR101956,39,Male,Yes,0,Not Graduate,No,11.3,464000,194000,1088000,15,637,1,0.75,5159000,255000,No,Urban,Personal,Approved
SLR101957,44,Male,Yes,0,Graduate,No,17.2,454000,130000,263000,5,554,1,0.407,2006000,242000,Yes,Urban,Business,Approved
SLR101958,44,Male,Yes,0,Not Graduate,No,16.6,563000,362000,689000,10,795,0,0.655,630000,1381000,No,Semiurban,Vehicle,Approved
SLR101959,50,Male,Yes,1,Graduate,No,18.1,480000,86000,454000,5,647,2,0.516,1947000,256000,No,Semiurban,Home,Approved
SLR101960,29,Female,No,0,Graduate,No,6.7,602000,0,437000,15,772,1,0.523,1715000,120000,Yes,Urban,Personal,Rejected
SLR101961,58,Male,No,1,Graduate,No,28.2,535000,0,949000,7,681,2,0.75,860000,355000,Yes,Semiurban,Personal,Approved
SLR101962,65,Male,Yes,1,Not Graduate,Yes,35.0,863000,13000,649000,5,799,0,0.448,8559000,258000,Yes,Urban,Personal,Approved
SLR101963,27,Male,Yes,1,Graduate,No,1.8,1315000,90000,137000,2,734,2,0.175,2499000,1548000,No,Rural,Vehicle,Approved
SLR101964,57,Female,Yes,0,Graduate,Yes,19.9,545000,129000,572000,10,698,1,0.75,479000,444000,Yes,Urban,Personal,Approved
SLR101965,57,Male,No,2,Graduate,Yes,29.0,391000,0,505000,10,627,1,0.75,2024000,717000,Yes,Urban,Education,Rejected
SLR101966,54,Male,Yes,1,Not Graduate,No,21.2,250000,206000,1472000,10,787,1,0.75,1473000,358000,Yes,Semiurban,Education,Approved
SLR101967,37,Male,Yes,0,Graduate,Yes,10.3,785000,129000,290000,7,675,3,0.308,2088000,408000,Yes,Urban,Education,Approved
SLR101968,42,Male,Yes,0,Not Graduate,No,13.0,335000,128000,2260000,7,629,4,0.75,1208000,228000,Yes,Semiurban,Home,Rejected
SLR101969,58,Female,Yes,0,Graduate,No,31.1,2000000,214000,1134000,10,678,2,0.536,452000,336000,Yes,Semiurban,Vehicle,Rejected
SLR101970,27,Male,Yes,3+,Graduate,No,7.1,2536000,86000,543000,2,687,0,0.269,3650000,170000,Yes,Urban,Home,Approved
SLR101971,58,Female,No,0,Graduate,Yes,32.3,489000,0,495000,5,756,1,0.75,7087000,246000,Yes,Semiurban,Home,Approved
SLR101972,62,Male,Yes,0,Not Graduate,No,22.3,220000,240000,429000,5,549,2,0.75,966000,450000,Yes,Urban,Home,Rejected
SLR101973,51,Male,Yes,0,Graduate,No,11.7,788000,125000,800000,15,869,2,0.67,1240000,476000,Yes,Semiurban,Business,Approved
SLR101974,36,Male,Yes,0,Graduate,No,13.5,1745000,27000,390000,7,725,0,0.22,3871000,417000,Yes,Urban,Vehicle,Approved
SLR101975,46,Male,Yes,0,Graduate,No,15.7,267000,125000,602000,2,689,1,0.75,915000,215000,Yes,Rural,Home,Approved
SLR101976,23,Male,No,2,Not Graduate,No,1.2,1562000,0,321000,15,723,3,0.23,3029000,2061000,Yes,Semiurban,Medical,Approved
SLR101977,62,Male,Yes,1,Graduate,No,29.2,199000,247000,1033000,7,575,0,0.75,1319000,325000,Yes,Rural,Vehicle,Rejected
SLR101978,36,Male,No,2,Graduate,No,4.0,247000,0,726000,3,699,1,0.75,677000,425000,No,Urban,Business,Approved
SLR101979,23,Female,Yes,0,Graduate,No,0.0,652000,55000,480000,7,739,3,0.75,832000,961000,Yes,Urban,Personal,Approved
SLR101980,56,Female,No,1,Graduate,No,28.5,962000,0,555000,20,668,1,0.439,1348000,166000,Yes,Urban,Home,Approved
SLR101981,50,Male,No,2,Not Graduate,No,16.2,530000,0,414000,15,729,5,0.75,1445000,303000,Yes,Rural,Personal,Approved
SLR101982,49,Male,Yes,1,Graduate,No,23.9,704000,151000,797000,10,749,1,0.729,499000,1520000,Yes,Semiurban,Vehicle,Approved
SLR101983,23,Female,No,2,Not Graduate,No,3.7,1010000,0,287000,10,635,2,0.333,1671000,505000,No,Urban,Home,Approved
SLR101984,54,Male,Yes,0,Not Graduate,No,28.2,1076000,410000,1168000,7,784,0,0.655,192000,661000,Yes,Rural,Personal,Approved
SLR101985,49,Female,No,1,Graduate,No,21.4,391000,0,728000,15,685,2,0.75,2565000,260000,No,Semiurban,Home,Rejected
SLR101986,56,Male,Yes,1,Not Graduate,No,25.8,342000,62000,486000,15,833,2,0.75,2808000,252000,Yes,Urban,Home,Approved
SLR101987,58,Female,No,0,Graduate,No,25.2,982000,0,952000,5,788,0,0.74,704000,148000,No,Urban,Home,Approved
SLR101988,30,Male,Yes,2,Graduate,No,9.3,706000,196000,837000,7,720,0,0.723,1474000,1735000,Yes,Semiurban,Home,Rejected
SLR101989,30,Male,No,0,Graduate,No,8.3,760000,0,329000,5,629,0,0.452,943000,244000,Yes,Semiurban,Vehicle,Rejected
SLR101990,62,Male,No,0,Not Graduate,Yes,20.1,382000,0,1520000,10,682,1,0.75,978000,119000,Yes,Urban,Home,Rejected
SLR101991,44,Male,Yes,2,Graduate,No,18.2,781000,166000,128000,3,766,2,0.179,1111000,897000,Yes,Urban,Home,Approved
SLR101992,40,Female,No,2,Not Graduate,Yes,13.2,301000,0,1320000,7,648,1,0.75,1234000,205000,Yes,Urban,Personal,Rejected
SLR101993,33,Female,No,3+,Graduate,No,10.2,630000,0,585000,20,723,1,0.566,877000,615000,No,Semiurban,Home,Approved
SLR101994,49,Male,Yes,3+,Graduate,No,25.0,585000,171000,1237000,7,731,1,0.75,1763000,600000,Yes,Urban,Medical,Approved
SLR101995,54,Male,Yes,0,Not Graduate,No,24.7,587000,630000,1658000,3,682,0,0.75,5450000,802000,Yes,Urban,Education,Approved
SLR101996,21,Male,Yes,1,Graduate,No,-0.0,845000,95000,492000,2,628,1,0.459,2127000,115000,Yes,Semiurban,Vehicle,Rejected
SLR101997,45,Male,Yes,3+,Graduate,No,11.3,314000,156000,508000,20,810,1,0.75,1180000,473000,Yes,Rural,Business,Approved
SLR101998,65,Male,Yes,0,Not Graduate,No,26.8,798000,74000,798000,10,726,0,0.75,4208000,147000,Yes,Urban,Home,Approved
SLR101999,33,Female,No,1,Graduate,No,8.7,556000,0,311000,10,667,2,0.578,3937000,367000,Yes,Rural,Medical,Rejected
SLR102000,33,Female,Yes,3+,Not Graduate,No,7.4,356000,73000,524000,5,631,0,0.75,3096000,695000,Yes,Semiurban,Medical,Approved
SLR102001,60,Male,No,0,Not Graduate,No,31.1,266000,0,496000,7,757,0,0.75,2036000,89000,Yes,Semiurban,Business,Approved
SLR102002,23,Male,Yes,3+,Graduate,No,2.4,1554000,851000,301000,7,685,3,0.289,2058000,246000,Yes,Urban,Home,Approved
SLR102003,38,Male,Yes,1,Graduate,No,17.8,529000,131000,479000,15,763,2,0.722,2550000,164000,Yes,Rural,Personal,Approved
SLR102004,41,Male,Yes,3+,Not Graduate,No,15.8,452000,34000,1060000,7,621,0,0.75,4027000,398000,Yes,Urban,Vehicle,Rejected
SLR102005,56,Male,Yes,1,Not Graduate,No,21.4,293000,201000,1012000,5,713,0,0.75,757000,143000,Yes,Rural,Education,Rejected
SLR102006,26,Male,Yes,1,Graduate,No,7.3,1001000,296000,579000,7,654,0,0.364,1232000,604000,Yes,Semiurban,Business,Approved
SLR102007,40,Male,Yes,2,Graduate,No,11.9,959000,206000,677000,10,821,2,0.46,3169000,287000,Yes,Rural,Business,Approved
SLR102008,27,Male,Yes,0,Graduate,Yes,8.4,863000,104000,533000,2,718,1,0.572,1545000,335000,No,Urban,Business,Rejected
SLR102009,56,Female,No,1,Graduate,No,26.9,532000,0,207000,7,615,0,0.274,1523000,421000,No,Semiurban,Vehicle,Rejected
SLR102010,49,Male,Yes,3+,Graduate,No,18.2,831000,59000,336000,5,760,1,0.328,3078000,37000,No,Rural,Home,Approved
SLR102011,43,Male,Yes,3+,Graduate,No,9.8,350000,103000,1212000,15,783,1,0.75,602000,149000,Yes,Rural,Home,Approved
SLR102012,38,Male,Yes,3+,Graduate,No,11.4,620000,89000,1415000,7,665,0,0.75,3289000,1124000,Yes,Urban,Personal,Approved
SLR102013,27,Female,Yes,1,Graduate,No,0.5,534000,77000,372000,10,629,3,0.653,617000,131000,Yes,Urban,Personal,Rejected
SLR102014,62,Male,No,1,Not Graduate,No,31.4,637000,0,1345000,7,525,0,0.75,1009000,151000,Yes,Urban,Education,Rejected
SLR102015,50,Male,Yes,1,Graduate,No,13.7,203000,251000,298000,15,773,2,0.636,342000,262000,Yes,Semiurban,Business,Approved
SLR102016,35,Male,No,1,Graduate,No,11.6,1538000,0,464000,20,559,3,0.401,927000,654000,Yes,Semiurban,Education,Rejected
SLR102017,39,Male,No,1,Graduate,No,9.5,1340000,0,602000,3,686,2,0.422,2342000,115000,No,Semiurban,Home,Approved
SLR102018,53,Male,Yes,0,Graduate,No,17.9,292000,57000,544000,2,561,0,0.75,1664000,283000,Yes,Urban,Medical,Rejected
SLR102019,53,Female,Yes,0,Not Graduate,No,19.1,756000,128000,414000,10,825,1,0.32,1125000,930000,Yes,Urban,Home,Approved
SLR102020,41,Male,Yes,1,Graduate,No,22.3,243000,167000,706000,10,790,1,0.75,2076000,451000,Yes,Semiurban,Personal,Approved
SLR102021,34,Male,No,0,Graduate,Yes,14.3,576000,0,1077000,7,713,0,0.75,2100000,158000,No,Urban,Home,Approved
SLR102022,50,Male,Yes,0,Not Graduate,No,23.9,164000,158000,253000,7,769,1,0.663,534000,801000,Yes,Semiurban,Home,Approved
SLR102023,50,Female,Yes,0,Graduate,No,27.3,468000,426000,706000,10,680,3,0.616,3751000,268000,Yes,Urban,Vehicle,Approved
SLR102024,47,Female,Yes,2,Graduate,No,17.2,421000,101000,1217000,10,628,2,0.75,2359000,505000,Yes,Semiurban,Education,Rejected
SLR102025,24,Female,Yes,3+,Not Graduate,No,2.4,1039000,229000,497000,7,564,0,0.342,381000,187000,Yes,Semiurban,Vehicle,Approved
SLR102026,42,Male,Yes,1,Not Graduate,No,15.7,1377000,182000,456000,5,749,0,0.329,6025000,772000,Yes,Rural,Education,Approved
SLR102027,48,Female,Yes,3+,Graduate,No,24.3,1394000,130000,374000,20,614,0,0.178,1090000,269000,Yes,Semiurban,Home,Rejected
SLR102028,63,Male,Yes,3+,Graduate,No,35.0,1040000,221000,2386000,7,879,0,0.75,539000,419000,Yes,Semiurban,Vehicle,Approved
SLR102029,44,Male,No,0,Graduate,No,23.5,576000,0,1716000,5,607,1,0.75,444000,81000,Yes,Rural,Business,Rejected
SLR102030,36,Male,Yes,0,Graduate,No,12.5,681000,55000,537000,20,766,2,0.743,342000,1160000,Yes,Urban,Personal,Approved
SLR102031,46,Female,Yes,0,Graduate,No,22.7,679000,170000,1400000,10,786,2,0.75,908000,996000,Yes,Semiurban,Vehicle,Approved
SLR102032,28,Male,Yes,0,Not Graduate,No,6.1,287000,32000,462000,7,590,0,0.75,716000,136000,No,Semiurban,Business,Approved
SLR102033,25,Male,No,1,Graduate,No,3.8,1033000,0,587000,15,656,2,0.412,511000,1194000,Yes,Urban,Education,Rejected
SLR102034,51,Male,Yes,0,Not Graduate,No,19.0,804000,49000,326000,5,673,3,0.467,1053000,120000,Yes,Urban,Vehicle,Approved
SLR102035,65,Male,No,3+,Not Graduate,No,35.0,825000,0,196000,7,900,2,0.385,5519000,127000,No,Semiurban,Personal,Approved
SLR102036,59,Male,Yes,1,Not Graduate,No,19.6,157000,87000,446000,5,672,1,0.75,746000,296000,Yes,Urban,Personal,Approved
SLR102037,47,Male,No,0,Not Graduate,No,21.8,706000,0,493000,15,605,0,0.481,1042000,406000,No,Urban,Education,Rejected
SLR102038,22,Female,Yes,3+,Graduate,No,3.5,956000,101000,858000,3,727,0,0.505,2336000,713000,Yes,Rural,Vehicle,Approved
SLR102039,65,Male,No,3+,Graduate,No,24.5,545000,0,995000,5,611,0,0.75,7097000,326000,Yes,Urban,Business,Approved
SLR102040,41,Male,Yes,2,Graduate,No,13.8,418000,240000,600000,5,685,0,0.722,1656000,150000,Yes,Urban,Personal,Approved
SLR102041,34,Male,No,2,Graduate,No,13.8,260000,0,341000,7,656,1,0.75,2113000,826000,No,Semiurban,Personal,Rejected
SLR102042,61,Male,No,3+,Graduate,No,23.4,250000,0,424000,3,729,2,0.75,2991000,305000,Yes,Urban,Home,Approved
SLR102043,54,Female,Yes,1,Not Graduate,No,26.0,599000,87000,1828000,7,648,1,0.75,2169000,585000,Yes,Urban,Business,Rejected
SLR102044,54,Male,Yes,3+,Graduate,No,25.0,483000,88000,978000,10,638,1,0.75,314000,751000,Yes,Semiurban,Vehicle,Approved
SLR102045,33,Male,Yes,0,Graduate,No,11.0,480000,791000,1639000,2,771,1,0.75,702000,224000,Yes,Urban,Vehicle,Approved
SLR102046,65,Male,Yes,1,Not Graduate,No,35.0,1275000,31000,2063000,15,712,1,0.75,2641000,287000,No,Semiurban,Vehicle,Rejected
SLR102047,41,Female,No,1,Graduate,Yes,15.1,276000,0,424000,15,692,1,0.75,863000,590000,Yes,Semiurban,Business,Approved
SLR102048,44,Male,No,0,Graduate,No,18.3,455000,0,1108000,2,546,0,0.75,434000,758000,Yes,Semiurban,Home,Rejected
SLR102049,54,Female,Yes,0,Graduate,No,17.0,1396000,290000,362000,3,737,1,0.235,1096000,215000,No,Semiurban,Home,Approved
SLR102050,50,Male,Yes,0,Graduate,No,19.5,463000,57000,1272000,7,655,1,0.75,2298000,342000,No,Urban,Medical,Rejected
SLR102051,28,Male,No,0,Not Graduate,Yes,4.8,570000,0,1113000,5,711,2,0.75,2214000,116000,Yes,Semiurban,Personal,Approved
SLR102052,34,Male,Yes,0,Graduate,Yes,7.7,500000,332000,164000,7,552,2,0.262,1461000,254000,Yes,Rural,Business,Rejected
SLR102053,37,Male,Yes,0,Graduate,No,8.2,811000,52000,845000,7,711,1,0.7,266000,1149000,Yes,Semiurban,Personal,Approved
SLR102054,63,Male,Yes,2,Graduate,Yes,33.7,178000,81000,372000,10,704,1,0.75,1684000,81000,Yes,Urban,Home,Approved
SLR102055,53,Male,Yes,1,Graduate,No,26.5,492000,130000,521000,10,673,1,0.674,437000,1500000,No,Urban,Personal,Rejected
SLR102056,37,Female,Yes,1,Graduate,No,10.6,567000,51000,423000,15,624,1,0.599,2309000,1531000,Yes,Rural,Personal,Approved
SLR102057,54,Female,Yes,0,Graduate,Yes,27.4,318000,251000,1173000,10,777,0,0.75,1956000,135000,Yes,Urban,Home,Approved
SLR102058,54,Female,Yes,2,Not Graduate,Yes,21.7,664000,122000,417000,3,634,0,0.492,856000,151000,Yes,Semiurban,Education,Approved
SLR102059,38,Male,Yes,0,Not Graduate,No,16.0,848000,59000,283000,3,758,1,0.294,417000,356000,Yes,Rural,Home,Approved
SLR102060,39,Male,No,0,Graduate,No,13.9,705000,0,385000,10,769,1,0.425,3885000,253000,Yes,Urban,Vehicle,Approved
SLR102061,61,Female,No,1,Graduate,No,26.9,1463000,0,565000,10,628,1,0.325,1823000,819000,Yes,Urban,Business,Approved
SLR102062,46,Male,Yes,3+,Not Graduate,No,14.8,433000,96000,849000,10,746,1,0.75,605000,654000,Yes,Urban,Business,Approved
SLR102063,27,Male,Yes,3+,Graduate,No,9.5,724000,196000,1414000,7,658,2,0.75,5281000,330000,No,Rural,Business,Rejected
SLR102064,53,Female,Yes,2,Graduate,No,19.0,715000,119000,908000,10,738,0,0.75,1456000,122000,Yes,Semiurban,Medical,Approved
SLR102065,47,Male,No,2,Graduate,No,10.4,483000,0,950000,20,620,1,0.75,782000,284000,Yes,Rural,Personal,Approved
SLR102066,43,Male,Yes,1,Graduate,Yes,16.6,1026000,218000,1050000,5,681,1,0.532,3635000,2696000,Yes,Semiurban,Personal,Approved
SLR102067,53,Female,Yes,1,Not Graduate,No,25.1,644000,283000,1106000,5,696,1,0.621,2872000,424000,Yes,Semiurban,Business,Rejected
SLR102068,61,Male,No,0,Graduate,No,30.8,284000,0,1272000,20,688,0,0.75,2377000,1119000,Yes,Semiurban,Home,Approved
SLR102069,35,Male,Yes,0,Not Graduate,No,13.3,831000,26000,3312000,20,719,0,0.75,1750000,478000,Yes,Urban,Business,Approved
SLR102070,39,Male,Yes,3+,Not Graduate,No,12.8,418000,10000,1094000,2,629,3,0.75,512000,1424000,Yes,Urban,Home,Rejected
SLR102071,29,Male,Yes,3+,Not Graduate,No,6.1,461000,200000,783000,7,649,2,0.75,536000,337000,Yes,Urban,Business,Approved
SLR102072,50,Female,No,0,Not Graduate,Yes,18.4,480000,0,480000,10,744,1,0.617,975000,938000,No,Urban,Personal,Approved
SLR102073,39,Male,Yes,0,Not Graduate,No,8.4,824000,38000,795000,5,659,4,0.75,235000,774000,No,Urban,Personal,Approved
SLR102074,36,Male,No,0,Graduate,No,9.8,996000,0,1376000,2,653,0,0.75,1807000,381000,Yes,Rural,Education,Approved
SLR102075,52,Female,Yes,1,Not Graduate,No,27.1,504000,84000,294000,2,627,2,0.607,1302000,382000,Yes,Semiurban,Home,Approved
SLR102076,39,Male,Yes,0,Graduate,Yes,16.0,488000,43000,1473000,7,655,0,0.75,1465000,110000,Yes,Urban,Business,Approved
SLR102077,41,Female,Yes,1,Not Graduate,No,19.2,178000,112000,493000,5,613,2,0.75,5724000,263000,No,Rural,Home,Rejected
SLR102078,40,Male,No,0,Graduate,No,16.8,372000,0,559000,5,745,1,0.75,500000,2614000,Yes,Semiurban,Home,Approved
SLR102079,32,Male,Yes,0,Graduate,No,8.1,327000,138000,912000,2,656,2,0.75,1582000,1500000,Yes,Rural,Medical,Approved
SLR102080,26,Male,Yes,0,Graduate,No,5.8,653000,139000,462000,10,609,0,0.51,503000,333000,Yes,Urban,Personal,Rejected
SLR102081,58,Male,No,2,Graduate,No,19.8,519000,0,876000,15,675,2,0.75,4405000,181000,Yes,Urban,Home,Approved
SLR102082,25,Female,Yes,0,Graduate,Yes,1.9,334000,31000,307000,10,585,1,0.538,555000,961000,Yes,Rural,Business,Rejected
SLR102083,35,Female,Yes,1,Graduate,No,15.5,598000,115000,1149000,3,626,1,0.75,7692000,451000,Yes,Urban,Home,Rejected
SLR102084,51,Female,No,1,Graduate,No,23.5,530000,0,738000,20,792,0,0.75,587000,524000,Yes,Semiurban,Personal,Approved
SLR102085,26,Male,No,2,Graduate,No,6.7,136000,0,648000,20,608,1,0.75,1851000,281000,Yes,Urban,Vehicle,Rejected
SLR102086,50,Female,No,0,Graduate,No,18.9,1012000,0,777000,5,679,0,0.616,2216000,1184000,Yes,Rural,Medical,Rejected
SLR102087,53,Male,Yes,2,Graduate,No,21.2,959000,66000,642000,20,855,0,0.472,3047000,441000,Yes,Urban,Home,Approved
SLR102088,50,Female,Yes,0,Graduate,Yes,18.9,483000,95000,866000,7,709,1,0.75,533000,591000,Yes,Urban,Personal,Approved
SLR102089,34,Male,No,1,Graduate,Yes,13.6,668000,0,568000,2,652,2,0.597,481000,154000,Yes,Semiurban,Home,Approved
SLR102090,21,Female,Yes,1,Graduate,No,3.1,460000,407000,538000,7,541,1,0.631,921000,192000,No,Rural,Vehicle,Rejected
SLR102091,60,Male,No,3+,Graduate,No,32.0,228000,0,206000,7,703,0,0.73,2612000,143000,No,Urban,Home,Approved
SLR102092,35,Male,Yes,3+,Not Graduate,Yes,14.5,1808000,34000,1578000,15,632,2,0.75,1407000,510000,Yes,Urban,Home,Rejected
SLR102093,57,Female,No,2,Graduate,No,23.6,831000,0,305000,5,732,0,0.41,3702000,380000,Yes,Semiurban,Home,Approved
SLR102094,29,Male,Yes,3+,Graduate,No,5.1,923000,203000,1858000,15,639,1,0.75,661000,122000,Yes,Urban,Home,Rejected
SLR102095,28,Male,Yes,0,Graduate,No,4.3,470000,340000,555000,15,711,1,0.554,1115000,456000,Yes,Urban,Home,Approved
SLR102096,56,Female,Yes,1,Not Graduate,No,29.5,1022000,55000,1434000,2,798,2,0.75,1306000,392000,Yes,Rural,Personal,Approved
SLR102097,63,Male,Yes,0,Graduate,No,35.0,259000,139000,1280000,10,740,1,0.75,1247000,79000,Yes,Urban,Personal,Approved
SLR102098,59,Male,Yes,0,Graduate,No,28.8,481000,49000,1215000,7,591,0,0.75,2378000,198000,No,Semiurban,Home,Approved
SLR102099,54,Male,No,1,Graduate,No,17.4,826000,0,670000,5,697,1,0.75,4268000,429000,Yes,Urban,Business,Approved
SLR102100,32,Male,Yes,2,Graduate,No,6.1,390000,72000,299000,7,762,0,0.571,826000,154000,No,Semiurban,Business,Approved
SLR102101,62,Male,Yes,2,Graduate,No,27.0,908000,139000,577000,15,576,2,0.61,922000,285000,Yes,Semiurban,Business,Rejected
SLR102102,51,Female,Yes,2,Not Graduate,Yes,20.7,650000,46000,530000,10,817,0,0.556,1832000,193000,Yes,Semiurban,Home,Approved
SLR102103,28,Female,No,1,Not Graduate,No,7.5,617000,0,608000,10,701,0,0.603,1892000,99000,Yes,Semiurban,Personal,Approved
SLR102104,26,Male,Yes,3+,Graduate,No,5.6,370000,1431000,293000,3,733,0,0.148,3697000,64000,Yes,Semiurban,Business,Approved
SLR102105,60,Male,Yes,3+,Graduate,Yes,23.2,687000,127000,540000,10,664,1,0.589,1523000,136000,Yes,Urban,Home,Approved
SLR102106,33,Male,No,2,Graduate,No,9.9,1592000,0,97000,10,693,2,0.152,1166000,1715000,Yes,Semiurban,Vehicle,Approved
SLR102107,55,Female,Yes,0,Not Graduate,No,22.3,606000,401000,535000,20,623,1,0.527,6761000,130000,No,Urban,Business,Approved
SLR102108,27,Male,Yes,1,Not Graduate,No,10.1,747000,32000,705000,15,806,1,0.602,1885000,304000,Yes,Rural,Business,Approved
SLR102109,33,Male,No,2,Graduate,No,7.6,810000,0,391000,3,824,1,0.398,2668000,331000,Yes,Rural,Personal,Approved
SLR102110,33,Female,Yes,3+,Graduate,Yes,11.6,293000,43000,545000,20,851,1,0.75,339000,1649000,Yes,Urban,Home,Approved
SLR102111,33,Female,No,0,Graduate,Yes,8.7,511000,0,722000,15,558,1,0.75,1237000,67000,No,Semiurban,Business,Rejected
SLR102112,51,Male,No,0,Not Graduate,No,19.9,503000,0,1256000,2,715,0,0.75,3871000,196000,Yes,Urban,Personal,Approved
SLR102113,62,Male,Yes,0,Graduate,Yes,26.0,171000,34000,1290000,10,722,2,0.75,1553000,439000,No,Urban,Education,Rejected
SLR102114,61,Male,Yes,0,Graduate,No,30.8,849000,61000,793000,5,637,0,0.741,1317000,315000,Yes,Urban,Personal,Rejected
SLR102115,54,Male,Yes,2,Graduate,No,27.9,329000,78000,638000,10,718,2,0.75,256000,247000,Yes,Urban,Home,Rejected
SLR102116,30,Male,Yes,0,Graduate,No,6.3,799000,124000,819000,5,582,1,0.644,1245000,539000,Yes,Rural,Business,Rejected
SLR102117,64,Male,Yes,0,Not Graduate,No,24.5,362000,52000,2094000,10,800,1,0.75,4323000,64000,Yes,Semiurban,Education,Rejected
SLR102118,45,Male,Yes,2,Graduate,No,16.9,1691000,135000,900000,5,575,0,0.435,1416000,272000,Yes,Rural,Medical,Approved
SLR102119,45,Male,Yes,0,Graduate,No,20.4,472000,298000,770000,15,709,2,0.75,2155000,217000,No,Urban,Vehicle,Rejected
SLR102120,52,Male,No,0,Graduate,No,13.4,1582000,0,1306000,3,749,2,0.655,1052000,696000,Yes,Semiurban,Vehicle,Approved
SLR102121,55,Male,Yes,1,Graduate,No,19.5,500000,114000,671000,2,645,2,0.75,1043000,63000,Yes,Urban,Business,Approved
SLR102122,63,Female,No,1,Graduate,No,20.7,534000,0,373000,3,793,1,0.623,1481000,286000,Yes,Urban,Home,Approved
SLR102123,47,Male,No,3+,Not Graduate,No,21.1,1302000,0,876000,7,553,0,0.664,2206000,296000,Yes,Semiurban,Vehicle,Rejected
SLR102124,48,Female,No,2,Graduate,No,20.4,332000,0,726000,10,688,1,0.75,2832000,240000,Yes,Semiurban,Personal,Approved
SLR102125,54,Male,No,3+,Graduate,Yes,24.2,565000,0,564000,7,564,0,0.75,2666000,211000,Yes,Semiurban,Personal,Rejected
SLR102126,32,Male,No,0,Graduate,Yes,0.5,740000,0,926000,7,632,3,0.75,1043000,302000,Yes,Rural,Medical,Rejected
SLR102127,34,Female,Yes,2,Graduate,No,11.7,687000,222000,200000,15,653,0,0.284,1700000,808000,Yes,Semiurban,Home,Rejected
SLR102128,49,Male,Yes,1,Not Graduate,No,15.5,563000,187000,457000,7,648,1,0.579,449000,564000,Yes,Rural,Vehicle,Rejected
SLR102129,23,Male,No,2,Graduate,No,8.0,522000,0,367000,7,785,0,0.679,1771000,189000,Yes,Urban,Home,Approved
SLR102130,35,Male,No,1,Not Graduate,Yes,12.5,876000,0,393000,7,602,0,0.298,232000,187000,Yes,Rural,Home,Approved
SLR102131,53,Male,No,0,Not Graduate,No,20.1,606000,0,588000,20,573,2,0.668,360000,139000,Yes,Urban,Vehicle,Rejected
SLR102132,64,Male,No,0,Not Graduate,No,27.7,936000,0,360000,5,658,3,0.324,1684000,747000,Yes,Semiurban,Personal,Approved
SLR102133,44,Male,Yes,2,Graduate,No,18.2,682000,487000,1933000,5,698,3,0.75,2277000,206000,Yes,Semiurban,Business,Rejected
SLR102134,38,Male,Yes,2,Graduate,No,18.1,786000,130000,872000,7,728,1,0.75,472000,124000,Yes,Rural,Personal,Approved
SLR102135,40,Male,No,0,Not Graduate,No,10.8,1026000,0,388000,10,777,1,0.267,2313000,355000,Yes,Urban,Medical,Approved
SLR102136,51,Male,Yes,1,Not Graduate,Yes,18.5,464000,181000,210000,2,529,0,0.29,1210000,411000,Yes,Urban,Personal,Approved
SLR102137,45,Male,Yes,2,Graduate,No,18.2,1011000,158000,445000,15,817,0,0.354,3892000,262000,Yes,Rural,Education,Approved
SLR102138,22,Male,No,1,Not Graduate,No,2.8,505000,0,525000,5,629,1,0.75,5199000,358000,Yes,Urban,Business,Rejected
SLR102139,45,Male,Yes,0,Graduate,No,14.9,255000,59000,430000,10,669,0,0.75,188000,285000,No,Semiurban,Home,Rejected
SLR102140,39,Male,Yes,3+,Graduate,No,11.3,459000,216000,3393000,5,692,4,0.75,7910000,490000,No,Urban,Education,Rejected
SLR102141,52,Male,No,1,Graduate,No,21.7,370000,0,222000,15,527,1,0.412,3197000,406000,Yes,Urban,Education,Approved
SLR102142,60,Male,Yes,2,Graduate,No,27.7,676000,155000,672000,5,658,1,0.553,2420000,195000,Yes,Semiurban,Personal,Approved
SLR102143,64,Male,No,1,Graduate,No,25.6,470000,0,597000,5,764,1,0.75,1042000,548000,Yes,Urban,Personal,Approved
SLR102144,48,Male,Yes,2,Graduate,No,20.6,590000,64000,553000,2,737,1,0.721,2240000,165000,Yes,Urban,Vehicle,Approved
SLR102145,37,Male,No,0,Graduate,No,12.6,961000,0,184000,5,652,2,0.357,1956000,138000,Yes,Urban,Personal,Approved
SLR102146,40,Female,Yes,3+,Graduate,No,18.8,1245000,72000,632000,5,706,3,0.469,3046000,373000,Yes,Semiurban,Vehicle,Rejected
SLR102147,28,Female,Yes,0,Not Graduate,No,5.6,646000,43000,731000,2,725,1,0.75,1954000,441000,No,Urban,Home,Approved
SLR102148,63,Male,Yes,2,Graduate,No,29.7,999000,295000,1031000,7,671,1,0.536,2334000,648000,Yes,Urban,Business,Approved
SLR102149,59,Male,Yes,3+,Graduate,No,21.8,499000,53000,890000,7,727,1,0.75,2765000,1436000,Yes,Rural,Home,Approved
SLR102150,59,Male,Yes,1,Graduate,No,31.5,233000,26000,1435000,7,630,3,0.75,247000,75000,Yes,Urban,Home,Rejected
SLR102151,35,Female,No,1,Graduate,No,14.2,288000,0,172000,3,619,0,0.551,1095000,204000,Yes,Urban,Personal,Approved
SLR102152,35,Female,No,0,Graduate,No,9.4,494000,0,558000,7,668,1,0.75,1423000,361000,Yes,Semiurban,Vehicle,Rejected
SLR102153,59,Male,Yes,1,Graduate,Yes,33.2,852000,88000,3311000,20,509,0,0.75,1006000,1264000,Yes,Urban,Education,Rejected
SLR102154,45,Male,No,1,Not Graduate,No,13.9,495000,0,1295000,5,742,0,0.75,3913000,238000,Yes,Semiurban,Home,Rejected
SLR102155,52,Male,No,0,Graduate,No,26.0,1056000,0,253000,15,696,0,0.226,6086000,88000,Yes,Rural,Education,Approved
SLR102156,43,Female,No,0,Graduate,No,13.5,1506000,0,688000,3,673,0,0.429,1613000,136000,No,Rural,Home,Rejected
SLR102157,40,Female,Yes,3+,Graduate,No,13.0,337000,111000,329000,3,750,1,0.716,1608000,278000,Yes,Rural,Business,Approved
SLR102158,49,Male,Yes,0,Graduate,No,20.1,1770000,160000,491000,20,719,0,0.298,1573000,447000,Yes,Semiurban,Home,Approved
SLR102159,57,Male,No,0,Graduate,No,21.6,224000,0,2385000,10,770,2,0.75,347000,1902000,No,Urban,Home,Approved
SLR102160,36,Male,Yes,0,Graduate,No,11.0,1520000,72000,1212000,10,808,1,0.714,643000,193000,Yes,Urban,Education,Approved
SLR102161,57,Male,Yes,1,Graduate,No,21.6,540000,284000,242000,7,715,0,0.253,650000,500000,Yes,Semiurban,Personal,Approved
SLR102162,31,Female,No,1,Not Graduate,No,14.1,484000,0,395000,15,636,1,0.612,2928000,749000,Yes,Semiurban,Home,Rejected
SLR102163,39,Male,Yes,2,Graduate,No,10.0,548000,219000,650000,20,744,0,0.605,993000,206000,Yes,Urban,Home,Approved
SLR102164,62,Male,No,1,Graduate,Yes,20.4,354000,0,547000,3,636,3,0.75,1322000,1237000,Yes,Rural,Home,Rejected
SLR102165,63,Male,Yes,0,Graduate,No,33.6,1256000,171000,797000,5,633,1,0.541,1214000,204000,Yes,Semiurban,Education,Rejected
SLR102166,62,Male,No,1,Graduate,Yes,27.1,376000,0,393000,15,668,0,0.716,1116000,142000,Yes,Urban,Home,Approved
SLR102167,35,Female,No,0,Not Graduate,No,9.4,403000,0,512000,3,777,0,0.75,9271000,1113000,No,Semiurban,Medical,Approved
SLR102168,58,Male,No,2,Graduate,No,29.8,258000,0,390000,5,746,1,0.75,1554000,312000,Yes,Urban,Education,Approved
SLR102169,63,Female,No,0,Not Graduate,No,28.3,368000,0,512000,3,756,1,0.75,4989000,132000,No,Urban,Education,Approved
SLR102170,65,Male,No,0,Graduate,Yes,35.0,374000,0,1027000,7,699,0,0.75,749000,228000,Yes,Urban,Personal,Rejected
SLR102171,21,Male,Yes,1,Graduate,No,0.0,361000,109000,788000,7,733,0,0.75,518000,182000,Yes,Semiurban,Business,Approved
SLR102172,54,Male,No,0,Graduate,No,25.1,499000,0,412000,5,735,2,0.75,3145000,207000,Yes,Semiurban,Personal,Approved
SLR102173,65,Male,No,1,Not Graduate,No,35.0,298000,0,1357000,3,638,1,0.75,1622000,373000,Yes,Urban,Business,Rejected
SLR102174,55,Male,Yes,1,Graduate,No,25.7,1322000,73000,1298000,7,734,1,0.75,2481000,245000,Yes,Urban,Home,Approved
SLR102175,31,Male,Yes,3+,Not Graduate,No,9.0,506000,205000,650000,7,690,0,0.747,7145000,1678000,Yes,Semiurban,Personal,Approved
SLR102176,55,Male,Yes,0,Graduate,Yes,22.1,676000,119000,550000,10,660,0,0.686,1666000,242000,Yes,Semiurban,Vehicle,Approved
SLR102177,25,Male,Yes,1,Graduate,Yes,2.3,884000,568000,2044000,10,663,2,0.75,2003000,286000,Yes,Semiurban,Home,Approved
SLR102178,42,Male,No,2,Graduate,No,14.3,1675000,0,1847000,3,649,2,0.75,1039000,1054000,Yes,Semiurban,Home,Approved
SLR102179,49,Male,Yes,0,Graduate,Yes,23.9,907000,109000,243000,7,669,0,0.257,1587000,873000,No,Urban,Medical,Approved
SLR102180,41,Female,Yes,1,Graduate,No,11.3,480000,85000,1413000,15,689,0,0.75,1785000,589000,Yes,Rural,Personal,Rejected
SLR102181,52,Female,Yes,2,Graduate,No,16.9,305000,535000,1993000,10,740,2,0.75,2184000,234000,Yes,Rural,Personal,Rejected
SLR102182,31,Male,Yes,2,Not Graduate,No,8.0,662000,38000,996000,15,803,0,0.75,1826000,1023000,Yes,Semiurban,Home,Approved
SLR102183,48,Female,No,3+,Graduate,No,21.2,987000,0,480000,20,733,1,0.466,348000,237000,Yes,Urban,Education,Approved
SLR102184,50,Female,Yes,2,Graduate,No,18.0,595000,154000,519000,5,699,0,0.514,5536000,138000,Yes,Urban,Personal,Approved
SLR102185,49,Female,Yes,0,Graduate,No,18.7,570000,49000,1976000,3,540,0,0.75,1517000,200000,Yes,Semiurban,Home,Rejected
SLR102186,34,Male,Yes,3+,Graduate,No,6.7,619000,994000,1119000,3,871,0,0.611,5842000,611000,Yes,Semiurban,Home,Approved
SLR102187,34,Male,No,0,Graduate,No,10.4,197000,0,928000,3,637,0,0.75,667000,261000,Yes,Semiurban,Personal,Approved
SLR102188,32,Male,No,1,Graduate,No,8.0,596000,0,2961000,10,639,3,0.75,894000,379000,Yes,Rural,Home,Rejected
SLR102189,41,Female,Yes,2,Graduate,No,12.7,823000,462000,338000,3,785,2,0.386,1167000,147000,Yes,Urban,Vehicle,Approved
SLR102190,47,Female,Yes,2,Graduate,No,24.7,536000,89000,613000,20,607,3,0.75,968000,623000,No,Urban,Business,Rejected
SLR102191,37,Male,Yes,3+,Graduate,No,9.7,1020000,135000,735000,10,718,1,0.599,1938000,179000,No,Semiurban,Home,Approved
SLR102192,39,Male,Yes,0,Not Graduate,No,12.6,1039000,91000,566000,20,655,0,0.423,3738000,159000,Yes,Urban,Personal,Approved
SLR102193,33,Female,No,2,Graduate,Yes,8.5,417000,0,197000,7,671,0,0.255,4823000,272000,Yes,Urban,Business,Approved
SLR102194,30,Female,Yes,0,Graduate,Yes,5.3,701000,285000,1248000,5,694,0,0.75,920000,114000,Yes,Rural,Vehicle,Approved
SLR102195,50,Male,Yes,2,Not Graduate,No,11.3,563000,86000,399000,5,600,3,0.644,817000,154000,Yes,Urban,Vehicle,Rejected
SLR102196,57,Male,Yes,2,Graduate,Yes,25.8,180000,14000,394000,15,681,1,0.75,2797000,161000,Yes,Semiurban,Home,Rejected
SLR102197,34,Male,Yes,0,Graduate,No,7.8,496000,117000,515000,2,767,0,0.539,542000,388000,Yes,Rural,Business,Approved
SLR102198,59,Male,Yes,2,Graduate,No,28.6,312000,126000,560000,15,684,1,0.75,2560000,183000,No,Urban,Home,Approved
SLR102199,46,Male,Yes,1,Graduate,Yes,15.2,592000,140000,601000,2,900,3,0.594,1131000,410000,Yes,Semiurban,Personal,Approved
SLR102200,28,Female,Yes,1,Graduate,No,5.2,801000,104000,1216000,10,697,3,0.75,941000,284000,Yes,Semiurban,Personal,Rejected
SLR102201,37,Female,Yes,3+,Graduate,No,10.7,488000,60000,1390000,7,600,1,0.75,111000,221000,Yes,Urban,Medical,Rejected
SLR102202,21,Male,Yes,1,Graduate,No,1.1,335000,99000,549000,10,651,1,0.75,1777000,867000,Yes,Urban,Vehicle,Approved
SLR102203,22,Male,No,1,Graduate,No,1.4,626000,0,441000,15,545,1,0.583,4004000,86000,Yes,Urban,Business,Rejected
SLR102204,36,Male,Yes,0,Graduate,No,11.4,2109000,116000,598000,3,771,1,0.268,482000,528000,No,Semiurban,Personal,Approved
SLR102205,41,Male,Yes,0,Graduate,No,16.9,167000,202000,364000,20,810,0,0.75,1806000,130000,Yes,Semiurban,Vehicle,Approved
SLR102206,56,Male,Yes,0,Graduate,Yes,26.6,625000,52000,638000,10,753,0,0.696,2195000,168000,Yes,Urban,Personal,Approved
SLR102207,27,Male,No,0,Graduate,No,4.7,408000,0,351000,7,627,0,0.511,871000,228000,No,Semiurban,Business,Rejected
SLR102208,58,Male,No,0,Not Graduate,No,25.6,435000,0,2591000,20,625,0,0.75,2065000,269000,No,Semiurban,Personal,Approved
SLR102209,31,Male,No,1,Graduate,No,7.1,519000,0,706000,15,745,0,0.75,3137000,309000,Yes,Semiurban,Home,Approved
SLR102210,27,Male,Yes,2,Not Graduate,Yes,10.6,455000,35000,458000,5,651,0,0.555,1651000,350000,Yes,Semiurban,Education,Approved
SLR102211,52,Female,No,0,Graduate,No,21.9,766000,0,1028000,3,625,1,0.75,2303000,214000,Yes,Urban,Home,Rejected
SLR102212,55,Male,Yes,1,Graduate,No,25.9,482000,158000,292000,20,617,0,0.415,1107000,48000,Yes,Semiurban,Medical,Rejected
SLR102213,48,Male,No,3+,Graduate,No,24.3,167000,0,409000,10,830,0,0.75,2908000,179000,Yes,Urban,Education,Approved
SLR102214,26,Female,No,0,Graduate,No,5.8,1112000,0,856000,7,655,0,0.565,299000,624000,Yes,Urban,Education,Approved
SLR102215,26,Male,Yes,1,Graduate,No,8.0,1024000,24000,710000,3,752,0,0.683,2800000,501000,Yes,Semiurban,Personal,Approved
SLR102216,38,Male,Yes,0,Graduate,No,12.7,394000,132000,1285000,7,731,0,0.75,4243000,513000,Yes,Urban,Home,Rejected
SLR102217,41,Male,Yes,1,Not Graduate,No,17.4,565000,57000,110000,5,626,0,0.205,712000,262000,Yes,Urban,Home,Approved
SLR102218,65,Male,Yes,2,Not Graduate,No,28.0,1074000,72000,1106000,5,693,0,0.75,696000,469000,Yes,Semiurban,Home,Rejected
SLR102219,33,Male,No,0,Not Graduate,No,10.9,971000,0,457000,7,615,1,0.457,6006000,219000,No,Semiurban,Personal,Rejected
SLR102220,29,Male,Yes,0,Graduate,No,6.0,1160000,52000,304000,2,799,2,0.302,1982000,237000,Yes,Rural,Personal,Approved
SLR102221,63,Male,No,2,Graduate,No,32.9,676000,0,212000,10,622,0,0.403,355000,199000,Yes,Rural,Medical,Approved
SLR102222,27,Male,No,0,Not Graduate,Yes,8.1,840000,0,453000,10,717,1,0.53,1149000,686000,No,Urban,Home,Rejected
SLR102223,22,Male,Yes,2,Graduate,No,4.1,1194000,26000,1827000,10,653,4,0.75,297000,40000,Yes,Urban,Vehicle,Rejected
SLR102224,40,Male,Yes,1,Graduate,No,15.5,455000,80000,1220000,2,621,1,0.75,1144000,349000,Yes,Urban,Education,Approved
SLR102225,39,Male,Yes,0,Graduate,No,4.4,701000,70000,1881000,5,771,1,0.75,1364000,349000,Yes,Rural,Business,Approved
SLR102226,48,Male,No,2,Graduate,No,19.2,169000,0,604000,15,651,0,0.75,2431000,372000,Yes,Urban,Education,Approved
SLR102227,60,Female,Yes,1,Graduate,No,19.5,231000,810000,697000,7,553,1,0.501,1437000,296000,Yes,Semiurban,Vehicle,Approved
SLR102228,62,Male,Yes,0,Graduate,No,27.1,724000,55000,233000,2,722,0,0.381,5890000,849000,Yes,Rural,Personal,Approved
SLR102229,34,Male,Yes,3+,Graduate,No,10.1,788000,166000,233000,10,637,2,0.259,1551000,326000,Yes,Semiurban,Home,Approved
SLR102230,65,Male,No,1,Not Graduate,No,29.3,444000,0,591000,7,702,0,0.75,252000,266000,No,Urban,Home,Rejected
SLR102231,49,Male,Yes,2,Graduate,No,21.9,394000,188000,266000,5,754,0,0.4,2436000,532000,Yes,Semiurban,Vehicle,Approved
SLR102232,24,Female,Yes,0,Graduate,No,1.9,452000,101000,372000,10,717,0,0.519,1542000,89000,Yes,Urban,Personal,Rejected
SLR102233,63,Male,No,0,Graduate,Yes,22.9,611000,0,669000,5,757,0,0.75,1200000,176000,Yes,Urban,Business,Approved
SLR102234,27,Male,Yes,2,Not Graduate,No,10.2,154000,208000,1486000,7,593,1,0.75,3619000,735000,Yes,Urban,Personal,Rejected
SLR102235,47,Female,Yes,1,Graduate,No,11.8,711000,210000,654000,15,780,1,0.546,2962000,395000,No,Urban,Vehicle,Approved
SLR102236,56,Female,Yes,0,Graduate,No,20.7,560000,39000,268000,5,668,2,0.392,643000,103000,Yes,Urban,Education,Approved
SLR102237,32,Male,Yes,2,Graduate,No,15.9,630000,130000,199000,7,583,1,0.284,1787000,2577000,Yes,Semiurban,Education,Approved
SLR102238,33,Male,Yes,1,Not Graduate,Yes,6.1,514000,80000,703000,3,506,1,0.75,5498000,277000,Yes,Urban,Education,Rejected
SLR102239,42,Male,Yes,0,Graduate,No,13.6,257000,60000,432000,20,667,0,0.735,1501000,172000,Yes,Rural,Business,Approved
SLR102240,60,Male,No,2,Graduate,No,26.7,301000,0,701000,5,631,0,0.75,439000,101000,Yes,Rural,Medical,Approved
SLR102241,31,Male,Yes,1,Graduate,No,4.6,1271000,115000,569000,20,632,1,0.354,2001000,935000,Yes,Urban,Medical,Approved
SLR102242,50,Male,Yes,1,Not Graduate,Yes,17.3,386000,173000,621000,5,715,1,0.75,1058000,150000,No,Rural,Personal,Approved
SLR102243,41,Female,Yes,2,Graduate,No,14.3,858000,263000,1419000,15,819,2,0.75,1442000,232000,No,Rural,Vehicle,Approved
SLR102244,26,Male,No,1,Graduate,No,4.5,303000,0,1289000,15,622,1,0.75,591000,412000,Yes,Urban,Business,Approved
SLR102245,52,Male,No,3+,Graduate,No,20.7,545000,0,826000,5,697,2,0.75,1895000,64000,Yes,Urban,Home,Rejected
SLR102246,58,Male,No,2,Graduate,No,23.0,432000,0,363000,10,647,1,0.701,831000,611000,Yes,Semiurban,Home,Rejected
SLR102247,46,Male,No,0,Graduate,Yes,23.5,470000,0,454000,5,616,1,0.75,2895000,155000,Yes,Urban,Business,Approved
SLR102248,28,Male,No,1,Graduate,No,0.0,456000,0,1068000,2,614,0,0.75,4721000,751000,Yes,Rural,Business,Approved
SLR102249,28,Female,No,3+,Graduate,No,7.1,1217000,0,1515000,5,813,1,0.75,1656000,398000,Yes,Semiurban,Home,Approved
SLR102250,40,Male,Yes,3+,Not Graduate,Yes,18.2,1588000,85000,284000,10,691,0,0.195,595000,792000,Yes,Urban,Home,Rejected
SLR102251,43,Male,No,0,Graduate,No,20.6,627000,0,1754000,5,676,0,0.75,710000,374000,No,Semiurban,Business,Approved
SLR102252,45,Male,No,0,Not Graduate,Yes,12.5,438000,0,392000,10,639,0,0.532,1642000,722000,Yes,Urban,Education,Rejected
SLR102253,31,Male,Yes,0,Graduate,No,6.7,265000,106000,1004000,15,695,3,0.75,1866000,458000,Yes,Semiurban,Home,Approved
SLR102254,43,Male,Yes,2,Not Graduate,No,18.3,255000,63000,4014000,5,642,0,0.75,872000,303000,Yes,Semiurban,Education,Rejected
SLR102255,34,Female,Yes,3+,Graduate,Yes,12.1,1221000,261000,231000,3,835,0,0.212,1169000,418000,Yes,Urban,Home,Approved
SLR102256,51,Male,Yes,2,Graduate,Yes,20.6,245000,24000,903000,10,709,1,0.75,2361000,30000,No,Urban,Business,Approved
SLR102257,56,Male,No,0,Graduate,No,23.3,432000,0,530000,3,700,2,0.75,3669000,206000,Yes,Urban,Personal,Approved
SLR102258,50,Female,Yes,3+,Graduate,No,18.9,599000,38000,869000,2,699,2,0.75,1389000,820000,Yes,Urban,Home,Rejected
SLR102259,21,Male,Yes,0,Graduate,No,0.0,132000,203000,435000,3,788,1,0.75,2428000,115000,Yes,Urban,Personal,Approved
SLR102260,65,Female,Yes,0,Graduate,No,35.0,276000,82000,130000,5,688,0,0.385,1395000,200000,Yes,Urban,Vehicle,Approved
SLR102261,22,Male,No,0,Not Graduate,Yes,0.0,263000,0,398000,10,654,0,0.75,1856000,95000,Yes,Urban,Education,Rejected
SLR102262,65,Male,Yes,1,Graduate,No,19.7,381000,635000,814000,5,702,0,0.637,779000,77000,Yes,Rural,Education,Approved
SLR102263,22,Female,No,1,Graduate,Yes,4.2,634000,0,1562000,20,749,2,0.75,1991000,233000,Yes,Semiurban,Medical,Approved
SLR102264,44,Male,Yes,0,Not Graduate,No,13.8,968000,54000,846000,10,779,0,0.75,4790000,441000,Yes,Urban,Vehicle,Approved
SLR102265,25,Male,Yes,0,Graduate,No,5.0,382000,128000,1693000,20,706,2,0.75,1947000,253000,Yes,Semiurban,Personal,Rejected
SLR102266,25,Male,Yes,2,Not Graduate,Yes,1.7,427000,407000,472000,10,707,2,0.59,2042000,115000,Yes,Urban,Home,Approved
SLR102267,51,Male,Yes,0,Graduate,No,20.5,515000,138000,447000,2,764,1,0.453,628000,122000,Yes,Semiurban,Business,Approved
SLR102268,53,Male,No,1,Graduate,No,22.3,353000,0,812000,5,485,0,0.75,1903000,145000,Yes,Rural,Home,Rejected
SLR102269,26,Male,No,0,Not Graduate,No,4.2,692000,0,509000,5,697,1,0.662,220000,246000,Yes,Semiurban,Business,Rejected
SLR102270,64,Male,Yes,0,Graduate,Yes,24.4,704000,54000,1348000,10,646,3,0.75,2522000,146000,No,Urban,Home,Rejected
SLR102271,35,Male,Yes,0,Graduate,No,14.9,123000,139000,261000,10,694,2,0.75,5109000,751000,Yes,Rural,Vehicle,Approved
SLR102272,35,Male,No,2,Graduate,Yes,7.4,782000,0,1139000,5,717,0,0.75,868000,176000,No,Semiurban,Business,Approved
SLR102273,34,Male,No,1,Graduate,Yes,9.4,590000,0,1425000,10,783,0,0.75,1130000,211000,No,Rural,Vehicle,Approved
SLR102274,41,Male,Yes,0,Graduate,Yes,16.1,634000,227000,824000,5,586,2,0.75,3309000,476000,Yes,Urban,Home,Rejected
SLR102275,29,Male,No,2,Graduate,No,5.7,1052000,0,1176000,10,636,0,0.75,668000,61000,No,Urban,Business,Approved
SLR102276,40,Male,Yes,0,Graduate,Yes,14.0,206000,96000,426000,5,623,2,0.75,2134000,1048000,Yes,Semiurban,Personal,Rejected
SLR102277,30,Male,Yes,2,Graduate,Yes,9.3,276000,183000,379000,5,644,0,0.646,712000,605000,Yes,Urban,Vehicle,Rejected
SLR102278,23,Male,No,0,Graduate,No,0.4,529000,0,817000,7,587,0,0.75,2345000,592000,Yes,Semiurban,Home,Rejected
SLR102279,37,Male,No,3+,Graduate,No,12.5,153000,0,406000,20,850,0,0.75,1125000,173000,Yes,Semiurban,Home,Approved
SLR102280,51,Male,No,0,Graduate,No,17.4,490000,0,790000,10,755,1,0.75,117000,156000,Yes,Urban,Personal,Approved
SLR102281,55,Male,Yes,1,Not Graduate,No,27.4,876000,158000,791000,5,632,2,0.689,544000,191000,Yes,Semiurban,Personal,Rejected
SLR102282,36,Female,Yes,1,Graduate,No,9.5,684000,275000,622000,7,691,3,0.529,1287000,229000,Yes,Semiurban,Personal,Approved
SLR102283,35,Female,No,1,Graduate,No,13.1,574000,0,781000,7,657,1,0.75,7514000,860000,Yes,Rural,Education,Rejected
SLR102284,56,Male,Yes,2,Graduate,No,17.6,484000,860000,982000,2,702,1,0.593,1124000,66000,No,Urban,Personal,Rejected
SLR102285,51,Female,Yes,0,Graduate,No,24.1,435000,70000,609000,10,632,1,0.75,735000,887000,Yes,Rural,Home,Approved
SLR102286,58,Female,Yes,0,Graduate,No,27.2,421000,217000,477000,5,576,2,0.66,1852000,264000,Yes,Urban,Business,Rejected
SLR102287,61,Male,Yes,2,Graduate,No,35.0,624000,49000,1110000,7,647,1,0.75,87000,740000,Yes,Urban,Personal,Rejected
SLR102288,57,Female,Yes,3+,Not Graduate,Yes,33.1,234000,435000,776000,3,794,2,0.75,4410000,426000,Yes,Semiurban,Home,Approved
SLR102289,63,Male,Yes,1,Not Graduate,No,22.6,1230000,356000,871000,15,579,0,0.477,2438000,522000,Yes,Urban,Education,Approved
SLR102290,39,Male,No,1,Graduate,No,14.6,367000,0,949000,2,772,0,0.75,889000,672000,Yes,Rural,Home,Approved
SLR102291,38,Male,Yes,2,Graduate,No,15.4,747000,30000,716000,5,732,1,0.66,2683000,285000,Yes,Rural,Personal,Rejected
SLR102292,35,Male,Yes,2,Graduate,No,6.8,575000,210000,520000,7,660,0,0.561,1836000,147000,No,Rural,Personal,Approved
SLR102293,31,Male,Yes,3+,Not Graduate,No,2.6,292000,62000,435000,15,746,3,0.75,1242000,152000,Yes,Urban,Business,Rejected
SLR102294,54,Female,Yes,2,Graduate,No,29.3,1120000,172000,614000,20,706,1,0.524,2290000,677000,Yes,Urban,Personal,Approved
SLR102295,53,Male,Yes,0,Not Graduate,No,22.0,997000,37000,889000,5,530,2,0.613,1294000,1077000,No,Rural,Business,Rejected
SLR102296,57,Male,Yes,1,Graduate,No,30.4,232000,149000,916000,3,660,1,0.75,1630000,175000,No,Rural,Home,Approved
SLR102297,28,Male,Yes,1,Graduate,No,6.8,528000,90000,714000,10,662,2,0.691,2308000,766000,Yes,Semiurban,Vehicle,Rejected
SLR102298,43,Male,Yes,0,Graduate,No,14.4,616000,64000,817000,5,798,3,0.75,997000,681000,Yes,Urban,Business,Rejected
SLR102299,30,Female,Yes,2,Graduate,No,14.4,176000,193000,317000,2,660,3,0.67,1250000,94000,Yes,Urban,Education,Rejected
SLR102300,61,Female,Yes,1,Graduate,Yes,27.5,171000,115000,481000,5,674,0,0.75,489000,661000,Yes,Urban,Business,Rejected
SLR102301,33,Male,Yes,0,Graduate,No,9.8,348000,102000,1005000,5,603,1,0.75,440000,195000,Yes,Urban,Business,Approved
SLR102302,27,Male,Yes,1,Graduate,No,8.0,267000,216000,378000,7,685,4,0.75,303000,1059000,Yes,Urban,Home,Approved
SLR102303,46,Male,No,0,Graduate,No,21.2,310000,0,713000,7,601,1,0.75,1944000,385000,No,Rural,Personal,Approved
SLR102304,60,Male,No,0,Graduate,No,32.3,267000,0,672000,5,771,3,0.75,1055000,2353000,Yes,Urban,Education,Approved
SLR102305,62,Female,Yes,1,Graduate,Yes,24.8,514000,28000,604000,5,658,1,0.719,485000,313000,Yes,Urban,Home,Rejected
SLR102306,25,Female,No,2,Graduate,No,3.4,337000,0,1010000,5,601,0,0.75,990000,196000,No,Semiurban,Medical,Rejected
SLR102307,35,Male,No,1,Graduate,No,3.6,1015000,0,753000,15,782,0,0.7,539000,496000,Yes,Rural,Vehicle,Approved
SLR102308,27,Male,Yes,0,Graduate,No,4.9,607000,273000,298000,7,592,0,0.382,1651000,602000,No,Urban,Vehicle,Rejected
SLR102309,34,Male,Yes,1,Graduate,No,8.7,851000,134000,909000,15,709,0,0.641,3402000,514000,Yes,Semiurban,Business,Approved
SLR102310,45,Male,No,0,Graduate,Yes,21.5,217000,0,467000,20,578,3,0.75,4623000,241000,Yes,Urban,Business,Rejected
SLR102311,33,Male,Yes,3+,Graduate,No,14.5,389000,114000,268000,7,712,4,0.595,1218000,609000,Yes,Urban,Education,Rejected
SLR102312,24,Male,Yes,0,Not Graduate,No,5.0,593000,259000,1053000,20,770,1,0.75,1194000,128000,No,Urban,Personal,Approved
SLR102313,43,Male,Yes,2,Graduate,No,22.8,706000,197000,301000,5,641,0,0.344,276000,53000,Yes,Rural,Education,Rejected
SLR102314,23,Female,Yes,0,Graduate,No,2.9,385000,53000,516000,5,602,0,0.75,376000,438000,Yes,Rural,Business,Rejected
SLR102315,31,Male,No,0,Graduate,No,9.8,418000,0,787000,10,604,2,0.75,4657000,1954000,Yes,Semiurban,Vehicle,Rejected
SLR102316,21,Male,Yes,1,Graduate,Yes,1.5,443000,35000,620000,5,686,1,0.75,1637000,537000,No,Rural,Home,Rejected
SLR102317,24,Male,Yes,2,Graduate,No,6.6,467000,172000,433000,10,835,0,0.472,3849000,177000,Yes,Urban,Home,Approved
SLR102318,40,Male,Yes,3+,Graduate,No,15.9,1808000,96000,341000,15,770,1,0.227,257000,254000,No,Urban,Business,Approved
SLR102319,59,Male,Yes,1,Not Graduate,No,23.1,653000,136000,397000,20,778,1,0.403,1307000,329000,Yes,Rural,Personal,Approved
SLR102320,55,Male,No,0,Not Graduate,No,24.0,562000,0,323000,7,610,0,0.477,294000,159000,Yes,Rural,Business,Approved
SLR102321,25,Male,No,0,Not Graduate,No,6.2,275000,0,599000,10,772,1,0.75,199000,149000,Yes,Semiurban,Education,Rejected
SLR102322,22,Male,No,1,Graduate,No,3.1,279000,0,456000,10,764,0,0.75,626000,444000,Yes,Urban,Home,Approved
SLR102323,36,Male,Yes,0,Graduate,No,14.9,489000,123000,265000,7,713,1,0.37,7221000,464000,Yes,Urban,Business,Approved
SLR102324,50,Male,Yes,3+,Not Graduate,Yes,24.6,1024000,140000,539000,5,643,2,0.43,678000,156000,Yes,Urban,Home,Approved
SLR102325,54,Male,Yes,1,Graduate,No,25.9,493000,348000,428000,10,763,1,0.401,4317000,109000,Yes,Rural,Personal,Approved
SLR102326,58,Male,Yes,2,Graduate,No,21.5,505000,547000,774000,5,639,1,0.535,1110000,275000,Yes,Urban,Personal,Rejected
SLR102327,36,Male,No,2,Not Graduate,No,9.1,365000,0,822000,10,739,0,0.75,4238000,231000,Yes,Rural,Home,Approved
SLR102328,28,Male,Yes,0,Graduate,No,8.2,211000,80000,1555000,3,661,0,0.75,2585000,540000,Yes,Rural,Vehicle,Approved
SLR102329,22,Female,Yes,1,Graduate,Yes,0.3,699000,83000,990000,10,616,2,0.75,4585000,177000,No,Semiurban,Education,Rejected
SLR102330,27,Female,Yes,3+,Not Graduate,No,7.6,478000,172000,320000,7,660,2,0.62,912000,418000,Yes,Rural,Vehicle,Rejected
SLR102331,23,Male,No,0,Graduate,No,3.1,703000,0,158000,3,838,3,0.322,1780000,447000,Yes,Semiurban,Home,Approved
SLR102332,59,Male,Yes,1,Not Graduate,Yes,31.3,599000,30000,242000,15,603,1,0.423,1559000,605000,Yes,Semiurban,Home,Approved
SLR102333,33,Male,No,2,Graduate,No,8.2,324000,0,469000,7,764,1,0.75,13766000,301000,No,Urban,Home,Approved
SLR102334,58,Female,No,0,Graduate,No,21.6,623000,0,229000,10,753,0,0.271,3143000,185000,No,Urban,Vehicle,Approved
SLR102335,45,Male,No,3+,Not Graduate,Yes,19.4,270000,0,435000,3,676,1,0.75,1230000,252000,Yes,Semiurban,Personal,Approved
SLR102336,45,Female,Yes,0,Not Graduate,No,17.1,620000,352000,664000,5,649,3,0.705,8727000,275000,Yes,Semiurban,Vehicle,Approved
SLR102337,41,Male,Yes,1,Not Graduate,Yes,16.3,531000,140000,451000,15,596,3,0.534,9403000,1571000,Yes,Rural,Personal,Rejected
SLR102338,57,Male,Yes,0,Graduate,No,20.9,1283000,148000,779000,7,787,0,0.493,785000,210000,Yes,Urban,Medical,Approved
SLR102339,22,Male,No,1,Graduate,No,3.2,341000,0,438000,5,601,0,0.75,1800000,1454000,No,Urban,Education,Rejected
SLR102340,25,Male,No,0,Graduate,No,2.8,265000,0,396000,7,481,3,0.75,993000,333000,No,Semiurban,Home,Rejected
SLR102341,40,Female,Yes,0,Graduate,No,9.8,438000,91000,1973000,5,713,1,0.75,340000,233000,Yes,Urban,Education,Rejected
SLR102342,38,Male,Yes,0,Not Graduate,No,10.6,769000,114000,636000,20,589,1,0.701,1651000,187000,Yes,Urban,Business,Rejected
SLR102343,45,Male,Yes,0,Not Graduate,No,20.3,120000,251000,699000,5,682,2,0.75,90000,135000,Yes,Semiurban,Education,Approved
SLR102344,54,Male,Yes,1,Graduate,No,27.2,890000,78000,1125000,7,589,0,0.75,1505000,276000,Yes,Urban,Personal,Rejected
SLR102345,47,Male,Yes,0,Not Graduate,No,20.5,490000,68000,1149000,5,646,3,0.75,1336000,302000,Yes,Semiurban,Personal,Rejected
SLR102346,32,Male,Yes,0,Graduate,No,5.3,293000,85000,512000,5,695,1,0.75,1322000,322000,Yes,Urban,Education,Rejected
SLR102347,35,Male,No,0,Not Graduate,No,7.6,449000,0,1283000,10,710,1,0.75,1156000,1866000,Yes,Semiurban,Vehicle,Approved
SLR102348,54,Male,Yes,1,Graduate,Yes,18.0,366000,114000,486000,3,790,0,0.685,949000,962000,Yes,Rural,Business,Approved
SLR102349,30,Male,Yes,0,Graduate,No,6.3,280000,38000,1258000,5,690,0,0.75,301000,342000,Yes,Urban,Business,Rejected
SLR102350,43,Female,Yes,0,Graduate,No,16.5,189000,44000,291000,7,698,1,0.75,397000,230000,No,Semiurban,Business,Approved
SLR102351,45,Male,Yes,1,Graduate,No,15.2,822000,134000,533000,7,672,2,0.594,1330000,103000,Yes,Rural,Vehicle,Approved
SLR102352,54,Female,No,2,Not Graduate,No,17.2,404000,0,751000,20,759,2,0.75,1339000,392000,No,Urban,Personal,Approved
SLR102353,53,Female,Yes,2,Graduate,Yes,18.5,443000,123000,822000,10,605,0,0.75,3036000,702000,Yes,Urban,Education,Rejected
SLR102354,41,Male,Yes,0,Not Graduate,No,15.3,875000,82000,376000,3,657,3,0.482,913000,905000,Yes,Semiurban,Personal,Approved
SLR102355,34,Male,Yes,2,Graduate,No,9.7,567000,225000,223000,5,690,1,0.3,532000,203000,Yes,Semiurban,Home,Approved
SLR102356,37,Female,Yes,1,Graduate,No,12.8,233000,161000,877000,10,622,1,0.75,1058000,107000,Yes,Rural,Medical,Rejected
SLR102357,39,Male,No,1,Graduate,No,12.3,796000,0,568000,5,795,3,0.65,193000,320000,Yes,Rural,Vehicle,Approved
SLR102358,30,Male,Yes,0,Not Graduate,No,8.7,1244000,161000,504000,5,714,0,0.301,1641000,467000,Yes,Rural,Home,Approved
SLR102359,49,Male,Yes,0,Not Graduate,No,25.4,725000,431000,1905000,20,598,0,0.75,2344000,244000,Yes,Urban,Vehicle,Rejected
SLR102360,30,Male,Yes,1,Graduate,No,6.3,342000,53000,537000,10,721,3,0.75,4595000,463000,Yes,Rural,Personal,Rejected
SLR102361,50,Male,Yes,0,Graduate,No,15.1,245000,86000,465000,5,788,1,0.75,1795000,290000,Yes,Urban,Home,Rejected
SLR102362,54,Female,Yes,2,Graduate,No,22.0,335000,92000,202000,2,636,0,0.304,507000,360000,Yes,Semiurban,Home,Approved
SLR102363,64,Male,Yes,0,Not Graduate,No,26.1,582000,328000,322000,15,792,1,0.333,751000,384000,No,Urban,Business,Approved
SLR102364,26,Female,No,0,Not Graduate,No,0.1,1205000,0,1149000,7,709,2,0.75,1186000,300000,No,Urban,Personal,Rejected
SLR102365,55,Male,Yes,0,Not Graduate,No,28.9,362000,64000,406000,5,705,3,0.598,743000,114000,Yes,Rural,Vehicle,Rejected
SLR102366,24,Male,Yes,0,Graduate,No,3.0,385000,110000,978000,7,780,1,0.75,487000,837000,No,Urban,Medical,Approved
SLR102367,36,Male,Yes,1,Not Graduate,No,12.2,965000,130000,281000,15,705,3,0.391,810000,198000,No,Semiurban,Education,Approved
SLR102368,28,Male,No,0,Graduate,Yes,4.3,433000,0,369000,3,719,0,0.71,3344000,49000,Yes,Urban,Home,Rejected
SLR102369,28,Male,Yes,1,Not Graduate,No,9.6,1412000,89000,363000,10,697,1,0.324,1956000,287000,No,Rural,Medical,Approved
SLR102370,28,Male,No,0,Graduate,No,9.6,507000,0,886000,15,558,0,0.75,3014000,421000,Yes,Rural,Personal,Rejected
SLR102371,22,Male,Yes,1,Graduate,No,1.4,1045000,58000,566000,7,721,1,0.367,688000,666000,Yes,Rural,Education,Approved
SLR102372,58,Male,No,3+,Graduate,No,27.0,679000,0,316000,20,709,0,0.342,4807000,367000,Yes,Semiurban,Vehicle,Approved
SLR102373,23,Male,No,2,Not Graduate,No,0.0,811000,0,1034000,5,661,0,0.75,1911000,331000,No,Urban,Medical,Rejected
SLR102374,38,Male,Yes,1,Graduate,No,14.3,499000,163000,896000,10,499,3,0.75,2010000,351000,Yes,Semiurban,Business,Rejected
SLR102375,52,Male,Yes,0,Graduate,No,24.4,517000,194000,811000,7,737,0,0.75,1329000,177000,No,Urban,Home,Approved
SLR102376,65,Male,Yes,2,Not Graduate,No,29.7,693000,120000,788000,5,625,1,0.731,151000,237000,No,Urban,Home,Approved
SLR102377,59,Male,No,3+,Not Graduate,Yes,27.3,853000,0,373000,10,605,0,0.377,4835000,628000,Yes,Urban,Vehicle,Approved
SLR102378,27,Male,No,1,Graduate,No,2.1,735000,0,1473000,10,598,0,0.75,1840000,208000,Yes,Rural,Home,Rejected
SLR102379,65,Male,Yes,0,Graduate,No,30.6,208000,188000,609000,5,543,1,0.75,559000,349000,Yes,Semiurban,Vehicle,Approved
SLR102380,50,Male,Yes,2,Graduate,No,14.4,634000,159000,774000,5,725,0,0.613,9017000,222000,No,Semiurban,Education,Approved
SLR102381,29,Male,Yes,0,Graduate,No,9.5,383000,122000,834000,7,867,1,0.75,1421000,188000,Yes,Urban,Home,Approved
SLR102382,41,Male,Yes,2,Graduate,No,12.6,407000,91000,352000,20,647,0,0.711,1000000,269000,Yes,Semiurban,Vehicle,Approved
SLR102383,62,Male,No,0,Graduate,No,26.3,707000,0,2230000,15,752,2,0.75,581000,273000,Yes,Rural,Personal,Approved
SLR102384,38,Male,Yes,0,Graduate,No,10.7,1399000,128000,639000,5,683,0,0.398,793000,280000,Yes,Urban,Home,Approved
SLR102385,29,Female,Yes,2,Graduate,No,4.0,484000,661000,664000,5,711,0,0.449,329000,390000,No,Urban,Vehicle,Approved
SLR102386,60,Female,No,2,Graduate,Yes,30.6,1628000,0,497000,15,685,3,0.369,935000,68000,Yes,Rural,Vehicle,Approved
SLR102387,63,Male,No,1,Graduate,No,20.4,301000,0,1373000,15,749,0,0.75,1247000,224000,No,Semiurban,Home,Rejected
SLR102388,64,Male,No,2,Graduate,No,32.0,1083000,0,1411000,10,599,2,0.75,2302000,487000,Yes,Semiurban,Education,Approved
SLR102389,64,Male,Yes,2,Graduate,No,33.3,697000,87000,720000,10,697,0,0.554,272000,954000,Yes,Semiurban,Medical,Approved
SLR102390,60,Female,No,1,Graduate,Yes,32.9,617000,0,251000,2,775,3,0.442,678000,120000,No,Urban,Business,Approved
SLR102391,41,Male,Yes,3+,Graduate,Yes,20.2,1177000,83000,584000,3,743,0,0.401,460000,130000,No,Urban,Education,Approved
SLR102392,29,Male,Yes,0,Not Graduate,No,8.8,388000,55000,623000,5,714,1,0.75,3156000,372000,No,Semiurban,Home,Rejected
SLR102393,48,Male,Yes,0,Not Graduate,No,19.3,1111000,92000,485000,7,697,0,0.378,2564000,703000,Yes,Urban,Home,Approved
SLR102394,30,Male,No,2,Graduate,No,10.1,490000,0,343000,10,663,0,0.579,251000,170000,Yes,Urban,Education,Rejected
SLR102395,42,Male,Yes,0,Graduate,No,13.4,386000,135000,237000,15,664,3,0.55,1091000,73000,No,Rural,Personal,Approved
SLR102396,50,Male,No,2,Not Graduate,No,18.8,265000,0,1691000,15,574,1,0.75,4928000,377000,Yes,Semiurban,Personal,Rejected
SLR102397,63,Male,No,0,Graduate,Yes,29.4,1315000,0,1053000,5,728,2,0.695,2715000,157000,Yes,Rural,Education,Approved
SLR102398,34,Male,No,0,Graduate,No,10.1,1030000,0,665000,10,792,4,0.691,1023000,1102000,Yes,Semiurban,Home,Approved
SLR102399,32,Female,No,0,Graduate,No,9.8,423000,0,426000,20,712,0,0.75,2055000,283000,No,Semiurban,Home,Approved
SLR102400,54,Female,No,1,Graduate,No,30.5,742000,0,821000,5,691,0,0.651,2866000,122000,Yes,Semiurban,Personal,Approved
SLR102401,21,Male,Yes,2,Graduate,No,0.0,590000,59000,742000,3,735,1,0.75,6839000,152000,Yes,Urban,Home,Rejected
SLR102402,46,Male,Yes,0,Graduate,Yes,23.4,453000,37000,501000,15,531,3,0.75,947000,348000,No,Urban,Home,Rejected
SLR102403,54,Male,No,0,Not Graduate,Yes,16.9,935000,0,837000,3,652,2,0.75,4764000,237000,Yes,Urban,Vehicle,Rejected
SLR102404,45,Female,Yes,0,Graduate,No,19.9,390000,277000,907000,10,684,3,0.75,853000,336000,Yes,Semiurban,Home,Approved
SLR102405,38,Male,Yes,0,Graduate,Yes,10.8,165000,255000,1016000,7,562,0,0.75,816000,3207000,No,Urban,Personal,Rejected
SLR102406,58,Male,No,1,Not Graduate,No,17.4,634000,0,365000,5,702,1,0.502,1187000,134000,No,Urban,Vehicle,Rejected
SLR102407,37,Female,Yes,1,Graduate,No,18.3,571000,358000,860000,20,551,3,0.722,1616000,566000,Yes,Semiurban,Personal,Rejected
SLR102408,52,Male,No,0,Graduate,No,22.3,397000,0,1397000,5,742,2,0.75,2760000,893000,Yes,Urban,Personal,Approved
SLR102409,41,Male,Yes,0,Not Graduate,No,13.3,337000,141000,788000,7,707,0,0.75,1284000,804000,No,Rural,Home,Approved
SLR102410,22,Male,No,1,Graduate,Yes,0.0,233000,0,2731000,2,676,1,0.75,885000,138000,Yes,Rural,Home,Approved
SLR102411,44,Male,Yes,0,Graduate,No,13.8,451000,197000,578000,5,747,1,0.75,647000,337000,No,Rural,Personal,Approved
SLR102412,23,Male,Yes,0,Graduate,No,2.9,340000,136000,213000,5,701,0,0.417,2387000,98000,Yes,Rural,Vehicle,Approved
SLR102413,62,Male,No,1,Graduate,No,21.9,935000,0,374000,10,726,2,0.483,1450000,581000,Yes,Semiurban,Vehicle,Approved
SLR102414,48,Female,Yes,0,Not Graduate,No,17.2,731000,110000,421000,3,711,1,0.489,1826000,214000,Yes,Urban,Home,Approved
SLR102415,37,Male,Yes,0,Graduate,No,11.5,421000,33000,935000,5,625,1,0.75,1997000,403000,Yes,Rural,Home,Rejected
SLR102416,42,Female,Yes,0,Not Graduate,No,11.0,733000,63000,1116000,5,808,0,0.75,4912000,927000,Yes,Semiurban,Home,Approved
SLR102417,48,Female,Yes,2,Graduate,No,15.8,518000,507000,710000,15,783,1,0.635,3833000,375000,Yes,Semiurban,Medical,Approved
SLR102418,32,Male,Yes,0,Not Graduate,Yes,11.7,474000,62000,786000,5,722,2,0.75,2746000,370000,Yes,Semiurban,Home,Approved
SLR102419,33,Female,Yes,2,Graduate,No,8.3,534000,27000,2257000,15,701,1,0.75,1221000,260000,Yes,Semiurban,Home,Rejected
SLR102420,39,Male,No,1,Not Graduate,Yes,11.4,1457000,0,379000,20,746,0,0.203,443000,848000,No,Semiurban,Personal,Approved
SLR102421,32,Male,Yes,1,Graduate,Yes,4.1,784000,146000,620000,5,785,1,0.691,909000,200000,Yes,Semiurban,Medical,Approved
SLR102422,55,Male,Yes,2,Not Graduate,Yes,30.1,467000,153000,484000,5,833,1,0.676,1289000,439000,Yes,Semiurban,Education,Approved
SLR102423,25,Male,Yes,0,Not Graduate,No,0.7,899000,106000,303000,10,649,4,0.445,757000,495000,Yes,Semiurban,Education,Rejected
SLR102424,58,Female,Yes,0,Graduate,Yes,28.9,882000,249000,174000,5,768,3,0.279,2328000,573000,No,Semiurban,Medical,Approved
SLR102425,36,Male,Yes,0,Graduate,No,12.3,634000,408000,1510000,15,683,1,0.75,1487000,403000,Yes,Semiurban,Personal,Rejected
SLR102426,46,Male,No,1,Graduate,No,18.4,459000,0,396000,20,569,2,0.674,624000,142000,Yes,Urban,Home,Approved
SLR102427,28,Male,No,1,Graduate,Yes,6.4,443000,0,552000,10,753,0,0.75,4761000,315000,Yes,Semiurban,Personal,Approved
SLR102428,38,Male,Yes,2,Graduate,No,12.6,304000,294000,860000,5,800,3,0.75,2083000,83000,No,Rural,Home,Approved
SLR102429,54,Male,No,1,Graduate,Yes,27.5,607000,0,300000,2,763,3,0.547,1533000,259000,Yes,Urban,Vehicle,Approved
SLR102430,33,Male,Yes,0,Not Graduate,Yes,9.2,393000,401000,378000,7,677,1,0.325,3727000,530000,Yes,Semiurban,Personal,Approved
SLR102431,26,Female,Yes,0,Not Graduate,No,2.4,433000,293000,641000,5,719,1,0.75,689000,702000,No,Semiurban,Personal,Rejected
SLR102432,44,Male,No,0,Graduate,No,9.1,775000,0,489000,15,742,0,0.525,799000,191000,Yes,Semiurban,Vehicle,Rejected
SLR102433,28,Female,Yes,2,Graduate,Yes,5.0,1391000,430000,284000,7,733,2,0.209,1014000,1637000,Yes,Semiurban,Home,Approved
SLR102434,35,Male,Yes,0,Graduate,No,9.4,676000,46000,965000,10,782,1,0.75,2244000,93000,Yes,Urban,Personal,Approved
SLR102435,41,Male,No,3+,Not Graduate,No,13.2,519000,0,481000,10,761,0,0.75,1884000,462000,Yes,Rural,Education,Approved
SLR102436,46,Male,Yes,0,Not Graduate,No,17.1,544000,207000,710000,2,647,2,0.75,23376000,500000,Yes,Semiurban,Home,Approved
SLR102437,49,Male,Yes,1,Graduate,No,19.7,1028000,276000,675000,10,692,4,0.465,585000,507000,Yes,Semiurban,Home,Rejected
SLR102438,51,Female,Yes,0,Graduate,No,19.5,681000,130000,1221000,15,652,0,0.75,1514000,440000,Yes,Urban,Medical,Approved
SLR102439,58,Male,No,2,Graduate,No,28.4,612000,0,818000,7,702,0,0.75,1102000,343000,Yes,Rural,Home,Approved
SLR102440,23,Male,No,0,Graduate,No,5.4,636000,0,371000,10,550,2,0.626,2085000,1244000,Yes,Semiurban,Vehicle,Rejected
SLR102441,37,Female,No,1,Not Graduate,No,12.8,251000,0,1384000,5,835,1,0.75,3057000,140000,No,Urban,Personal,Approved
SLR102442,21,Male,Yes,3+,Graduate,No,4.7,682000,235000,478000,10,632,0,0.573,1727000,248000,No,Urban,Personal,Rejected
SLR102443,21,Male,No,1,Graduate,No,0.0,340000,0,383000,20,652,1,0.62,1951000,354000,Yes,Rural,Business,Approved
SLR102444,30,Female,Yes,0,Graduate,Yes,3.0,683000,71000,348000,10,696,1,0.507,1013000,288000,Yes,Rural,Business,Approved
SLR102445,47,Male,Yes,2,Graduate,No,25.2,367000,37000,142000,2,587,1,0.331,6094000,153000,Yes,Semiurban,Education,Approved
SLR102446,61,Female,Yes,1,Graduate,Yes,31.5,761000,75000,438000,5,665,3,0.508,916000,525000,No,Semiurban,Home,Approved
SLR102447,55,Male,No,0,Graduate,Yes,24.4,506000,0,841000,20,703,1,0.75,84000,395000,Yes,Semiurban,Home,Approved
SLR102448,50,Female,Yes,1,Graduate,No,17.4,293000,49000,268000,10,814,0,0.631,817000,1242000,Yes,Semiurban,Business,Approved
SLR102449,56,Male,Yes,2,Graduate,No,17.6,469000,30000,1973000,5,701,1,0.75,11952000,621000,Yes,Semiurban,Business,Rejected
SLR102450,28,Male,Yes,0,Not Graduate,Yes,8.8,1850000,263000,151000,10,660,1,0.192,483000,773000,Yes,Urban,Home,Approved
SLR102451,58,Male,Yes,2,Not Graduate,No,20.4,158000,54000,391000,5,606,0,0.75,2159000,749000,Yes,Semiurban,Personal,Rejected
SLR102452,61,Female,No,2,Graduate,No,19.7,603000,0,247000,20,850,3,0.511,682000,145000,Yes,Rural,Home,Approved
SLR102453,25,Male,No,1,Graduate,No,5.7,315000,0,1181000,7,696,2,0.75,2129000,250000,Yes,Semiurban,Education,Rejected
SLR102454,42,Female,Yes,0,Not Graduate,No,16.2,1173000,237000,993000,5,696,3,0.602,3789000,256000,Yes,Rural,Education,Approved
SLR102455,58,Male,No,2,Not Graduate,No,34.6,862000,0,547000,3,587,1,0.473,927000,806000,Yes,Semiurban,Personal,Approved
SLR102456,42,Male,Yes,0,Not Graduate,No,12.1,609000,180000,258000,2,729,1,0.275,4430000,380000,Yes,Urban,Personal,Approved
SLR102457,58,Female,No,0,Graduate,Yes,23.4,911000,0,298000,10,646,2,0.351,3711000,341000,Yes,Semiurban,Education,Approved
SLR102458,63,Male,Yes,0,Graduate,No,35.0,629000,243000,765000,10,800,1,0.585,1865000,323000,Yes,Semiurban,Home,Approved
SLR102459,42,Male,Yes,2,Graduate,No,8.3,552000,91000,419000,10,725,0,0.575,1312000,803000,Yes,Urban,Home,Approved
SLR102460,23,Male,Yes,0,Not Graduate,Yes,3.8,396000,51000,451000,5,699,2,0.679,1146000,154000,Yes,Semiurban,Home,Rejected
SLR102461,36,Male,Yes,0,Graduate,No,11.2,451000,43000,620000,15,591,4,0.75,673000,352000,No,Semiurban,Vehicle,Rejected
SLR102462,30,Male,Yes,0,Graduate,No,6.5,426000,107000,497000,15,683,2,0.588,509000,1128000,Yes,Semiurban,Vehicle,Approved
SLR102463,42,Male,Yes,0,Not Graduate,No,12.9,553000,50000,208000,10,674,1,0.317,2369000,516000,Yes,Semiurban,Vehicle,Approved
SLR102464,47,Male,No,3+,Not Graduate,No,11.7,194000,0,274000,10,699,2,0.75,1909000,255000,Yes,Rural,Business,Approved
SLR102465,41,Male,Yes,1,Graduate,No,14.1,969000,106000,278000,5,542,2,0.324,2035000,428000,Yes,Urban,Personal,Rejected
SLR102466,29,Male,Yes,2,Graduate,No,7.1,1605000,367000,405000,15,622,0,0.212,3473000,108000,Yes,Semiurban,Business,Approved
SLR102467,34,Male,Yes,2,Graduate,Yes,6.3,434000,36000,689000,3,653,1,0.75,1371000,201000,Yes,Semiurban,Personal,Rejected
SLR102468,51,Male,Yes,0,Graduate,No,25.8,1050000,123000,671000,15,728,3,0.457,4662000,267000,No,Urban,Medical,Approved
SLR102469,22,Male,Yes,2,Graduate,No,0.0,511000,44000,1406000,7,545,0,0.75,323000,142000,No,Semiurban,Education,Rejected
SLR102470,30,Male,Yes,3+,Graduate,No,3.5,395000,77000,260000,3,794,1,0.54,7054000,592000,No,Urban,Home,Approved
SLR102471,61,Male,No,2,Not Graduate,No,26.3,446000,0,793000,3,783,0,0.75,1361000,134000,Yes,Urban,Personal,Approved
SLR102472,25,Male,Yes,2,Not Graduate,No,2.0,577000,61000,390000,20,615,3,0.509,743000,889000,Yes,Semiurban,Home,Rejected
SLR102473,39,Male,No,1,Not Graduate,No,10.3,370000,0,2347000,7,875,1,0.75,1265000,528000,Yes,Semiurban,Medical,Approved
SLR102474,30,Female,Yes,2,Not Graduate,No,5.4,768000,134000,607000,7,708,1,0.51,5813000,204000,No,Semiurban,Personal,Approved
SLR102475,25,Male,No,0,Graduate,No,4.6,413000,0,451000,20,682,1,0.573,772000,228000,Yes,Semiurban,Business,Rejected
SLR102476,40,Male,Yes,2,Graduate,No,14.2,305000,77000,777000,7,735,1,0.75,1530000,341000,Yes,Semiurban,Personal,Approved
SLR102477,44,Male,No,0,Graduate,No,14.4,544000,0,739000,15,721,2,0.75,552000,705000,Yes,Urban,Education,Approved
SLR102478,28,Male,No,1,Graduate,Yes,2.9,375000,0,508000,15,699,1,0.75,2010000,326000,Yes,Urban,Personal,Approved
SLR102479,24,Female,Yes,3+,Graduate,No,0.7,459000,177000,956000,10,609,0,0.75,4323000,764000,Yes,Semiurban,Education,Approved
SLR102480,27,Female,Yes,1,Graduate,No,4.8,534000,103000,1735000,3,657,0,0.75,1813000,341000,Yes,Rural,Vehicle,Approved
SLR102481,50,Female,Yes,0,Graduate,No,15.1,263000,217000,1181000,20,717,0,0.75,1011000,575000,No,Urban,Home,Approved
SLR102482,59,Male,Yes,2,Graduate,No,20.8,1227000,608000,590000,10,753,1,0.275,969000,1093000,Yes,Semiurban,Personal,Approved
SLR102483,29,Male,No,3+,Graduate,No,1.5,860000,0,2063000,7,798,1,0.75,1549000,408000,Yes,Urban,Personal,Approved
SLR102484,35,Male,Yes,1,Graduate,No,11.8,389000,118000,889000,15,656,0,0.75,2292000,148000,Yes,Urban,Home,Approved
SLR102485,36,Male,Yes,2,Graduate,No,17.5,544000,85000,318000,3,696,0,0.424,3062000,295000,Yes,Semiurban,Education,Approved
SLR102486,37,Male,No,2,Graduate,No,6.3,780000,0,674000,5,640,2,0.75,549000,1619000,Yes,Semiurban,Personal,Rejected
SLR102487,31,Male,No,2,Not Graduate,No,9.0,617000,0,565000,10,772,2,0.604,905000,229000,Yes,Semiurban,Home,Approved
SLR102488,23,Male,No,0,Graduate,No,1.3,1547000,0,457000,10,667,0,0.309,5154000,80000,Yes,Urban,Education,Approved
SLR102489,44,Female,Yes,1,Graduate,Yes,17.7,482000,64000,797000,7,646,2,0.75,2192000,161000,Yes,Urban,Education,Approved
SLR102490,37,Male,Yes,2,Graduate,Yes,17.5,1058000,66000,192000,10,695,0,0.193,1599000,284000,Yes,Urban,Home,Approved
SLR102491,36,Male,Yes,3+,Graduate,No,15.7,264000,10000,1843000,20,565,0,0.75,2834000,506000,Yes,Semiurban,Education,Approved
SLR102492,32,Female,Yes,0,Graduate,No,11.7,287000,363000,968000,3,731,0,0.75,171000,857000,Yes,Urban,Home,Approved
SLR102493,62,Male,Yes,0,Graduate,No,28.3,1389000,447000,196000,5,667,0,0.162,2566000,179000,Yes,Urban,Vehicle,Approved
SLR102494,48,Male,Yes,0,Graduate,Yes,17.9,434000,202000,960000,5,898,0,0.75,13586000,994000,No,Urban,Education,Approved
SLR102495,39,Male,Yes,2,Not Graduate,Yes,16.0,289000,60000,867000,20,644,1,0.75,1498000,610000,Yes,Semiurban,Vehicle,Approved
SLR102496,30,Male,Yes,2,Not Graduate,Yes,9.1,536000,44000,1685000,5,670,1,0.75,1801000,801000,Yes,Rural,Personal,Rejected
SLR102497,57,Male,Yes,1,Graduate,No,27.3,1102000,34000,1993000,5,766,1,0.75,1044000,755000,Yes,Semiurban,Medical,Approved
SLR102498,60,Male,Yes,0,Not Graduate,No,32.6,361000,200000,2224000,20,749,1,0.75,593000,253000,Yes,Semiurban,Medical,Rejected
SLR102499,22,Male,Yes,0,Graduate,Yes,1.0,538000,330000,543000,10,768,2,0.456,895000,1450000,Yes,Urban,Vehicle,Approved
SLR102500,62,Male,Yes,2,Graduate,No,22.8,198000,137000,924000,2,669,0,0.75,3138000,982000,No,Rural,Personal,Rejected
SLR102501,52,Male,No,0,Not Graduate,No,19.5,425000,0,476000,20,604,2,0.75,2331000,371000,Yes,Urban,Personal,Rejected
SLR102502,25,Male,No,0,Not Graduate,No,6.5,952000,0,1228000,3,890,3,0.75,639000,1063000,Yes,Urban,Home,Approved
SLR102503,54,Female,Yes,0,Graduate,No,35.0,357000,65000,159000,7,729,0,0.354,793000,2832000,Yes,Rural,Medical,Approved
SLR102504,25,Male,Yes,2,Graduate,No,6.1,273000,269000,284000,5,707,1,0.412,807000,767000,Yes,Rural,Home,Approved
SLR102505,23,Male,Yes,1,Graduate,No,4.5,359000,256000,490000,10,750,2,0.75,1626000,75000,Yes,Semiurban,Personal,Approved
SLR102506,26,Male,Yes,0,Graduate,No,6.9,393000,54000,625000,5,592,0,0.75,1171000,96000,Yes,Urban,Home,Rejected
SLR102507,41,Female,Yes,0,Graduate,Yes,15.0,838000,229000,723000,15,656,1,0.475,1315000,442000,Yes,Urban,Home,Approved
SLR102508,48,Male,No,3+,Graduate,No,27.1,678000,0,1488000,7,612,2,0.75,532000,170000,No,Semiurban,Personal,Approved
SLR102509,39,Male,Yes,1,Not Graduate,No,8.0,754000,97000,426000,5,703,0,0.557,6035000,196000,Yes,Urban,Business,Approved
SLR102510,26,Male,Yes,1,Graduate,No,6.9,559000,164000,281000,15,587,0,0.421,1833000,425000,Yes,Semiurban,Personal,Rejected
SLR102511,29,Male,No,0,Graduate,No,1.0,391000,0,505000,15,741,0,0.75,875000,261000,Yes,Semiurban,Vehicle,Approved
SLR102512,59,Male,Yes,0,Not Graduate,Yes,28.1,359000,244000,438000,7,779,2,0.59,684000,700000,Yes,Urban,Home,Approved
SLR102513,64,Male,Yes,2,Graduate,No,35.0,698000,61000,931000,7,776,1,0.75,990000,774000,Yes,Urban,Vehicle,Approved
SLR102514,54,Female,Yes,2,Graduate,Yes,16.3,1318000,189000,1751000,7,723,1,0.75,4016000,155000,Yes,Urban,Home,Approved
SLR102515,25,Male,No,1,Graduate,Yes,0.0,328000,0,1652000,7,704,0,0.75,5444000,442000,Yes,Rural,Vehicle,Approved
SLR102516,57,Male,Yes,3+,Graduate,No,26.4,314000,104000,1320000,15,659,3,0.75,791000,238000,No,Semiurban,Personal,Rejected
SLR102517,52,Male,Yes,0,Graduate,No,19.1,294000,110000,449000,3,724,2,0.75,944000,629000,Yes,Semiurban,Business,Approved
SLR102518,44,Male,No,2,Graduate,Yes,12.1,869000,0,585000,7,682,0,0.612,311000,297000,Yes,Urban,Business,Approved
SLR102519,27,Male,Yes,0,Graduate,No,3.9,537000,121000,857000,10,550,1,0.75,328000,744000,Yes,Urban,Home,Rejected
SLR102520,65,Male,No,0,Graduate,No,28.1,746000,0,394000,20,644,1,0.357,1579000,332000,Yes,Rural,Business,Approved
SLR102521,40,Female,Yes,2,Not Graduate,No,14.9,416000,375000,418000,5,749,1,0.44,1055000,1238000,No,Semiurban,Home,Approved
SLR102522,22,Female,Yes,3+,Not Graduate,No,0.0,773000,85000,829000,2,606,2,0.75,1013000,434000,Yes,Rural,Personal,Rejected
SLR102523,30,Female,Yes,2,Graduate,No,8.2,470000,82000,268000,15,604,0,0.319,896000,103000,No,Semiurban,Personal,Rejected
SLR102524,39,Male,No,1,Graduate,No,16.4,235000,0,1322000,20,675,0,0.75,1869000,551000,No,Urban,Medical,Rejected
SLR102525,23,Male,Yes,2,Not Graduate,No,0.0,914000,101000,501000,10,527,1,0.535,1574000,275000,Yes,Semiurban,Personal,Rejected
SLR102526,35,Male,Yes,2,Graduate,No,13.8,539000,57000,924000,7,745,1,0.75,3573000,69000,Yes,Semiurban,Medical,Rejected
SLR102527,42,Male,No,0,Graduate,No,18.0,464000,0,744000,5,738,2,0.75,14552000,270000,No,Urban,Home,Approved
SLR102528,63,Male,Yes,1,Graduate,No,35.0,642000,145000,1469000,20,761,0,0.75,534000,545000,Yes,Semiurban,Personal,Approved
SLR102529,24,Male,No,1,Graduate,No,5.6,249000,0,163000,10,707,4,0.658,461000,652000,Yes,Semiurban,Education,Approved
SLR102530,46,Male,No,1,Graduate,Yes,19.2,697000,0,1475000,10,626,1,0.75,5993000,597000,Yes,Urban,Home,Approved
SLR102531,62,Male,Yes,3+,Graduate,No,35.0,396000,33000,1454000,15,598,0,0.75,1329000,345000,No,Urban,Business,Approved
SLR102532,57,Female,No,1,Graduate,Yes,24.6,505000,0,780000,15,731,1,0.75,2895000,260000,No,Urban,Business,Approved
SLR102533,62,Male,No,0,Not Graduate,No,31.7,1029000,0,912000,3,744,2,0.572,510000,170000,Yes,Urban,Medical,Approved
SLR102534,28,Male,Yes,0,Graduate,No,7.9,783000,667000,958000,2,606,0,0.609,539000,686000,Yes,Urban,Personal,Approved
SLR102535,57,Male,No,2,Not Graduate,Yes,22.5,499000,0,362000,5,596,0,0.63,3056000,614000,Yes,Rural,Business,Approved
SLR102536,65,Male,No,0,Graduate,No,35.0,520000,0,673000,20,689,1,0.747,454000,218000,No,Semiurban,Personal,Approved
SLR102537,35,Female,No,2,Graduate,No,11.1,135000,0,1159000,7,700,3,0.75,5099000,1139000,Yes,Urban,Home,Rejected
SLR102538,43,Male,Yes,0,Graduate,No,15.4,350000,104000,203000,10,760,0,0.282,2993000,724000,Yes,Rural,Vehicle,Approved
SLR102539,44,Female,Yes,0,Graduate,No,16.7,603000,46000,883000,5,740,0,0.75,755000,731000,Yes,Rural,Education,Approved
SLR102540,43,Female,Yes,2,Graduate,Yes,18.8,361000,524000,688000,7,684,0,0.75,5690000,344000,Yes,Rural,Home,Approved
SLR102541,34,Male,Yes,0,Not Graduate,Yes,9.4,265000,233000,977000,5,768,4,0.75,2285000,1748000,Yes,Urban,Business,Approved
SLR102542,64,Male,Yes,2,Graduate,No,31.4,716000,52000,284000,20,664,1,0.361,1169000,183000,Yes,Urban,Personal,Approved
SLR102543,64,Male,Yes,0,Not Graduate,No,26.6,1128000,161000,401000,7,667,1,0.37,1525000,64000,Yes,Rural,Personal,Approved
SLR102544,38,Male,No,1,Graduate,No,12.4,370000,0,262000,15,754,2,0.49,246000,726000,Yes,Urban,Personal,Approved
SLR102545,57,Male,Yes,1,Graduate,Yes,24.2,890000,108000,260000,5,762,1,0.32,421000,758000,Yes,Semiurban,Education,Approved
SLR102546,38,Female,Yes,3+,Graduate,No,13.1,819000,104000,1116000,5,764,1,0.75,2814000,694000,Yes,Semiurban,Personal,Rejected
SLR102547,56,Male,Yes,0,Not Graduate,Yes,18.1,321000,217000,443000,5,677,0,0.538,1709000,948000,No,Rural,Home,Approved
SLR102548,47,Female,Yes,0,Graduate,No,24.3,369000,264000,423000,5,695,1,0.545,5236000,886000,No,Semiurban,Personal,Approved
SLR102549,42,Male,No,1,Graduate,No,13.8,1483000,0,1321000,10,625,1,0.568,2003000,924000,Yes,Semiurban,Business,Approved
SLR102550,26,Female,No,3+,Graduate,No,5.2,298000,0,520000,5,757,0,0.75,477000,482000,No,Rural,Home,Approved
SLR102551,50,Male,Yes,2,Graduate,No,23.2,393000,9000,1216000,7,646,0,0.75,553000,482000,No,Rural,Home,Rejected
SLR102552,35,Male,Yes,2,Graduate,No,14.4,1621000,419000,329000,2,540,1,0.244,671000,396000,No,Rural,Vehicle,Approved
SLR102553,30,Male,No,1,Not Graduate,No,4.4,402000,0,519000,20,657,1,0.699,829000,837000,No,Urban,Medical,Rejected
SLR102554,29,Male,Yes,1,Graduate,Yes,9.4,1158000,130000,361000,2,626,0,0.205,1611000,203000,No,Semiurban,Vehicle,Approved
SLR102555,65,Female,No,2,Not Graduate,Yes,35.0,314000,0,928000,10,487,0,0.75,4084000,317000,Yes,Semiurban,Personal,Rejected
SLR102556,25,Male,Yes,2,Graduate,No,4.5,593000,46000,568000,15,647,2,0.75,2464000,152000,Yes,Semiurban,Home,Rejected
SLR102557,56,Male,Yes,2,Not Graduate,No,25.7,999000,122000,1045000,20,749,0,0.738,4362000,594000,Yes,Semiurban,Home,Approved
SLR102558,59,Male,Yes,2,Not Graduate,No,27.7,425000,179000,718000,10,721,4,0.75,2017000,1312000,Yes,Semiurban,Business,Rejected
SLR102559,22,Male,No,2,Graduate,Yes,3.1,581000,0,183000,10,721,0,0.269,960000,184000,Yes,Urban,Business,Approved
SLR102560,47,Male,No,0,Not Graduate,Yes,14.2,828000,0,547000,7,797,0,0.545,402000,95000,Yes,Semiurban,Vehicle,Approved
SLR102561,46,Male,No,0,Not Graduate,No,20.4,335000,0,240000,15,647,1,0.653,2471000,335000,Yes,Urban,Education,Rejected
SLR102562,37,Male,Yes,3+,Graduate,No,16.2,1886000,86000,814000,15,604,0,0.402,1286000,452000,Yes,Rural,Education,Approved
SLR102563,51,Male,No,1,Graduate,Yes,24.9,973000,0,932000,7,727,0,0.75,2858000,310000,Yes,Urban,Business,Approved
SLR102564,39,Male,Yes,0,Graduate,Yes,11.8,452000,167000,998000,10,717,1,0.75,813000,135000,No,Rural,Personal,Rejected
SLR102565,40,Female,Yes,1,Graduate,No,15.8,483000,112000,600000,20,595,0,0.721,6092000,848000,No,Urban,Business,Rejected
SLR102566,40,Male,No,1,Graduate,No,10.1,1574000,0,225000,3,677,0,0.249,6116000,459000,No,Semiurban,Vehicle,Rejected
SLR102567,57,Male,Yes,2,Graduate,No,19.3,452000,60000,745000,10,730,1,0.75,639000,1485000,Yes,Rural,Business,Approved
SLR102568,49,Male,No,2,Graduate,No,22.4,424000,0,847000,3,711,1,0.75,1883000,764000,Yes,Rural,Medical,Approved
SLR102569,38,Male,Yes,0,Graduate,No,10.4,1033000,43000,577000,7,745,1,0.535,341000,179000,Yes,Semiurban,Education,Approved
SLR102570,62,Male,Yes,1,Graduate,Yes,29.3,255000,84000,687000,10,640,1,0.75,669000,515000,Yes,Urban,Personal,Rejected
SLR102571,57,Male,Yes,0,Graduate,No,19.4,527000,298000,191000,7,584,2,0.25,638000,565000,Yes,Semiurban,Business,Approved
SLR102572,62,Male,No,3+,Not Graduate,No,24.0,576000,0,679000,3,622,1,0.75,813000,1295000,Yes,Semiurban,Home,Approved
SLR102573,53,Male,Yes,0,Graduate,Yes,14.3,373000,154000,606000,15,755,1,0.75,1096000,222000,Yes,Urban,Medical,Approved
SLR102574,38,Male,No,1,Graduate,No,9.0,232000,0,296000,5,768,0,0.75,695000,129000,No,Urban,Personal,Rejected
SLR102575,55,Female,Yes,1,Graduate,No,28.6,571000,155000,916000,7,677,0,0.75,1607000,360000,Yes,Rural,Business,Approved
SLR102576,35,Male,No,1,Not Graduate,No,11.0,803000,0,471000,5,803,2,0.575,353000,300000,Yes,Semiurban,Home,Approved
SLR102577,33,Male,Yes,1,Graduate,No,5.4,379000,184000,754000,20,678,3,0.75,3421000,293000,Yes,Urban,Vehicle,Rejected
SLR102578,41,Male,Yes,2,Graduate,Yes,16.8,287000,363000,893000,7,652,1,0.75,538000,458000,Yes,Semiurban,Education,Approved
SLR102579,64,Male,No,1,Graduate,No,35.0,1097000,0,805000,15,584,0,0.71,1216000,37000,Yes,Semiurban,Education,Rejected
SLR102580,46,Male,No,0,Graduate,No,12.8,735000,0,272000,7,684,0,0.248,955000,142000,Yes,Urban,Home,Approved
SLR102581,38,Male,Yes,0,Graduate,No,12.5,451000,250000,506000,5,770,2,0.676,3534000,387000,Yes,Semiurban,Vehicle,Approved
SLR102582,41,Male,Yes,1,Graduate,Yes,13.0,913000,74000,2594000,5,785,2,0.75,1042000,328000,No,Urban,Business,Approved
SLR102583,34,Male,Yes,0,Graduate,No,6.6,628000,129000,1610000,7,770,1,0.75,5202000,1739000,Yes,Semiurban,Personal,Approved
SLR102584,50,Male,No,2,Graduate,No,22.9,1471000,0,1118000,15,727,2,0.704,1932000,353000,Yes,Semiurban,Business,Approved
SLR102585,36,Female,No,0,Not Graduate,No,8.7,793000,0,777000,10,810,0,0.582,603000,118000,Yes,Urban,Medical,Approved
SLR102586,45,Male,No,2,Graduate,No,14.5,256000,0,342000,2,617,1,0.75,1156000,201000,No,Urban,Home,Rejected
SLR102587,37,Female,No,0,Not Graduate,Yes,14.1,383000,0,585000,7,779,0,0.75,1345000,774000,Yes,Semiurban,Vehicle,Approved
SLR102588,35,Male,No,2,Graduate,No,10.5,393000,0,494000,7,711,2,0.75,2711000,286000,Yes,Urban,Personal,Approved
SLR102589,64,Female,Yes,0,Graduate,No,21.5,652000,258000,615000,10,706,1,0.487,1629000,69000,Yes,Urban,Vehicle,Approved
SLR102590,36,Male,Yes,1,Graduate,No,17.8,465000,353000,254000,10,583,1,0.35,1147000,597000,Yes,Rural,Business,Approved
SLR102591,24,Male,No,0,Not Graduate,No,1.8,296000,0,1209000,7,716,2,0.75,704000,876000,Yes,Rural,Home,Approved
SLR102592,38,Female,Yes,1,Not Graduate,Yes,10.5,760000,255000,113000,15,777,1,0.251,2152000,321000,No,Urban,Business,Approved
SLR102593,44,Male,Yes,0,Graduate,No,16.4,953000,725000,1135000,10,530,1,0.527,1019000,226000,Yes,Urban,Personal,Rejected
SLR102594,25,Male,Yes,2,Graduate,No,3.9,520000,118000,1149000,5,750,1,0.75,731000,692000,Yes,Urban,Business,Approved
SLR102595,34,Female,No,1,Graduate,No,10.5,617000,0,2950000,5,519,2,0.75,555000,71000,Yes,Urban,Vehicle,Rejected
SLR102596,28,Male,No,3+,Graduate,No,12.6,323000,0,553000,15,584,5,0.75,3524000,642000,Yes,Urban,Vehicle,Approved
SLR102597,43,Male,Yes,2,Not Graduate,No,12.0,413000,175000,464000,5,683,1,0.507,368000,362000,Yes,Urban,Vehicle,Approved
SLR102598,53,Male,No,1,Graduate,No,20.6,422000,0,703000,5,809,2,0.75,2157000,710000,No,Urban,Business,Approved
SLR102599,64,Female,Yes,2,Graduate,No,19.9,748000,65000,935000,10,680,1,0.75,1427000,142000,Yes,Urban,Business,Approved
SLR102600,38,Female,Yes,0,Graduate,No,14.7,633000,92000,613000,7,725,1,0.75,856000,334000,Yes,Semiurban,Business,Rejected
SLR102601,59,Male,No,1,Graduate,No,26.6,459000,0,301000,5,622,0,0.615,734000,763000,Yes,Urban,Education,Rejected
SLR102602,30,Male,No,0,Not Graduate,No,5.2,449000,0,935000,15,675,0,0.75,1423000,543000,Yes,Urban,Home,Rejected
SLR102603,56,Male,No,2,Graduate,Yes,28.3,186000,0,650000,5,686,0,0.75,863000,48000,Yes,Urban,Education,Rejected
SLR102604,46,Male,No,0,Not Graduate,No,21.5,1330000,0,338000,10,812,1,0.269,833000,693000,Yes,Rural,Business,Approved
SLR102605,55,Female,No,0,Graduate,No,25.6,175000,0,226000,5,634,1,0.75,3425000,821000,Yes,Urban,Personal,Approved
SLR102606,54,Male,Yes,1,Graduate,No,17.4,694000,118000,3235000,10,641,1,0.75,1219000,491000,Yes,Urban,Medical,Rejected
SLR102607,44,Male,Yes,1,Graduate,No,14.0,562000,31000,1116000,15,771,1,0.75,1409000,371000,Yes,Urban,Personal,Approved
SLR102608,32,Male,No,0,Graduate,No,6.3,475000,0,935000,5,671,3,0.75,680000,783000,Yes,Rural,Business,Rejected
SLR102609,44,Male,No,1,Graduate,No,19.0,548000,0,603000,15,698,0,0.75,3427000,387000,No,Semiurban,Home,Approved
SLR102610,58,Female,Yes,2,Graduate,No,35.0,382000,41000,1018000,10,723,0,0.75,4203000,84000,No,Urban,Vehicle,Approved
SLR102611,64,Male,Yes,0,Not Graduate,No,31.1,788000,181000,328000,15,642,3,0.309,1704000,195000,Yes,Urban,Education,Rejected
SLR102612,62,Male,Yes,0,Graduate,No,34.2,267000,14000,740000,2,536,1,0.75,5058000,1208000,No,Semiurban,Medical,Approved
SLR102613,29,Female,Yes,3+,Graduate,No,6.2,659000,263000,761000,10,771,1,0.75,858000,290000,Yes,Urban,Home,Approved
SLR102614,47,Female,No,3+,Graduate,No,16.2,379000,0,333000,20,699,2,0.594,3202000,422000,Yes,Rural,Personal,Approved
SLR102615,25,Male,Yes,0,Graduate,No,4.4,435000,83000,607000,10,594,4,0.75,995000,92000,Yes,Urban,Personal,Rejected
SLR102616,51,Female,Yes,1,Graduate,No,14.2,441000,250000,497000,20,748,3,0.75,907000,540000,Yes,Urban,Home,Rejected
SLR102617,65,Male,No,0,Graduate,No,22.1,502000,0,396000,7,841,0,0.67,4929000,567000,No,Semiurban,Home,Approved
SLR102618,23,Female,Yes,3+,Graduate,No,4.1,725000,61000,458000,10,779,1,0.442,1010000,2180000,Yes,Urban,Education,Approved
SLR102619,50,Male,Yes,1,Graduate,No,10.3,539000,186000,214000,7,846,0,0.369,592000,667000,Yes,Semiurban,Medical,Approved
SLR102620,63,Male,Yes,0,Graduate,No,33.4,919000,101000,1297000,5,598,2,0.75,273000,759000,Yes,Semiurban,Business,Approved
SLR102621,59,Male,Yes,0,Not Graduate,Yes,30.6,977000,73000,1795000,10,709,0,0.75,1410000,82000,Yes,Semiurban,Education,Approved
SLR102622,38,Male,Yes,1,Graduate,No,14.0,652000,110000,356000,5,717,0,0.404,556000,224000,No,Semiurban,Business,Approved
SLR102623,25,Male,Yes,0,Not Graduate,No,8.1,801000,345000,1337000,20,681,2,0.75,8279000,1904000,No,Urban,Medical,Approved
SLR102624,62,Male,Yes,2,Graduate,No,35.0,1675000,334000,637000,15,665,1,0.392,6703000,722000,Yes,Semiurban,Home,Approved
SLR102625,62,Male,Yes,1,Not Graduate,No,35.0,253000,169000,646000,15,468,3,0.75,94000,515000,Yes,Semiurban,Home,Rejected
SLR102626,47,Male,Yes,1,Not Graduate,Yes,15.4,994000,90000,280000,10,817,1,0.295,6099000,1513000,Yes,Urban,Personal,Approved
SLR102627,65,Male,Yes,2,Graduate,Yes,25.8,1286000,182000,452000,15,569,1,0.351,693000,179000,Yes,Urban,Personal,Rejected
SLR102628,21,Male,No,0,Graduate,No,4.9,698000,0,919000,5,758,0,0.75,4320000,477000,Yes,Semiurban,Home,Approved
SLR102629,48,Female,Yes,0,Graduate,No,14.3,1567000,306000,345000,10,691,2,0.24,3632000,519000,No,Urban,Home,Approved
SLR102630,22,Female,Yes,0,Graduate,No,4.2,1459000,257000,401000,5,688,1,0.287,4682000,316000,Yes,Urban,Personal,Approved
SLR102631,63,Male,No,2,Graduate,No,28.6,457000,0,467000,10,675,3,0.75,7069000,113000,Yes,Urban,Vehicle,Approved
SLR102632,51,Male,Yes,0,Graduate,No,19.9,477000,63000,71000,3,705,1,0.293,494000,1162000,Yes,Semiurban,Education,Rejected
SLR102633,62,Male,Yes,2,Not Graduate,No,25.9,736000,57000,805000,15,738,1,0.667,546000,379000,Yes,Semiurban,Business,Approved
SLR102634,46,Male,No,1,Graduate,No,22.1,390000,0,983000,7,761,1,0.75,2901000,501000,Yes,Semiurban,Home,Approved
SLR102635,24,Female,Yes,1,Not Graduate,No,7.4,2443000,96000,824000,20,681,1,0.377,1549000,203000,Yes,Urban,Vehicle,Approved
SLR102636,22,Male,Yes,1,Graduate,No,0.0,849000,267000,1200000,15,600,2,0.702,2573000,197000,Yes,Urban,Home,Rejected
SLR102637,36,Male,No,0,Graduate,No,14.5,564000,0,487000,10,597,1,0.75,1022000,269000,No,Urban,Business,Rejected
SLR102638,54,Male,No,0,Graduate,No,21.7,253000,0,2110000,5,768,1,0.75,3105000,292000,No,Urban,Home,Rejected
SLR102639,27,Male,Yes,2,Graduate,No,4.2,632000,126000,375000,10,670,1,0.529,436000,859000,Yes,Semiurban,Business,Rejected
SLR102640,59,Female,Yes,0,Graduate,No,34.0,287000,243000,562000,10,613,1,0.75,8174000,477000,Yes,Urban,Medical,Approved
SLR102641,31,Male,Yes,1,Graduate,No,9.6,835000,79000,527000,7,634,0,0.447,12917000,159000,Yes,Urban,Personal,Approved
SLR102642,43,Male,No,3+,Graduate,No,18.7,139000,0,734000,10,683,2,0.75,276000,105000,Yes,Urban,Education,Approved
SLR102643,30,Male,Yes,0,Graduate,No,9.7,1177000,115000,556000,15,594,0,0.406,5719000,742000,Yes,Semiurban,Vehicle,Rejected
SLR102644,41,Female,Yes,1,Not Graduate,No,18.1,436000,110000,608000,3,688,0,0.75,293000,808000,No,Semiurban,Personal,Approved
SLR102645,41,Male,Yes,0,Graduate,No,16.2,217000,516000,418000,7,784,1,0.42,2364000,274000,Yes,Urban,Personal,Approved
SLR102646,21,Female,No,0,Not Graduate,No,-0.0,545000,0,489000,15,681,2,0.57,593000,212000,No,Urban,Education,Rejected
SLR102647,46,Female,Yes,3+,Graduate,No,21.1,555000,120000,152000,7,557,0,0.203,2117000,366000,Yes,Urban,Home,Approved
SLR102648,56,Male,Yes,3+,Graduate,No,24.2,531000,125000,1095000,15,755,1,0.75,454000,367000,No,Urban,Vehicle,Rejected
SLR102649,63,Female,Yes,0,Graduate,No,29.7,1175000,201000,335000,7,773,2,0.24,2020000,438000,Yes,Urban,Vehicle,Approved
SLR102650,35,Male,No,3+,Not Graduate,No,13.1,678000,0,473000,7,777,1,0.618,1183000,824000,Yes,Semiurban,Home,Approved
SLR102651,60,Male,Yes,0,Graduate,No,22.5,852000,94000,326000,20,694,2,0.352,1102000,772000,Yes,Semiurban,Home,Approved
SLR102652,60,Male,No,3+,Graduate,Yes,27.3,480000,0,941000,5,865,0,0.75,1933000,701000,Yes,Semiurban,Personal,Approved
SLR102653,65,Male,Yes,2,Not Graduate,No,21.9,696000,20000,457000,5,745,1,0.612,301000,155000,Yes,Urban,Medical,Approved
SLR102654,37,Male,Yes,0,Not Graduate,No,16.8,268000,304000,133000,5,900,1,0.274,2445000,534000,No,Semiurban,Education,Approved
SLR102655,59,Male,Yes,1,Not Graduate,No,22.9,634000,37000,780000,20,791,1,0.75,1056000,458000,No,Rural,Personal,Approved
SLR102656,46,Male,Yes,2,Not Graduate,Yes,22.4,362000,33000,400000,5,780,2,0.75,347000,126000,No,Semiurban,Home,Rejected
SLR102657,23,Male,Yes,0,Graduate,No,7.4,1137000,256000,640000,3,643,1,0.462,2581000,260000,Yes,Semiurban,Vehicle,Rejected
SLR102658,33,Male,No,0,Not Graduate,Yes,2.8,573000,0,1116000,5,619,1,0.75,800000,521000,Yes,Semiurban,Personal,Approved
SLR102659,51,Male,Yes,1,Graduate,Yes,22.1,792000,94000,342000,10,699,1,0.493,1334000,113000,Yes,Urban,Personal,Approved
SLR102660,28,Male,No,0,Not Graduate,No,6.8,635000,0,629000,5,676,2,0.657,1879000,218000,Yes,Urban,Business,Rejected
SLR102661,40,Female,Yes,0,Graduate,No,13.0,1485000,283000,394000,5,650,0,0.215,1316000,377000,Yes,Urban,Personal,Rejected
SLR102662,55,Female,Yes,0,Graduate,No,28.3,233000,77000,1234000,7,680,2,0.75,1359000,250000,Yes,Rural,Education,Approved
SLR102663,27,Male,Yes,2,Graduate,No,2.9,517000,193000,684000,10,675,0,0.75,2378000,831000,Yes,Semiurban,Vehicle,Rejected
SLR102664,43,Male,Yes,0,Not Graduate,Yes,12.7,324000,48000,640000,7,642,2,0.75,1093000,632000,Yes,Semiurban,Personal,Rejected
SLR102665,30,Male,Yes,1,Graduate,No,6.3,178000,156000,290000,10,739,1,0.597,3515000,123000,Yes,Urban,Personal,Approved
SLR102666,45,Female,No,0,Not Graduate,No,17.7,313000,0,1058000,10,634,0,0.75,3930000,176000,Yes,Semiurban,Medical,Approved
SLR102667,31,Male,No,0,Graduate,No,4.9,1048000,0,1149000,15,687,1,0.75,827000,873000,Yes,Rural,Personal,Rejected
SLR102668,64,Female,No,1,Graduate,No,20.6,541000,0,395000,10,599,3,0.68,846000,552000,Yes,Rural,Medical,Rejected
SLR102669,24,Male,No,0,Graduate,No,2.0,487000,0,718000,10,698,2,0.75,2458000,35000,Yes,Urban,Home,Approved
SLR102670,64,Male,Yes,1,Graduate,No,29.6,842000,431000,953000,7,705,0,0.719,6319000,1095000,No,Urban,Home,Approved
SLR102671,56,Male,Yes,0,Graduate,Yes,19.6,586000,251000,2748000,20,618,2,0.75,3758000,354000,Yes,Urban,Home,Approved
SLR102672,59,Male,Yes,1,Not Graduate,No,33.2,771000,102000,838000,15,695,0,0.557,624000,340000,Yes,Urban,Vehicle,Approved
SLR102673,59,Female,No,0,Graduate,No,32.2,657000,0,650000,10,683,1,0.676,1077000,172000,Yes,Semiurban,Personal,Rejected
SLR102674,29,Male,Yes,2,Graduate,No,3.2,741000,152000,587000,7,655,0,0.569,671000,961000,No,Urban,Medical,Rejected
SLR102675,62,Male,Yes,0,Graduate,Yes,26.6,429000,89000,611000,2,656,2,0.75,5253000,531000,Yes,Rural,Home,Rejected
SLR102676,47,Male,No,3+,Not Graduate,No,19.2,978000,0,1070000,20,724,0,0.668,2050000,314000,Yes,Rural,Personal,Approved
SLR102677,64,Male,Yes,0,Graduate,No,32.2,282000,178000,366000,5,692,0,0.657,568000,39000,No,Urban,Home,Approved
SLR102678,60,Male,No,0,Not Graduate,Yes,29.9,525000,0,1192000,7,762,1,0.75,944000,237000,Yes,Urban,Vehicle,Rejected
SLR102679,47,Male,Yes,1,Graduate,No,13.5,1005000,81000,239000,5,612,2,0.305,599000,146000,No,Semiurban,Vehicle,Rejected
SLR102680,37,Male,No,0,Not Graduate,No,11.8,505000,0,1002000,5,676,0,0.75,977000,256000,Yes,Semiurban,Vehicle,Approved
SLR102681,26,Male,No,1,Graduate,No,3.8,434000,0,1201000,7,644,0,0.75,2331000,172000,Yes,Semiurban,Home,Rejected
SLR102682,25,Male,Yes,2,Not Graduate,No,5.1,1936000,149000,1098000,7,695,1,0.322,801000,664000,Yes,Semiurban,Business,Approved
SLR102683,38,Male,Yes,2,Not Graduate,Yes,17.2,1200000,139000,775000,2,710,0,0.585,1522000,1208000,Yes,Semiurban,Vehicle,Approved
SLR102684,57,Male,Yes,1,Not Graduate,No,31.3,595000,67000,840000,5,601,1,0.733,1850000,330000,Yes,Rural,Personal,Rejected
SLR102685,43,Male,Yes,3+,Graduate,No,16.2,323000,351000,501000,10,734,0,0.577,251000,139000,Yes,Urban,Home,Approved
SLR102686,42,Female,Yes,1,Not Graduate,No,14.4,180000,120000,313000,10,852,0,0.667,302000,263000,Yes,Semiurban,Vehicle,Approved
SLR102687,32,Male,Yes,0,Graduate,No,4.6,812000,387000,765000,10,703,2,0.537,910000,246000,No,Rural,Business,Approved
SLR102688,46,Male,Yes,2,Graduate,No,16.1,1103000,380000,680000,20,625,2,0.331,628000,1234000,Yes,Semiurban,Home,Rejected
SLR102689,49,Female,Yes,0,Graduate,No,21.1,684000,51000,1185000,2,668,1,0.75,2028000,362000,Yes,Urban,Business,Approved
SLR102690,65,Male,Yes,0,Graduate,Yes,34.7,215000,81000,593000,7,666,1,0.75,1024000,1117000,No,Urban,Home,Rejected
SLR102691,53,Male,No,0,Graduate,Yes,26.5,601000,0,721000,7,640,0,0.75,2669000,113000,No,Semiurban,Home,Approved
SLR102692,48,Male,Yes,0,Graduate,Yes,16.6,421000,154000,784000,5,744,2,0.75,2196000,351000,Yes,Urban,Business,Approved
SLR102693,61,Male,Yes,0,Graduate,Yes,35.0,601000,215000,943000,15,553,2,0.75,3039000,152000,No,Urban,Vehicle,Approved
SLR102694,40,Male,Yes,0,Graduate,No,20.0,1602000,135000,1204000,5,710,0,0.425,870000,317000,No,Urban,Home,Approved
SLR102695,63,Female,Yes,1,Graduate,No,26.0,849000,77000,350000,7,787,0,0.423,1148000,523000,Yes,Rural,Business,Approved
SLR102696,37,Female,No,2,Graduate,No,13.2,755000,0,1026000,5,782,1,0.75,8529000,105000,Yes,Urban,Personal,Approved
SLR102697,26,Male,Yes,3+,Graduate,No,4.2,536000,84000,578000,7,767,2,0.682,545000,226000,Yes,Rural,Vehicle,Approved
SLR102698,39,Male,No,0,Graduate,No,17.3,691000,0,987000,15,640,1,0.75,2555000,300000,Yes,Semiurban,Personal,Rejected
SLR102699,26,Female,Yes,0,Graduate,No,5.6,370000,116000,1699000,10,799,3,0.75,3478000,406000,Yes,Semiurban,Personal,Approved
SLR102700,26,Male,No,1,Not Graduate,Yes,4.1,746000,0,165000,10,717,0,0.287,2145000,101000,Yes,Semiurban,Business,Approved
SLR102701,60,Male,No,0,Graduate,Yes,29.3,495000,0,1431000,5,797,1,0.75,3132000,486000,Yes,Semiurban,Personal,Approved
SLR102702,56,Male,No,0,Graduate,No,22.6,350000,0,602000,2,771,0,0.75,1400000,500000,No,Semiurban,Personal,Approved
SLR102703,30,Male,Yes,1,Not Graduate,No,10.5,861000,153000,373000,10,714,1,0.402,2162000,776000,Yes,Urban,Medical,Rejected
SLR102704,58,Male,Yes,2,Not Graduate,No,15.5,161000,81000,489000,3,672,3,0.75,1710000,98000,Yes,Urban,Business,Approved
SLR102705,24,Male,No,0,Graduate,No,0.0,408000,0,332000,7,867,2,0.626,394000,271000,Yes,Semiurban,Home,Approved
SLR102706,33,Male,Yes,1,Not Graduate,Yes,12.2,771000,178000,904000,15,557,1,0.72,1151000,345000,Yes,Semiurban,Business,Rejected
SLR102707,52,Male,Yes,1,Not Graduate,No,21.2,1079000,138000,332000,7,677,0,0.317,357000,407000,Yes,Semiurban,Personal,Approved
SLR102708,34,Female,Yes,2,Graduate,No,10.8,713000,273000,1422000,7,585,0,0.75,2474000,370000,Yes,Semiurban,Education,Approved
SLR102709,53,Male,Yes,0,Graduate,No,28.8,380000,155000,1019000,20,699,2,0.75,1711000,224000,Yes,Semiurban,Vehicle,Rejected
SLR102710,60,Male,Yes,2,Graduate,No,28.0,535000,857000,753000,20,717,3,0.59,3301000,379000,Yes,Semiurban,Vehicle,Approved
SLR102711,23,Male,Yes,2,Not Graduate,Yes,0.0,646000,120000,173000,3,642,1,0.271,503000,3451000,Yes,Semiurban,Personal,Rejected
SLR102712,22,Male,Yes,0,Graduate,No,1.4,1298000,301000,275000,15,647,1,0.268,1530000,551000,Yes,Urban,Medical,Rejected
SLR102713,63,Female,Yes,1,Graduate,No,29.1,913000,171000,617000,7,591,0,0.535,1578000,101000,Yes,Urban,Home,Approved
SLR102714,44,Female,Yes,1,Not Graduate,No,16.8,916000,170000,639000,15,724,1,0.508,8559000,1180000,Yes,Semiurban,Business,Rejected
SLR102715,43,Male,No,0,Not Graduate,Yes,19.8,570000,0,1197000,5,655,1,0.75,1176000,1317000,No,Urban,Home,Rejected
SLR102716,41,Male,Yes,1,Graduate,Yes,16.5,305000,90000,98000,20,722,0,0.331,853000,679000,Yes,Rural,Personal,Approved
SLR102717,40,Male,No,1,Not Graduate,No,13.9,254000,0,397000,15,651,0,0.75,1441000,986000,No,Urban,Personal,Rejected
SLR102718,52,Male,Yes,2,Not Graduate,No,18.3,466000,60000,1120000,7,709,1,0.75,6190000,2270000,Yes,Semiurban,Home,Approved
SLR102719,47,Male,Yes,0,Not Graduate,No,16.6,808000,76000,522000,5,745,3,0.522,3030000,440000,Yes,Rural,Home,Approved
SLR102720,28,Male,No,1,Not Graduate,Yes,5.1,417000,0,480000,5,726,1,0.75,2519000,817000,Yes,Rural,Medical,Approved
SLR102721,49,Male,No,0,Graduate,No,22.4,753000,0,228000,5,706,2,0.399,1135000,1183000,Yes,Rural,Vehicle,Approved
SLR102722,51,Male,No,1,Not Graduate,No,20.6,355000,0,1293000,7,682,1,0.75,1148000,189000,Yes,Semiurban,Home,Rejected
SLR102723,26,Male,No,2,Graduate,No,8.3,387000,0,474000,5,726,6,0.75,5361000,1169000,Yes,Urban,Business,Approved
SLR102724,37,Male,No,1,Not Graduate,No,12.6,1193000,0,1323000,10,645,2,0.75,960000,411000,No,Urban,Home,Rejected
SLR102725,56,Male,No,1,Not Graduate,No,24.5,839000,0,1685000,10,675,1,0.75,894000,759000,Yes,Urban,Education,Rejected
SLR102726,48,Male,No,0,Not Graduate,No,19.3,465000,0,1530000,5,716,1,0.75,309000,731000,Yes,Urban,Home,Approved
SLR102727,27,Male,No,0,Not Graduate,No,7.8,348000,0,636000,5,805,2,0.75,345000,204000,Yes,Rural,Business,Approved
SLR102728,22,Male,Yes,2,Not Graduate,No,0.3,927000,38000,474000,2,644,3,0.49,3896000,1042000,Yes,Rural,Home,Rejected
SLR102729,47,Male,Yes,0,Graduate,No,18.4,891000,159000,454000,7,624,3,0.54,226000,247000,Yes,Urban,Medical,Rejected
SLR102730,41,Male,Yes,2,Graduate,Yes,16.3,782000,57000,2336000,7,711,2,0.75,5965000,437000,Yes,Semiurban,Home,Approved
SLR102731,64,Female,Yes,1,Graduate,No,35.0,499000,222000,566000,3,781,3,0.75,1112000,681000,Yes,Semiurban,Personal,Approved
SLR102732,44,Female,No,3+,Not Graduate,No,14.9,301000,0,1289000,3,751,1,0.75,1951000,553000,No,Urban,Education,Approved
SLR102733,62,Male,Yes,0,Graduate,No,21.4,546000,182000,889000,5,692,1,0.75,3641000,222000,No,Semiurban,Vehicle,Approved
SLR102734,30,Male,Yes,1,Graduate,No,3.9,1193000,68000,497000,7,782,1,0.341,814000,126000,No,Rural,Home,Approved
SLR102735,41,Male,No,0,Graduate,No,16.9,334000,0,551000,20,554,2,0.75,2400000,181000,Yes,Urban,Vehicle,Approved
SLR102736,27,Male,Yes,3+,Graduate,No,1.7,565000,72000,1403000,20,766,2,0.75,557000,624000,Yes,Semiurban,Education,Approved
SLR102737,46,Male,No,1,Graduate,No,22.3,1352000,0,663000,7,666,1,0.397,786000,538000,Yes,Urban,Vehicle,Approved
SLR102738,29,Male,Yes,1,Not Graduate,Yes,5.1,465000,99000,484000,7,737,6,0.71,2076000,299000,No,Semiurban,Personal,Approved
SLR102739,43,Male,Yes,2,Not Graduate,No,16.5,513000,147000,385000,7,766,2,0.659,2037000,291000,No,Semiurban,Home,Approved
SLR102740,36,Male,Yes,0,Graduate,No,13.1,262000,53000,800000,5,705,1,0.75,1938000,273000,No,Semiurban,Home,Rejected
SLR102741,29,Male,Yes,1,Not Graduate,No,8.1,775000,119000,465000,15,695,3,0.555,5292000,146000,Yes,Urban,Personal,Rejected
SLR102742,25,Male,Yes,2,Graduate,No,0.2,366000,366000,956000,5,661,0,0.75,1306000,728000,Yes,Rural,Business,Rejected
SLR102743,44,Male,Yes,0,Graduate,No,13.8,234000,157000,3397000,7,817,3,0.75,5952000,144000,No,Urban,Vehicle,Rejected
SLR102744,63,Male,Yes,3+,Graduate,No,35.0,326000,165000,910000,20,716,0,0.75,1478000,386000,No,Rural,Business,Approved
SLR102745,29,Male,Yes,3+,Not Graduate,Yes,9.9,617000,166000,2100000,5,707,2,0.75,2409000,969000,Yes,Urban,Medical,Approved
SLR102746,39,Male,No,3+,Graduate,No,9.2,231000,0,408000,7,803,2,0.75,2708000,340000,Yes,Semiurban,Education,Approved
SLR102747,31,Male,Yes,2,Graduate,No,6.7,257000,443000,1014000,15,652,0,0.75,889000,1242000,No,Semiurban,Education,Rejected
SLR102748,57,Male,Yes,0,Graduate,No,25.1,748000,160000,1470000,5,671,1,0.75,1692000,149000,Yes,Rural,Business,Approved
SLR102749,39,Male,Yes,1,Graduate,Yes,7.8,529000,138000,1594000,20,760,2,0.75,379000,121000,No,Urban,Home,Approved
SLR102750,64,Female,No,0,Graduate,No,31.5,333000,0,1493000,5,823,5,0.75,1543000,55000,Yes,Urban,Education,Approved
SLR102751,32,Male,No,2,Graduate,No,13.2,461000,0,657000,10,693,0,0.75,1491000,640000,No,Semiurban,Education,Rejected
SLR102752,24,Male,No,0,Not Graduate,No,2.4,1431000,0,1159000,3,719,1,0.475,2272000,72000,Yes,Semiurban,Medical,Approved
SLR102753,47,Male,No,2,Graduate,No,11.1,1113000,0,335000,7,571,1,0.299,1252000,1249000,No,Urban,Personal,Approved
SLR102754,50,Female,Yes,0,Graduate,No,25.8,518000,717000,1848000,5,786,1,0.75,6980000,1401000,Yes,Urban,Home,Approved
SLR102755,65,Female,No,0,Graduate,No,22.4,862000,0,350000,10,609,1,0.333,304000,433000,No,Urban,Home,Rejected
SLR102756,60,Female,Yes,0,Graduate,Yes,35.0,588000,110000,1469000,10,650,3,0.75,486000,183000,Yes,Rural,Vehicle,Rejected
SLR102757,60,Male,No,2,Not Graduate,Yes,30.4,207000,0,1281000,7,704,1,0.75,592000,79000,Yes,Urban,Personal,Rejected
SLR102758,49,Male,Yes,0,Graduate,Yes,11.8,188000,92000,1276000,20,641,0,0.75,1350000,482000,Yes,Rural,Home,Rejected
SLR102759,37,Male,Yes,0,Graduate,No,13.3,334000,159000,2489000,15,545,0,0.75,694000,345000,No,Urban,Business,Rejected
SLR102760,40,Male,No,0,Not Graduate,No,18.7,231000,0,1288000,10,597,0,0.75,488000,422000,Yes,Urban,Medical,Approved
SLR102761,27,Male,No,0,Not Graduate,Yes,2.5,639000,0,274000,10,697,0,0.316,889000,537000,Yes,Urban,Personal,Approved
SLR102762,40,Male,No,3+,Graduate,Yes,13.4,406000,0,954000,3,802,0,0.75,372000,146000,Yes,Semiurban,Personal,Approved
SLR102763,37,Male,Yes,1,Graduate,No,10.9,695000,461000,190000,5,796,0,0.199,1942000,294000,No,Semiurban,Personal,Approved
SLR102764,22,Female,Yes,0,Not Graduate,No,0.3,701000,82000,613000,5,719,5,0.593,1845000,395000,Yes,Semiurban,Medical,Approved
SLR102765,30,Male,Yes,0,Graduate,No,6.8,804000,299000,494000,7,702,2,0.473,447000,2167000,Yes,Urban,Personal,Approved
SLR102766,45,Male,Yes,0,Not Graduate,No,14.6,330000,85000,984000,3,750,0,0.75,3066000,656000,Yes,Urban,Personal,Approved
SLR102767,37,Male,Yes,0,Graduate,No,5.4,730000,78000,381000,5,789,0,0.377,421000,394000,No,Urban,Business,Approved
SLR102768,65,Female,Yes,0,Not Graduate,No,35.0,325000,164000,388000,7,699,3,0.638,861000,156000,Yes,Urban,Vehicle,Approved
SLR102769,42,Female,No,0,Graduate,No,16.5,813000,0,900000,5,701,0,0.75,1715000,974000,Yes,Urban,Personal,Approved
SLR102770,64,Male,Yes,0,Graduate,No,34.6,1077000,204000,1395000,3,705,2,0.692,1485000,1355000,Yes,Semiurban,Business,Approved
SLR102771,50,Female,No,0,Not Graduate,No,17.6,819000,0,651000,10,766,2,0.648,343000,105000,Yes,Urban,Medical,Approved
SLR102772,22,Female,No,2,Graduate,No,4.4,499000,0,2942000,5,587,1,0.75,2090000,80000,Yes,Rural,Education,Rejected
SLR102773,30,Female,Yes,0,Graduate,No,11.7,751000,65000,520000,7,691,1,0.629,1341000,368000,Yes,Semiurban,Medical,Approved
SLR102774,52,Female,Yes,1,Graduate,No,20.1,237000,581000,1011000,15,720,0,0.75,7702000,300000,Yes,Rural,Home,Approved
SLR102775,45,Male,Yes,1,Not Graduate,Yes,14.9,209000,117000,811000,5,548,1,0.75,2392000,1089000,Yes,Semiurban,Vehicle,Rejected
SLR102776,34,Female,Yes,3+,Graduate,No,7.6,711000,113000,520000,3,759,1,0.541,5260000,142000,Yes,Semiurban,Personal,Approved
SLR102777,44,Male,No,0,Graduate,No,16.8,1129000,0,1524000,15,771,2,0.75,599000,164000,Yes,Semiurban,Personal,Approved
SLR102778,61,Male,Yes,2,Graduate,No,26.7,279000,61000,364000,10,544,1,0.626,338000,103000,Yes,Urban,Education,Rejected
SLR102779,38,Male,Yes,2,Graduate,No,15.4,555000,297000,169000,10,659,0,0.182,4616000,157000,No,Urban,Business,Approved
SLR102780,23,Female,No,3+,Not Graduate,No,1.8,700000,0,599000,7,661,2,0.75,1915000,399000,Yes,Rural,Business,Approved
SLR102781,34,Female,No,2,Graduate,No,8.0,392000,0,550000,10,623,0,0.75,7256000,104000,No,Urban,Vehicle,Rejected
SLR102782,63,Male,No,0,Graduate,No,29.7,456000,0,1297000,5,634,2,0.75,3852000,4665000,Yes,Rural,Personal,Approved
SLR102783,55,Female,Yes,3+,Graduate,No,26.6,771000,50000,288000,5,651,3,0.478,3662000,47000,No,Urban,Personal,Rejected
SLR102784,58,Male,No,2,Graduate,Yes,17.4,584000,0,914000,10,736,1,0.75,2110000,226000,Yes,Semiurban,Vehicle,Approved
SLR102785,62,Male,Yes,0,Graduate,No,22.1,585000,64000,844000,5,784,1,0.75,648000,421000,No,Rural,Personal,Approved
SLR102786,26,Male,Yes,0,Graduate,No,5.3,320000,58000,802000,10,731,0,0.75,564000,975000,Yes,Semiurban,Medical,Approved
SLR102787,33,Female,No,3+,Not Graduate,No,9.6,541000,0,1281000,15,621,1,0.75,226000,155000,Yes,Semiurban,Home,Rejected
SLR102788,23,Male,No,0,Not Graduate,No,2.0,442000,0,640000,7,749,2,0.75,874000,80000,Yes,Urban,Education,Approved
SLR102789,21,Male,Yes,2,Not Graduate,Yes,4.0,455000,316000,672000,3,735,2,0.749,1387000,154000,No,Rural,Personal,Rejected
SLR102790,58,Male,Yes,0,Graduate,No,18.4,408000,305000,871000,10,470,1,0.75,1279000,1517000,Yes,Semiurban,Vehicle,Rejected
SLR102791,63,Male,Yes,2,Not Graduate,No,24.4,542000,126000,608000,15,783,2,0.72,1421000,68000,Yes,Urban,Personal,Approved
SLR102792,28,Male,No,0,Graduate,No,3.3,341000,0,270000,5,700,0,0.75,206000,807000,Yes,Rural,Personal,Approved
SLR102793,53,Female,No,2,Graduate,No,19.8,554000,0,498000,10,703,2,0.653,1673000,440000,Yes,Rural,Education,Rejected
SLR102794,45,Male,Yes,1,Graduate,No,12.6,450000,209000,549000,5,559,2,0.75,5542000,482000,No,Semiurban,Personal,Rejected
SLR102795,24,Female,Yes,3+,Graduate,No,4.5,329000,167000,451000,15,811,2,0.75,684000,913000,No,Urban,Personal,Approved
SLR102796,62,Male,No,0,Graduate,No,21.0,188000,0,529000,5,715,1,0.75,385000,193000,No,Rural,Vehicle,Rejected
SLR102797,60,Female,No,0,Graduate,Yes,23.0,926000,0,730000,10,748,2,0.75,340000,765000,No,Semiurban,Business,Approved
SLR102798,46,Male,Yes,0,Not Graduate,Yes,14.2,829000,95000,544000,10,591,2,0.424,792000,397000,Yes,Semiurban,Home,Rejected
SLR102799,52,Male,Yes,0,Not Graduate,Yes,26.2,353000,95000,1132000,5,728,2,0.75,998000,122000,Yes,Urban,Home,Approved
SLR102800,38,Male,No,3+,Graduate,No,11.5,800000,0,1144000,20,730,1,0.75,1657000,325000,No,Semiurban,Vehicle,Approved
SLR102801,56,Male,Yes,0,Not Graduate,No,30.6,313000,150000,138000,20,678,0,0.243,2794000,338000,Yes,Rural,Home,Approved
SLR102802,41,Male,Yes,0,Graduate,No,16.1,465000,36000,256000,5,593,2,0.495,585000,49000,Yes,Urban,Personal,Rejected
SLR102803,65,Female,Yes,2,Graduate,No,29.8,411000,201000,136000,5,685,0,0.191,875000,160000,No,Urban,Business,Approved
SLR102804,23,Male,Yes,0,Not Graduate,Yes,4.4,472000,83000,544000,10,618,0,0.75,319000,517000,Yes,Semiurban,Education,Approved
SLR102805,28,Male,No,0,Graduate,Yes,5.2,785000,0,522000,5,638,1,0.516,2328000,393000,Yes,Rural,Vehicle,Rejected
SLR102806,64,Male,Yes,1,Graduate,No,21.0,441000,185000,717000,5,777,0,0.75,980000,811000,No,Urban,Home,Rejected
SLR102807,33,Female,Yes,0,Graduate,No,13.9,456000,324000,1124000,2,697,0,0.75,1121000,980000,No,Semiurban,Personal,Rejected
SLR102808,34,Male,Yes,2,Graduate,No,13.5,828000,275000,632000,3,684,1,0.44,4494000,171000,Yes,Urban,Business,Approved
SLR102809,56,Male,No,1,Not Graduate,No,18.7,569000,0,439000,10,602,2,0.75,1524000,194000,Yes,Semiurban,Home,Approved
SLR102810,29,Male,Yes,0,Graduate,No,4.7,397000,297000,648000,5,687,1,0.75,6359000,99000,Yes,Rural,Personal,Approved
SLR102811,44,Male,Yes,1,Graduate,No,13.8,628000,230000,472000,3,679,0,0.415,2713000,526000,Yes,Urban,Business,Approved
SLR102812,33,Male,Yes,2,Graduate,No,5.5,949000,69000,249000,20,616,2,0.316,942000,226000,Yes,Semiurban,Education,Approved
SLR102813,29,Male,Yes,0,Graduate,No,9.5,983000,48000,1211000,5,771,2,0.75,507000,890000,Yes,Urban,Vehicle,Approved
SLR102814,64,Male,No,2,Graduate,Yes,30.4,265000,0,857000,5,768,2,0.75,1200000,802000,Yes,Semiurban,Home,Approved
SLR102815,29,Male,No,0,Not Graduate,No,7.3,273000,0,1667000,7,632,2,0.75,3468000,519000,No,Rural,Medical,Rejected
SLR102816,25,Male,No,1,Graduate,No,4.9,953000,0,291000,15,720,2,0.362,397000,246000,No,Rural,Education,Rejected
SLR102817,51,Male,Yes,2,Not Graduate,Yes,20.5,470000,119000,228000,15,551,2,0.374,803000,839000,Yes,Urban,Business,Rejected
SLR102818,60,Female,Yes,0,Graduate,No,25.3,164000,97000,354000,5,714,0,0.75,656000,349000,Yes,Rural,Education,Approved
SLR102819,26,Male,No,1,Graduate,No,7.9,368000,0,842000,10,749,1,0.75,948000,424000,Yes,Urban,Personal,Rejected
SLR102820,52,Male,Yes,0,Graduate,Yes,23.1,432000,109000,1136000,7,606,0,0.75,1985000,74000,Yes,Urban,Vehicle,Rejected
SLR102821,45,Male,No,2,Graduate,No,14.0,463000,0,783000,10,691,0,0.75,1660000,474000,Yes,Urban,Education,Approved
SLR102822,58,Male,Yes,1,Not Graduate,No,31.3,838000,344000,714000,7,700,1,0.583,1630000,362000,Yes,Semiurban,Education,Approved
SLR102823,26,Female,Yes,0,Not Graduate,No,0.0,330000,111000,1133000,5,900,2,0.75,396000,319000,Yes,Semiurban,Personal,Approved
SLR102824,64,Male,Yes,0,Graduate,Yes,21.0,920000,98000,482000,15,884,2,0.43,2635000,219000,Yes,Urban,Home,Approved
SLR102825,48,Male,Yes,3+,Not Graduate,No,12.4,643000,81000,1292000,7,714,1,0.75,3415000,102000,Yes,Semiurban,Home,Approved
SLR102826,58,Male,Yes,0,Not Graduate,No,20.0,271000,151000,2362000,7,640,0,0.75,1123000,334000,Yes,Urban,Vehicle,Rejected
SLR102827,37,Male,Yes,0,Graduate,No,14.7,461000,92000,326000,10,708,0,0.663,623000,62000,Yes,Urban,Personal,Approved
SLR102828,63,Female,Yes,0,Graduate,No,30.7,722000,92000,551000,7,774,0,0.482,2904000,290000,No,Semiurban,Personal,Approved
SLR102829,49,Male,Yes,1,Not Graduate,Yes,18.5,562000,383000,263000,15,564,1,0.349,4650000,222000,Yes,Urban,Personal,Rejected
SLR102830,26,Male,No,0,Not Graduate,No,6.1,677000,0,347000,3,533,1,0.496,1963000,998000,Yes,Urban,Vehicle,Rejected
SLR102831,62,Female,Yes,2,Graduate,No,23.8,398000,84000,839000,2,604,2,0.75,727000,1562000,Yes,Semiurban,Personal,Rejected
SLR102832,56,Female,No,2,Graduate,No,24.5,746000,0,217000,7,747,1,0.266,538000,103000,Yes,Semiurban,Personal,Approved
SLR102833,34,Male,Yes,0,Graduate,No,10.2,442000,141000,392000,5,752,2,0.666,2327000,654000,Yes,Urban,Vehicle,Approved
SLR102834,45,Male,Yes,1,Graduate,No,18.2,2231000,77000,1289000,3,723,1,0.614,342000,205000,No,Urban,Vehicle,Approved
SLR102835,38,Male,Yes,0,Graduate,No,14.6,266000,89000,752000,2,773,1,0.75,398000,239000,Yes,Urban,Vehicle,Approved
SLR102836,45,Female,No,0,Graduate,No,24.8,2425000,0,1071000,15,676,2,0.515,1692000,235000,Yes,Rural,Personal,Approved
SLR102837,64,Male,Yes,1,Graduate,Yes,33.6,326000,140000,280000,20,670,0,0.438,5745000,987000,Yes,Urban,Home,Approved
SLR102838,61,Male,No,0,Graduate,No,28.6,1107000,0,679000,10,719,0,0.487,3939000,318000,Yes,Rural,Business,Approved
SLR102839,30,Female,Yes,3+,Graduate,No,5.3,867000,167000,2216000,15,818,3,0.75,1971000,489000,Yes,Semiurban,Business,Approved
SLR102840,64,Male,No,1,Graduate,No,29.2,334000,0,423000,15,721,3,0.698,214000,92000,Yes,Rural,Personal,Approved
SLR102841,40,Male,No,0,Graduate,No,16.8,765000,0,473000,15,683,0,0.586,153000,140000,No,Rural,Personal,Approved
SLR102842,52,Male,No,3+,Not Graduate,No,18.7,419000,0,949000,5,720,1,0.75,1197000,224000,Yes,Rural,Personal,Rejected
SLR102843,55,Female,Yes,1,Not Graduate,Yes,20.8,640000,130000,362000,2,797,3,0.343,6853000,349000,No,Urban,Home,Approved
SLR102844,42,Male,No,0,Graduate,No,12.1,597000,0,1036000,10,663,2,0.75,627000,597000,Yes,Urban,Home,Approved
SLR102845,41,Male,Yes,1,Not Graduate,No,17.8,454000,417000,202000,20,656,2,0.304,3042000,218000,Yes,Semiurban,Home,Approved
SLR102846,41,Male,No,3+,Not Graduate,Yes,15.0,434000,0,134000,15,654,0,0.289,1849000,1071000,Yes,Urban,Vehicle,Approved
SLR102847,59,Female,Yes,0,Graduate,Yes,31.6,663000,42000,797000,2,751,2,0.75,835000,280000,Yes,Semiurban,Home,Rejected
SLR102848,38,Female,Yes,0,Not Graduate,No,20.3,335000,74000,344000,20,632,1,0.75,967000,201000,Yes,Urban,Business,Rejected
SLR102849,33,Male,Yes,1,Graduate,No,11.5,342000,82000,450000,2,738,1,0.75,308000,696000,Yes,Semiurban,Home,Approved
SLR102850,37,Male,No,0,Graduate,No,11.4,930000,0,1149000,7,580,1,0.75,2080000,615000,Yes,Semiurban,Business,Rejected
SLR102851,29,Female,Yes,0,Not Graduate,No,3.2,696000,79000,975000,15,671,1,0.708,776000,83000,No,Semiurban,Home,Approved
SLR102852,38,Female,Yes,1,Graduate,Yes,10.7,268000,77000,293000,7,686,2,0.733,3005000,1241000,Yes,Urban,Personal,Approved
SLR102853,26,Male,Yes,3+,Graduate,No,1.5,317000,67000,911000,10,824,1,0.75,1143000,226000,Yes,Semiurban,Personal,Approved
SLR102854,25,Male,No,2,Graduate,No,4.2,170000,0,535000,5,763,1,0.75,1072000,293000,Yes,Semiurban,Personal,Approved
SLR102855,53,Female,Yes,0,Graduate,No,22.9,907000,199000,852000,20,663,4,0.729,209000,172000,Yes,Urban,Home,Rejected
SLR102856,24,Female,No,0,Graduate,No,5.7,803000,0,642000,2,651,0,0.437,1815000,247000,Yes,Urban,Medical,Approved
SLR102857,46,Male,Yes,0,Graduate,No,16.2,302000,80000,245000,10,639,1,0.485,2217000,88000,Yes,Urban,Education,Rejected
SLR102858,56,Male,No,0,Not Graduate,No,20.2,786000,0,409000,2,606,1,0.429,4347000,440000,Yes,Urban,Home,Approved
SLR102859,53,Male,No,1,Graduate,No,21.3,1639000,0,136000,2,811,0,0.181,654000,209000,Yes,Semiurban,Personal,Approved
SLR102860,41,Female,No,0,Not Graduate,Yes,14.4,236000,0,733000,5,633,2,0.75,1777000,270000,Yes,Urban,Vehicle,Rejected
SLR102861,29,Male,No,2,Graduate,No,4.7,392000,0,841000,2,819,2,0.75,2006000,762000,Yes,Semiurban,Business,Approved
SLR102862,62,Male,Yes,1,Graduate,No,20.1,233000,138000,411000,5,697,3,0.697,444000,498000,Yes,Urban,Vehicle,Approved
SLR102863,58,Male,Yes,1,Not Graduate,Yes,22.7,927000,427000,603000,5,684,0,0.289,797000,345000,Yes,Semiurban,Home,Approved
SLR102864,48,Female,No,3+,Graduate,No,20.4,522000,0,345000,20,697,2,0.581,481000,1668000,Yes,Urban,Home,Approved
SLR102865,24,Female,Yes,2,Graduate,No,4.5,442000,23000,1471000,2,781,1,0.75,519000,135000,Yes,Semiurban,Business,Rejected
SLR102866,22,Female,Yes,3+,Not Graduate,No,1.8,623000,49000,282000,10,626,1,0.492,980000,364000,Yes,Semiurban,Business,Rejected
SLR102867,35,Male,No,2,Graduate,No,11.0,405000,0,531000,10,728,0,0.75,751000,954000,Yes,Urban,Personal,Approved
SLR102868,28,Female,Yes,1,Graduate,No,4.4,441000,73000,280000,15,687,2,0.447,1379000,1169000,Yes,Urban,Business,Rejected
SLR102869,59,Female,Yes,0,Not Graduate,No,33.4,640000,191000,757000,5,720,2,0.646,2460000,106000,Yes,Rural,Medical,Approved
SLR102870,30,Male,No,0,Graduate,No,8.9,393000,0,1276000,5,675,1,0.75,2386000,192000,Yes,Urban,Education,Rejected
SLR102871,33,Male,Yes,2,Graduate,No,8.3,425000,273000,169000,3,663,2,0.332,2842000,858000,Yes,Rural,Home,Approved
SLR102872,64,Female,Yes,0,Graduate,Yes,19.3,505000,161000,994000,5,729,2,0.75,1102000,238000,Yes,Semiurban,Vehicle,Approved
SLR102873,57,Male,Yes,3+,Graduate,Yes,26.8,578000,87000,1877000,7,586,2,0.75,881000,362000,Yes,Urban,Business,Rejected
SLR102874,30,Male,Yes,0,Graduate,No,13.1,766000,79000,707000,10,795,1,0.727,462000,234000,No,Rural,Education,Approved
SLR102875,38,Male,No,2,Graduate,Yes,10.8,758000,0,419000,15,698,2,0.422,2628000,342000,Yes,Urban,Personal,Approved
SLR102876,44,Male,No,0,Graduate,No,13.8,241000,0,634000,15,649,2,0.75,3371000,22000,No,Semiurban,Home,Rejected
SLR102877,50,Male,Yes,3+,Not Graduate,No,25.0,1193000,9000,456000,15,718,1,0.33,4324000,255000,Yes,Urban,Vehicle,Approved
SLR102878,63,Female,Yes,0,Not Graduate,No,35.0,568000,164000,2330000,5,638,1,0.75,1858000,330000,Yes,Semiurban,Home,Rejected
SLR102879,60,Male,Yes,0,Graduate,No,19.4,458000,145000,1118000,10,696,0,0.75,920000,242000,Yes,Semiurban,Education,Approved
SLR102880,64,Female,Yes,2,Graduate,No,35.0,335000,421000,1167000,3,696,4,0.75,527000,381000,No,Urban,Personal,Rejected
SLR102881,22,Male,No,0,Graduate,No,0.0,1642000,0,2638000,15,784,2,0.75,419000,121000,Yes,Semiurban,Home,Approved
SLR102882,31,Male,Yes,0,Not Graduate,No,7.7,2014000,154000,1558000,7,711,4,0.656,240000,434000,Yes,Urban,Personal,Approved
SLR102883,46,Female,Yes,3+,Graduate,Yes,22.6,1535000,93000,601000,10,606,0,0.334,3532000,1309000,Yes,Urban,Home,Approved
SLR102884,23,Male,No,2,Not Graduate,Yes,3.3,588000,0,661000,10,734,1,0.654,1975000,984000,No,Semiurban,Home,Approved
SLR102885,36,Male,No,0,Graduate,No,15.4,665000,0,3013000,7,744,1,0.75,11461000,615000,Yes,Urban,Home,Approved
SLR102886,27,Female,Yes,1,Not Graduate,No,9.5,1249000,258000,402000,7,569,1,0.277,1256000,432000,No,Rural,Home,Rejected
SLR102887,62,Male,Yes,0,Not Graduate,No,31.2,482000,174000,581000,20,601,1,0.735,1474000,198000,Yes,Rural,Personal,Rejected
SLR102888,23,Male,Yes,0,Graduate,No,2.9,741000,253000,336000,5,841,1,0.253,1939000,235000,Yes,Urban,Home,Approved
SLR102889,27,Male,Yes,1,Graduate,No,10.1,623000,131000,199000,15,665,3,0.353,2399000,699000,Yes,Semiurban,Home,Rejected
SLR102890,29,Female,Yes,0,Graduate,No,3.9,1580000,58000,367000,5,667,0,0.167,762000,312000,No,Semiurban,Medical,Approved
SLR102891,27,Male,No,1,Graduate,No,2.9,1212000,0,372000,2,687,0,0.438,1348000,1898000,Yes,Urban,Medical,Approved
SLR102892,46,Male,No,0,Not Graduate,No,13.7,510000,0,433000,5,642,1,0.551,2803000,86000,Yes,Rural,Home,Approved
SLR102893,37,Female,Yes,2,Graduate,Yes,9.8,1272000,139000,968000,5,557,0,0.485,5857000,296000,Yes,Urban,Home,Rejected
SLR102894,62,Male,Yes,1,Graduate,No,35.0,549000,187000,645000,7,606,1,0.722,614000,223000,Yes,Urban,Vehicle,Approved
SLR102895,32,Male,No,0,Not Graduate,No,8.9,407000,0,1254000,3,642,3,0.75,1668000,651000,Yes,Rural,Personal,Rejected
SLR102896,45,Male,Yes,3+,Not Graduate,No,10.6,470000,82000,717000,15,652,3,0.75,1521000,772000,Yes,Urban,Home,Rejected
SLR102897,50,Male,Yes,2,Graduate,No,17.3,596000,97000,730000,10,632,0,0.75,1091000,125000,Yes,Urban,Vehicle,Approved
SLR102898,49,Male,Yes,0,Not Graduate,No,15.2,357000,58000,538000,2,578,2,0.743,3479000,120000,No,Semiurban,Vehicle,Rejected
SLR102899,56,Male,No,3+,Graduate,No,19.7,414000,0,2304000,10,648,3,0.75,10898000,188000,No,Urban,Home,Rejected
SLR102900,30,Male,No,0,Graduate,No,4.9,249000,0,494000,20,774,2,0.75,1947000,543000,Yes,Rural,Education,Rejected
SLR102901,43,Male,No,0,Graduate,No,14.1,350000,0,1179000,3,640,3,0.75,693000,496000,Yes,Semiurban,Business,Rejected
SLR102902,57,Male,Yes,0,Graduate,No,27.2,626000,188000,301000,5,676,3,0.4,388000,95000,Yes,Semiurban,Home,Approved
SLR102903,59,Male,Yes,0,Graduate,No,20.1,976000,258000,555000,15,798,1,0.477,1310000,443000,Yes,Semiurban,Business,Approved
SLR102904,48,Male,Yes,2,Graduate,No,23.1,909000,90000,2397000,2,638,2,0.75,3273000,397000,Yes,Rural,Home,Approved
SLR102905,50,Male,Yes,1,Graduate,No,23.1,697000,47000,1015000,20,900,0,0.75,1161000,334000,Yes,Semiurban,Home,Approved
SLR102906,59,Female,Yes,3+,Not Graduate,No,22.1,237000,106000,262000,20,757,2,0.724,1768000,560000,No,Urban,Home,Approved
SLR102907,49,Male,No,0,Graduate,No,13.4,343000,0,332000,7,696,1,0.565,8128000,420000,Yes,Semiurban,Personal,Approved
SLR102908,63,Male,No,0,Graduate,No,35.0,493000,0,1842000,7,671,0,0.75,2509000,373000,Yes,Semiurban,Vehicle,Approved
SLR102909,26,Male,No,0,Graduate,No,7.7,934000,0,688000,20,791,1,0.662,1473000,890000,Yes,Rural,Home,Approved
SLR102910,36,Female,Yes,0,Graduate,No,13.7,405000,269000,544000,2,638,1,0.709,417000,1189000,Yes,Rural,Home,Rejected
SLR102911,26,Male,Yes,3+,Graduate,No,7.1,281000,24000,392000,5,658,2,0.75,2888000,252000,Yes,Rural,Personal,Rejected
SLR102912,25,Female,Yes,2,Graduate,No,4.8,1220000,63000,529000,3,811,0,0.288,2314000,333000,Yes,Semiurban,Business,Approved
SLR102913,42,Male,Yes,2,Graduate,No,8.0,367000,112000,1629000,10,662,2,0.75,2943000,599000,Yes,Semiurban,Education,Approved
SLR102914,31,Male,Yes,2,Not Graduate,No,6.6,296000,176000,412000,10,655,2,0.596,453000,301000,Yes,Urban,Business,Approved
SLR102915,39,Female,Yes,0,Graduate,No,11.5,623000,641000,440000,15,640,1,0.326,1361000,611000,Yes,Rural,Personal,Rejected
SLR102916,40,Male,No,0,Graduate,No,11.0,535000,0,960000,5,545,0,0.75,2360000,388000,Yes,Urban,Vehicle,Rejected
SLR102917,48,Male,Yes,0,Not Graduate,No,24.4,418000,68000,331000,7,766,3,0.565,374000,651000,Yes,Semiurban,Vehicle,Approved
SLR102918,63,Female,Yes,2,Not Graduate,No,20.1,550000,86000,354000,10,687,1,0.402,1577000,599000,No,Rural,Personal,Approved
SLR102919,59,Male,Yes,0,Graduate,No,14.2,331000,66000,653000,5,770,4,0.75,3721000,327000,Yes,Rural,Home,Approved
SLR102920,38,Male,No,0,Not Graduate,No,12.8,415000,0,663000,15,677,2,0.75,786000,717000,Yes,Rural,Home,Approved
SLR102921,35,Male,Yes,1,Graduate,No,8.8,539000,124000,384000,5,658,1,0.545,3633000,619000,Yes,Urban,Personal,Rejected
SLR102922,55,Male,Yes,0,Graduate,No,30.2,180000,264000,884000,3,640,1,0.75,1435000,2237000,Yes,Semiurban,Personal,Approved
SLR102923,26,Female,Yes,1,Not Graduate,No,2.4,930000,132000,749000,5,741,0,0.617,1527000,81000,Yes,Semiurban,Education,Approved
SLR102924,45,Male,Yes,0,Graduate,No,12.8,258000,60000,180000,15,630,0,0.355,3395000,596000,No,Urban,Personal,Approved
SLR102925,40,Female,Yes,1,Not Graduate,Yes,13.6,328000,103000,1080000,10,719,2,0.75,757000,806000,Yes,Urban,Business,Approved
SLR102926,29,Male,Yes,0,Graduate,No,2.5,953000,52000,449000,15,693,1,0.465,437000,2079000,Yes,Urban,Education,Approved
SLR102927,48,Female,Yes,3+,Not Graduate,No,22.4,752000,263000,1098000,10,612,4,0.75,1102000,232000,No,Semiurban,Personal,Rejected
SLR102928,35,Female,No,2,Not Graduate,No,11.4,577000,0,2512000,20,656,1,0.75,1881000,383000,No,Semiurban,Personal,Rejected
SLR102929,29,Female,Yes,0,Graduate,Yes,5.9,215000,33000,622000,7,691,0,0.75,1918000,242000,Yes,Semiurban,Personal,Rejected
SLR102930,50,Male,Yes,2,Graduate,No,19.4,394000,144000,427000,20,667,0,0.674,1860000,1451000,Yes,Urban,Medical,Rejected
SLR102931,28,Male,Yes,2,Graduate,No,6.3,488000,64000,1593000,15,832,1,0.75,717000,189000,No,Semiurban,Personal,Approved
SLR102932,51,Male,Yes,1,Not Graduate,No,23.5,508000,126000,377000,7,708,0,0.462,2147000,237000,Yes,Urban,Medical,Approved
SLR102933,28,Male,Yes,3+,Graduate,No,11.0,1030000,112000,2224000,2,675,2,0.75,1274000,109000,No,Semiurban,Personal,Rejected
SLR102934,40,Male,Yes,2,Not Graduate,No,20.3,1647000,41000,481000,20,663,2,0.357,5532000,37000,Yes,Rural,Personal,Approved
SLR102935,57,Female,Yes,0,Graduate,No,22.3,771000,316000,432000,7,673,1,0.429,3117000,352000,No,Rural,Business,Rejected
SLR102936,31,Male,No,0,Graduate,No,7.4,410000,0,3025000,10,644,2,0.75,2234000,323000,Yes,Urban,Home,Rejected
SLR102937,55,Female,Yes,0,Not Graduate,Yes,31.2,1073000,82000,823000,7,628,2,0.651,1189000,291000,Yes,Urban,Medical,Rejected
SLR102938,53,Male,No,1,Not Graduate,No,18.8,398000,0,1865000,5,735,2,0.75,1016000,570000,Yes,Rural,Personal,Rejected
SLR102939,61,Female,No,3+,Graduate,Yes,27.1,130000,0,639000,5,805,0,0.75,1142000,647000,Yes,Semiurban,Education,Approved
SLR102940,28,Male,Yes,1,Graduate,No,7.2,277000,104000,610000,5,656,1,0.75,1793000,202000,No,Semiurban,Home,Rejected
SLR102941,53,Male,Yes,0,Not Graduate,Yes,25.9,149000,28000,97000,7,722,5,0.538,3378000,368000,Yes,Urban,Home,Approved
SLR102942,63,Female,Yes,3+,Not Graduate,No,25.0,445000,18000,1255000,15,640,2,0.75,374000,319000,Yes,Urban,Medical,Rejected
SLR102943,55,Female,No,2,Graduate,No,16.0,499000,0,835000,7,698,2,0.75,892000,351000,Yes,Urban,Business,Rejected
SLR102944,29,Female,Yes,0,Graduate,No,6.1,229000,78000,604000,7,592,3,0.75,4299000,1157000,No,Urban,Vehicle,Rejected
SLR102945,57,Female,Yes,3+,Graduate,No,31.8,344000,29000,955000,5,626,4,0.75,838000,487000,Yes,Urban,Home,Approved
SLR102946,25,Male,Yes,0,Graduate,No,10.8,251000,81000,666000,7,623,1,0.75,654000,802000,Yes,Semiurban,Home,Rejected
SLR102947,47,Female,No,1,Graduate,No,13.3,513000,0,352000,5,679,1,0.672,3661000,297000,No,Semiurban,Vehicle,Approved
SLR102948,43,Male,Yes,1,Graduate,No,19.7,344000,114000,823000,10,602,1,0.75,2199000,141000,Yes,Urban,Personal,Approved
SLR102949,44,Male,Yes,3+,Not Graduate,No,15.3,959000,196000,574000,15,522,0,0.492,1708000,825000,Yes,Semiurban,Medical,Approved
SLR102950,44,Male,Yes,0,Graduate,No,16.8,604000,472000,1052000,5,587,1,0.75,2424000,628000,No,Semiurban,Vehicle,Approved
SLR102951,22,Male,Yes,0,Not Graduate,Yes,1.9,1329000,169000,542000,7,677,1,0.431,1084000,239000,Yes,Semiurban,Business,Approved
SLR102952,43,Male,No,1,Graduate,Yes,12.4,428000,0,479000,5,631,1,0.75,1444000,303000,Yes,Urban,Personal,Rejected
SLR102953,63,Female,No,3+,Graduate,No,35.0,1789000,0,456000,20,647,1,0.313,1523000,542000,No,Semiurban,Vehicle,Approved
SLR102954,40,Male,Yes,0,Graduate,No,15.6,551000,368000,366000,5,710,1,0.355,1045000,468000,Yes,Rural,Medical,Approved
SLR102955,33,Female,Yes,0,Graduate,Yes,10.4,411000,49000,463000,15,628,1,0.717,1039000,316000,Yes,Rural,Education,Approved
SLR102956,65,Male,No,3+,Graduate,No,28.9,2069000,0,861000,10,684,0,0.336,635000,146000,Yes,Urban,Vehicle,Approved
SLR102957,25,Male,Yes,2,Not Graduate,No,5.3,201000,38000,399000,20,850,1,0.75,892000,1614000,Yes,Semiurban,Education,Approved
SLR102958,42,Male,Yes,0,Not Graduate,Yes,15.0,406000,76000,303000,10,661,1,0.599,943000,348000,Yes,Urban,Personal,Rejected
SLR102959,44,Male,Yes,0,Not Graduate,No,12.6,220000,162000,1086000,10,675,1,0.75,261000,878000,Yes,Urban,Personal,Rejected
SLR102960,42,Male,Yes,1,Not Graduate,No,12.3,200000,393000,594000,7,719,2,0.723,2406000,49000,Yes,Semiurban,Home,Approved
SLR102961,62,Male,No,1,Not Graduate,No,29.3,176000,0,1071000,7,629,1,0.75,1780000,130000,Yes,Urban,Personal,Approved
SLR102962,39,Male,No,1,Graduate,No,11.4,772000,0,563000,2,646,1,0.716,5319000,846000,No,Semiurban,Business,Rejected
SLR102963,64,Male,Yes,2,Graduate,Yes,22.5,265000,124000,448000,20,683,0,0.731,427000,302000,Yes,Urban,Education,Approved
SLR102964,24,Female,No,0,Graduate,No,2.9,478000,0,209000,7,705,2,0.422,562000,813000,No,Urban,Personal,Approved
SLR102965,54,Male,Yes,2,Graduate,Yes,25.1,898000,172000,312000,10,620,1,0.304,3248000,218000,Yes,Semiurban,Personal,Approved
SLR102966,47,Female,No,0,Graduate,No,17.4,710000,0,369000,5,732,2,0.625,471000,315000,Yes,Semiurban,Personal,Approved
SLR102967,31,Female,Yes,3+,Not Graduate,No,5.9,691000,118000,780000,7,806,2,0.75,1341000,191000,Yes,Rural,Business,Approved
SLR102968,31,Male,Yes,0,Graduate,No,11.3,1072000,148000,606000,5,547,1,0.356,1122000,765000,No,Semiurban,Home,Rejected
SLR102969,53,Male,Yes,0,Not Graduate,No,18.7,1333000,87000,334000,5,719,1,0.246,5552000,268000,Yes,Semiurban,Personal,Approved
SLR102970,49,Male,Yes,0,Graduate,No,17.5,276000,131000,107000,7,683,1,0.304,1334000,681000,Yes,Semiurban,Medical,Approved
SLR102971,48,Male,Yes,0,Not Graduate,No,15.7,717000,98000,878000,5,668,1,0.75,1329000,1170000,Yes,Urban,Vehicle,Approved
SLR102972,23,Male,Yes,0,Not Graduate,No,7.8,474000,46000,1150000,10,714,0,0.75,1704000,298000,Yes,Urban,Education,Approved
SLR102973,47,Female,No,1,Graduate,Yes,20.8,507000,0,1217000,5,793,1,0.75,644000,325000,Yes,Semiurban,Business,Approved
SLR102974,65,Male,No,3+,Not Graduate,No,26.2,240000,0,347000,5,709,2,0.75,884000,232000,Yes,Urban,Personal,Approved
SLR102975,21,Male,Yes,1,Not Graduate,No,3.5,410000,116000,1267000,10,762,1,0.75,520000,1713000,Yes,Rural,Vehicle,Approved
SLR102976,42,Male,Yes,1,Not Graduate,Yes,15.2,436000,157000,939000,10,687,2,0.75,2506000,321000,No,Semiurban,Vehicle,Rejected
SLR102977,43,Male,Yes,0,Not Graduate,No,10.5,1208000,239000,936000,7,717,2,0.539,2604000,290000,Yes,Urban,Education,Rejected
SLR102978,61,Male,Yes,2,Graduate,Yes,20.7,291000,107000,437000,20,649,1,0.75,653000,144000,Yes,Urban,Education,Rejected
SLR102979,33,Male,Yes,0,Graduate,Yes,15.5,148000,140000,596000,5,693,0,0.75,1109000,224000,Yes,Semiurban,Vehicle,Rejected
SLR102980,42,Female,No,0,Graduate,No,11.3,548000,0,2138000,10,670,0,0.75,1613000,246000,No,Rural,Personal,Rejected
SLR102981,53,Male,No,0,Graduate,No,20.4,276000,0,1934000,15,698,0,0.75,402000,841000,Yes,Rural,Vehicle,Rejected
SLR102982,23,Male,Yes,0,Graduate,Yes,0.0,509000,182000,630000,5,566,1,0.75,2261000,276000,Yes,Semiurban,Home,Rejected
SLR102983,57,Male,No,1,Graduate,Yes,21.6,791000,0,736000,7,606,1,0.719,534000,263000,Yes,Semiurban,Personal,Rejected
SLR102984,57,Male,No,0,Graduate,Yes,27.6,521000,0,156000,2,779,2,0.449,305000,645000,No,Urban,Vehicle,Approved
SLR102985,53,Female,Yes,0,Not Graduate,Yes,21.5,434000,120000,1422000,5,795,1,0.75,1475000,358000,Yes,Semiurban,Personal,Approved
SLR102986,50,Female,Yes,2,Not Graduate,Yes,18.7,505000,46000,1055000,5,560,1,0.75,2411000,147000,Yes,Semiurban,Personal,Rejected
SLR102987,54,Female,Yes,0,Not Graduate,No,24.8,877000,291000,813000,15,647,1,0.465,3140000,1212000,Yes,Semiurban,Home,Approved
SLR102988,56,Male,Yes,1,Graduate,Yes,33.9,291000,67000,439000,5,634,1,0.75,2119000,225000,Yes,Urban,Vehicle,Rejected
SLR102989,61,Male,No,0,Graduate,No,26.4,821000,0,679000,2,709,2,0.576,757000,439000,No,Semiurban,Home,Approved
SLR102990,40,Female,Yes,3+,Graduate,No,15.7,317000,78000,1685000,2,684,2,0.75,7385000,501000,Yes,Urban,Personal,Approved
SLR102991,41,Male,Yes,2,Graduate,No,13.5,766000,30000,822000,15,741,1,0.692,1482000,60000,No,Semiurban,Home,Approved
SLR102992,49,Male,Yes,0,Graduate,No,20.9,235000,101000,3596000,5,589,0,0.75,608000,270000,Yes,Rural,Medical,Rejected
SLR102993,29,Male,No,3+,Graduate,No,4.9,741000,0,1102000,10,716,0,0.75,3343000,218000,Yes,Semiurban,Personal,Approved
SLR102994,59,Male,Yes,0,Not Graduate,No,35.0,520000,85000,358000,5,665,1,0.412,1817000,135000,Yes,Semiurban,Medical,Approved
SLR102995,55,Female,No,0,Graduate,Yes,22.7,580000,0,498000,5,635,1,0.747,8715000,318000,Yes,Urban,Personal,Approved
SLR102996,49,Male,No,1,Not Graduate,Yes,13.2,932000,0,410000,15,723,1,0.397,5634000,384000,No,Rural,Business,Approved
SLR102997,34,Female,Yes,2,Not Graduate,Yes,10.4,350000,244000,1135000,10,671,1,0.75,979000,539000,Yes,Urban,Vehicle,Rejected
SLR102998,36,Male,No,0,Not Graduate,No,11.8,542000,0,1376000,10,682,5,0.75,466000,382000,Yes,Urban,Education,Rejected
SLR102999,40,Male,No,0,Graduate,No,14.3,650000,0,1983000,20,790,0,0.75,893000,337000,Yes,Rural,Medical,Approved
SLR103000,50,Male,No,0,Graduate,No,18.2,467000,0,524000,15,695,1,0.75,174000,1259000,Yes,Semiurban,Home,Approved
SLR103001,56,Male,Yes,1,Not Graduate,No,23.7,816000,460000,881000,15,836,2,0.721,1445000,264000,No,Urban,Business,Approved
SLR103002,51,Male,Yes,3+,Graduate,No,24.3,659000,74000,1494000,3,515,1,0.75,3389000,91000,No,Urban,Vehicle,Approved
SLR103003,62,Male,Yes,0,Graduate,No,35.0,400000,107000,1780000,5,689,1,0.75,1431000,183000,Yes,Semiurban,Personal,Rejected
SLR103004,64,Male,Yes,3+,Not Graduate,No,26.9,1100000,129000,292000,20,607,2,0.333,2154000,861000,Yes,Rural,Vehicle,Rejected
SLR103005,52,Female,No,0,Not Graduate,No,20.4,749000,0,973000,7,620,0,0.75,2805000,298000,Yes,Semiurban,Personal,Rejected
SLR103006,37,Male,No,2,Not Graduate,Yes,12.0,346000,0,299000,7,641,2,0.635,5371000,173000,Yes,Urban,Business,Rejected
SLR103007,47,Male,Yes,3+,Graduate,No,16.1,344000,18000,440000,7,759,2,0.75,1625000,623000,Yes,Rural,Vehicle,Approved
SLR103008,40,Male,Yes,2,Graduate,No,13.6,487000,1274000,278000,10,660,0,0.194,1151000,1218000,Yes,Rural,Business,Approved
SLR103009,49,Female,Yes,0,Not Graduate,No,23.7,703000,32000,434000,10,604,0,0.509,838000,302000,No,Urban,Personal,Rejected
SLR103010,57,Male,No,0,Graduate,No,28.0,163000,0,253000,5,739,2,0.75,5923000,589000,Yes,Rural,Home,Approved
SLR103011,37,Male,Yes,0,Graduate,No,14.5,354000,190000,301000,3,601,2,0.516,822000,1141000,Yes,Urban,Education,Rejected
SLR103012,43,Male,No,1,Graduate,No,13.8,400000,0,361000,5,815,1,0.75,7413000,1856000,Yes,Urban,Medical,Approved
SLR103013,23,Male,Yes,3+,Graduate,No,3.3,249000,33000,792000,15,593,1,0.75,1040000,552000,Yes,Rural,Business,Rejected
SLR103014,54,Male,Yes,0,Graduate,No,25.6,314000,12000,664000,7,668,0,0.75,660000,338000,Yes,Semiurban,Personal,Approved
SLR103015,43,Male,No,0,Not Graduate,No,14.5,593000,0,223000,15,834,2,0.386,2057000,334000,No,Rural,Home,Approved
SLR103016,41,Female,Yes,0,Graduate,No,9.4,420000,51000,3862000,7,666,2,0.75,1747000,62000,Yes,Semiurban,Home,Approved
SLR103017,44,Male,Yes,1,Graduate,No,20.3,439000,201000,473000,20,722,3,0.633,315000,127000,Yes,Semiurban,Business,Approved
SLR103018,30,Male,No,1,Not Graduate,No,10.0,258000,0,274000,15,682,1,0.732,2624000,526000,Yes,Rural,Home,Approved
SLR103019,47,Male,Yes,0,Not Graduate,No,18.3,489000,128000,949000,5,690,1,0.75,267000,2864000,No,Semiurban,Business,Approved
SLR103020,54,Male,No,2,Graduate,Yes,20.2,240000,0,648000,7,629,1,0.75,7163000,224000,Yes,Rural,Business,Approved
SLR103021,36,Male,No,0,Not Graduate,Yes,10.3,1227000,0,383000,10,724,0,0.274,390000,295000,Yes,Rural,Personal,Approved
SLR103022,26,Male,No,1,Graduate,No,5.4,1435000,0,838000,2,790,0,0.458,1826000,492000,Yes,Semiurban,Personal,Approved
SLR103023,38,Male,Yes,0,Graduate,No,15.4,424000,63000,420000,5,544,0,0.72,2281000,1236000,Yes,Rural,Business,Rejected
SLR103024,29,Male,Yes,0,Graduate,No,6.6,297000,50000,536000,10,621,0,0.75,3331000,181000,Yes,Rural,Personal,Approved
SLR103025,37,Male,No,1,Graduate,Yes,8.7,880000,0,1685000,20,649,1,0.75,385000,247000,Yes,Urban,Home,Rejected
SLR103026,49,Female,Yes,1,Not Graduate,Yes,15.9,762000,87000,704000,5,623,1,0.695,2240000,360000,Yes,Semiurban,Home,Rejected
SLR103027,26,Male,No,1,Not Graduate,No,3.4,1542000,0,969000,7,738,3,0.734,535000,399000,Yes,Semiurban,Vehicle,Rejected
SLR103028,54,Male,No,2,Graduate,No,27.8,1786000,0,463000,15,645,1,0.33,1754000,418000,Yes,Urban,Vehicle,Approved
SLR103029,31,Female,Yes,1,Graduate,No,9.8,180000,63000,718000,5,696,0,0.75,245000,486000,Yes,Semiurban,Education,Rejected
SLR103030,61,Female,Yes,0,Not Graduate,No,18.5,1040000,116000,394000,20,802,0,0.355,2244000,571000,No,Semiurban,Medical,Approved
SLR103031,53,Male,No,3+,Graduate,No,27.2,487000,0,383000,5,555,1,0.54,4541000,471000,No,Semiurban,Medical,Rejected
SLR103032,33,Female,Yes,3+,Graduate,Yes,12.0,744000,395000,497000,5,714,3,0.425,1084000,361000,No,Rural,Vehicle,Approved
SLR103033,46,Male,Yes,0,Graduate,Yes,26.0,844000,88000,414000,2,681,0,0.407,1522000,120000,Yes,Semiurban,Education,Approved
SLR103034,25,Male,No,3+,Graduate,No,2.2,824000,0,1276000,3,681,1,0.75,2442000,128000,Yes,Urban,Education,Approved
SLR103035,25,Female,Yes,2,Graduate,No,5.9,953000,212000,947000,5,622,2,0.641,1901000,199000,Yes,Semiurban,Personal,Approved
SLR103036,64,Female,Yes,0,Graduate,No,20.8,404000,40000,146000,10,661,3,0.456,332000,897000,Yes,Urban,Education,Approved
SLR103037,57,Male,No,1,Graduate,No,20.3,326000,0,1994000,5,689,1,0.75,467000,1130000,Yes,Semiurban,Personal,Approved
SLR103038,27,Male,No,0,Graduate,No,2.2,1057000,0,986000,20,676,0,0.678,973000,124000,Yes,Rural,Business,Approved
SLR103039,33,Male,Yes,1,Graduate,No,6.7,341000,46000,1368000,5,742,1,0.75,1552000,775000,Yes,Rural,Business,Approved
SLR103040,29,Male,No,3+,Graduate,No,7.0,1531000,0,582000,7,608,4,0.469,914000,103000,Yes,Urban,Personal,Rejected
SLR103041,38,Female,No,0,Graduate,No,16.2,361000,0,246000,10,585,0,0.424,1528000,596000,Yes,Rural,Personal,Rejected
SLR103042,34,Male,Yes,1,Graduate,No,7.9,446000,994000,275000,3,540,1,0.292,3472000,255000,Yes,Semiurban,Home,Rejected
SLR103043,35,Male,Yes,0,Not Graduate,No,10.0,495000,63000,1972000,10,701,2,0.75,1011000,66000,Yes,Urban,Education,Rejected
SLR103044,44,Male,No,1,Not Graduate,No,17.4,236000,0,226000,3,747,2,0.561,519000,163000,Yes,Urban,Personal,Approved
SLR103045,29,Male,Yes,2,Graduate,Yes,6.6,236000,154000,254000,15,602,1,0.494,2192000,228000,No,Urban,Home,Rejected
SLR103046,60,Male,No,0,Graduate,No,28.7,908000,0,491000,7,595,0,0.45,4220000,520000,Yes,Urban,Medical,Approved
SLR103047,53,Female,Yes,1,Graduate,No,23.1,214000,370000,264000,3,832,0,0.383,1812000,353000,Yes,Urban,Business,Approved
SLR103048,55,Male,Yes,0,Graduate,No,23.0,2199000,696000,919000,10,786,1,0.236,920000,332000,Yes,Urban,Vehicle,Approved
SLR103049,28,Male,Yes,2,Graduate,Yes,4.7,522000,74000,967000,3,790,1,0.75,1196000,291000,Yes,Semiurban,Vehicle,Approved
SLR103050,52,Male,Yes,2,Not Graduate,No,23.6,312000,481000,851000,20,716,2,0.75,908000,807000,Yes,Rural,Personal,Rejected
SLR103051,58,Male,No,2,Graduate,Yes,23.9,693000,0,436000,7,743,1,0.395,1817000,164000,Yes,Rural,Vehicle,Approved
SLR103052,28,Male,Yes,0,Graduate,No,7.7,142000,55000,784000,7,668,0,0.75,210000,556000,Yes,Semiurban,Home,Rejected
SLR103053,54,Male,No,1,Graduate,No,31.4,458000,0,2072000,5,583,0,0.75,1526000,2476000,No,Rural,Personal,Rejected
SLR103054,37,Male,Yes,1,Graduate,Yes,13.5,491000,240000,256000,7,587,3,0.407,1196000,561000,No,Urban,Business,Rejected
SLR103055,56,Male,No,2,Graduate,No,25.7,274000,0,1343000,15,690,1,0.75,3147000,546000,Yes,Rural,Personal,Approved
SLR103056,42,Female,No,1,Graduate,No,15.8,389000,0,1099000,7,759,1,0.75,390000,215000,Yes,Semiurban,Vehicle,Approved
SLR103057,57,Male,Yes,2,Graduate,No,20.5,1273000,144000,607000,10,677,0,0.436,498000,1858000,Yes,Urban,Education,Approved
SLR103058,27,Male,Yes,0,Not Graduate,No,6.6,608000,354000,724000,2,736,0,0.515,1924000,192000,Yes,Urban,Business,Approved
SLR103059,38,Male,No,0,Graduate,Yes,11.0,685000,0,820000,15,683,0,0.626,4520000,339000,No,Urban,Personal,Approved
SLR103060,33,Male,No,3+,Graduate,Yes,3.5,357000,0,345000,7,713,1,0.737,1230000,63000,Yes,Urban,Education,Approved
SLR103061,32,Female,Yes,0,Not Graduate,No,5.9,266000,60000,225000,7,748,0,0.605,1137000,214000,Yes,Semiurban,Personal,Approved
SLR103062,34,Male,Yes,3+,Not Graduate,No,11.2,482000,102000,1172000,5,790,1,0.75,692000,661000,Yes,Semiurban,Education,Approved
SLR103063,38,Male,No,1,Graduate,No,9.9,142000,0,289000,3,711,2,0.75,1450000,324000,Yes,Semiurban,Business,Approved
SLR103064,26,Male,Yes,3+,Not Graduate,No,6.8,301000,61000,319000,5,835,0,0.553,588000,834000,Yes,Semiurban,Medical,Approved
SLR103065,52,Female,Yes,1,Not Graduate,No,21.3,276000,54000,465000,15,673,0,0.75,424000,424000,No,Urban,Personal,Approved
SLR103066,45,Male,Yes,2,Graduate,No,11.1,179000,163000,782000,7,789,0,0.75,2278000,533000,Yes,Semiurban,Personal,Approved
SLR103067,58,Male,Yes,2,Graduate,Yes,29.9,786000,204000,470000,5,734,0,0.422,639000,799000,Yes,Rural,Personal,Approved
SLR103068,52,Male,No,1,Graduate,No,26.3,512000,0,406000,10,553,1,0.75,2552000,101000,Yes,Rural,Personal,Approved
SLR103069,27,Male,Yes,0,Graduate,No,5.7,391000,280000,1207000,5,796,1,0.75,1323000,704000,Yes,Urban,Personal,Approved
SLR103070,24,Female,No,0,Not Graduate,No,6.7,796000,0,523000,5,621,0,0.457,3375000,266000,Yes,Semiurban,Education,Approved
SLR103071,40,Male,Yes,0,Graduate,No,18.4,223000,88000,387000,10,671,2,0.75,528000,244000,Yes,Urban,Education,Rejected
SLR103072,42,Male,Yes,3+,Graduate,No,14.4,263000,47000,840000,5,755,1,0.75,2867000,151000,No,Semiurban,Vehicle,Approved
SLR103073,31,Male,Yes,0,Graduate,Yes,2.8,1017000,134000,675000,10,634,2,0.535,1410000,513000,Yes,Urban,Education,Approved
SLR103074,56,Female,Yes,2,Not Graduate,No,21.4,1929000,177000,662000,10,685,1,0.328,370000,398000,No,Urban,Home,Approved
SLR103075,47,Male,No,1,Graduate,No,16.9,801000,0,867000,3,739,0,0.732,733000,702000,Yes,Urban,Home,Approved
SLR103076,54,Male,No,0,Graduate,No,28.5,713000,0,594000,10,628,0,0.54,752000,104000,Yes,Rural,Vehicle,Rejected
SLR103077,25,Female,No,3+,Graduate,No,8.5,399000,0,1126000,2,672,0,0.75,1994000,829000,Yes,Semiurban,Personal,Rejected
SLR103078,57,Male,Yes,0,Graduate,No,26.0,404000,379000,257000,15,663,1,0.28,593000,536000,Yes,Urban,Home,Approved
SLR103079,30,Female,Yes,1,Graduate,No,5.3,623000,54000,1457000,5,762,1,0.75,461000,176000,Yes,Semiurban,Personal,Approved
SLR103080,41,Female,Yes,1,Graduate,No,16.5,1170000,45000,359000,5,808,1,0.28,973000,795000,Yes,Semiurban,Business,Approved
SLR103081,40,Male,No,0,Graduate,No,16.2,695000,0,224000,3,607,0,0.314,3213000,486000,No,Urban,Business,Approved
SLR103082,57,Male,Yes,0,Graduate,Yes,22.3,931000,198000,389000,7,696,0,0.286,1566000,128000,No,Rural,Business,Approved
SLR103083,33,Male,Yes,2,Graduate,No,3.4,332000,67000,518000,5,651,1,0.75,1080000,406000,Yes,Urban,Medical,Approved
SLR103084,31,Male,Yes,0,Graduate,Yes,8.8,772000,176000,403000,7,692,2,0.364,2371000,47000,Yes,Semiurban,Home,Approved
SLR103085,36,Male,Yes,2,Graduate,No,10.5,380000,101000,347000,15,823,0,0.602,583000,609000,Yes,Urban,Home,Approved
SLR103086,37,Female,No,1,Graduate,No,7.7,594000,0,1254000,3,718,1,0.75,7003000,207000,No,Rural,Home,Rejected
SLR103087,29,Male,Yes,0,Graduate,Yes,5.1,772000,225000,369000,5,648,2,0.411,6246000,93000,Yes,Urban,Medical,Approved
SLR103088,28,Male,No,0,Graduate,No,6.2,411000,0,150000,3,587,1,0.302,915000,53000,Yes,Semiurban,Education,Rejected
SLR103089,31,Male,Yes,0,Graduate,No,10.1,314000,94000,518000,10,765,3,0.75,1511000,447000,Yes,Urban,Home,Approved
SLR103090,42,Male,Yes,2,Graduate,Yes,18.3,671000,225000,2456000,10,656,2,0.75,1256000,315000,Yes,Semiurban,Vehicle,Rejected
SLR103091,36,Male,Yes,1,Graduate,No,12.6,511000,51000,325000,15,632,1,0.61,864000,269000,No,Semiurban,Medical,Rejected
SLR103092,38,Female,No,0,Graduate,No,6.4,593000,0,362000,10,713,5,0.55,3156000,427000,Yes,Rural,Personal,Approved
SLR103093,53,Male,Yes,1,Graduate,No,21.5,789000,98000,500000,10,733,0,0.501,371000,353000,Yes,Urban,Personal,Approved
SLR103094,31,Male,Yes,1,Not Graduate,No,6.4,1129000,229000,1774000,5,662,1,0.75,989000,632000,Yes,Rural,Education,Approved
SLR103095,61,Male,No,1,Graduate,Yes,28.0,792000,0,515000,15,619,3,0.744,2183000,347000,Yes,Urban,Education,Approved
SLR103096,54,Male,Yes,0,Graduate,Yes,19.6,737000,79000,334000,2,793,3,0.481,5596000,240000,No,Urban,Business,Approved
SLR103097,28,Female,Yes,0,Not Graduate,No,3.1,418000,69000,823000,10,741,3,0.75,4689000,243000,No,Rural,Personal,Rejected
SLR103098,35,Male,Yes,0,Graduate,No,6.9,454000,480000,784000,15,764,0,0.75,742000,416000,No,Urban,Business,Approved
SLR103099,29,Male,Yes,2,Not Graduate,No,6.6,706000,95000,892000,5,663,3,0.75,679000,506000,Yes,Rural,Vehicle,Rejected
SLR103100,33,Male,No,1,Graduate,No,10.0,450000,0,326000,5,628,3,0.552,943000,218000,No,Rural,Business,Rejected
SLR103101,37,Male,No,0,Graduate,No,10.6,705000,0,450000,5,650,0,0.433,4979000,238000,No,Semiurban,Personal,Approved
SLR103102,26,Male,No,0,Not Graduate,Yes,6.5,351000,0,1351000,15,576,0,0.75,1976000,433000,Yes,Urban,Education,Rejected
SLR103103,21,Female,No,2,Graduate,No,4.1,1589000,0,848000,7,665,0,0.347,17796000,454000,Yes,Urban,Business,Approved
SLR103104,40,Female,No,0,Not Graduate,No,12.6,612000,0,1099000,5,639,0,0.75,2422000,166000,Yes,Urban,Vehicle,Approved
SLR103105,52,Male,Yes,1,Graduate,No,26.6,590000,103000,628000,7,684,0,0.515,6249000,126000,Yes,Semiurban,Personal,Approved
SLR103106,34,Male,Yes,0,Graduate,No,9.7,422000,232000,1292000,10,694,1,0.75,1262000,365000,Yes,Semiurban,Business,Approved
SLR103107,59,Male,Yes,0,Graduate,No,27.9,1575000,769000,786000,10,697,2,0.431,655000,513000,Yes,Semiurban,Home,Approved
SLR103108,37,Male,No,1,Graduate,No,12.5,276000,0,463000,10,646,3,0.75,11926000,436000,Yes,Urban,Medical,Approved
SLR103109,61,Male,No,0,Graduate,No,24.2,374000,0,1055000,20,601,0,0.75,418000,115000,Yes,Urban,Personal,Rejected
SLR103110,31,Male,No,1,Not Graduate,No,7.4,880000,0,368000,5,582,3,0.432,1760000,457000,No,Urban,Personal,Rejected
SLR103111,45,Male,Yes,0,Graduate,No,16.9,627000,228000,1773000,5,705,4,0.75,1529000,698000,No,Rural,Business,Approved
SLR103112,55,Male,Yes,0,Not Graduate,No,27.7,400000,44000,1252000,10,700,0,0.75,806000,248000,No,Urban,Personal,Approved
SLR103113,23,Male,No,1,Graduate,No,1.2,407000,0,537000,5,586,4,0.75,1898000,207000,No,Urban,Business,Rejected
SLR103114,62,Male,Yes,0,Graduate,No,30.4,469000,116000,576000,10,797,2,0.75,1199000,898000,Yes,Urban,Education,Approved
SLR103115,37,Male,Yes,1,Graduate,No,7.6,582000,412000,708000,20,753,4,0.682,628000,822000,No,Semiurban,Personal,Approved
SLR103116,43,Male,Yes,2,Graduate,No,13.7,1293000,180000,581000,7,613,1,0.416,431000,165000,Yes,Urban,Personal,Rejected
SLR103117,49,Male,Yes,3+,Graduate,No,23.4,767000,311000,1532000,5,710,3,0.75,2039000,410000,No,Urban,Home,Approved
SLR103118,49,Female,No,0,Not Graduate,No,19.4,966000,0,458000,20,680,2,0.52,678000,146000,Yes,Semiurban,Personal,Approved
SLR103119,22,Male,No,0,Not Graduate,No,4.5,433000,0,245000,7,710,1,0.4,857000,495000,Yes,Urban,Vehicle,Approved
SLR103120,60,Male,No,0,Graduate,No,21.9,730000,0,549000,3,703,1,0.687,653000,238000,No,Semiurban,Business,Approved
SLR103121,49,Male,Yes,3+,Graduate,Yes,18.2,234000,262000,1060000,7,740,1,0.75,669000,159000,No,Semiurban,Personal,Approved
SLR103122,65,Male,Yes,0,Graduate,No,24.8,608000,77000,1257000,3,801,1,0.75,1198000,112000,Yes,Semiurban,Home,Approved
SLR103123,42,Male,No,0,Graduate,No,17.3,587000,0,700000,3,712,1,0.75,447000,948000,Yes,Urban,Personal,Approved
SLR103124,48,Male,Yes,2,Graduate,No,15.6,1498000,20000,431000,2,730,2,0.406,1032000,241000,Yes,Urban,Home,Approved
SLR103125,40,Male,Yes,0,Graduate,No,18.0,1295000,106000,632000,7,800,1,0.29,2295000,4420000,Yes,Rural,Personal,Approved
SLR103126,61,Male,No,1,Graduate,Yes,25.9,477000,0,425000,7,650,2,0.75,2366000,1093000,Yes,Semiurban,Vehicle,Rejected
SLR103127,58,Female,Yes,1,Graduate,No,19.9,351000,182000,145000,10,620,1,0.302,872000,991000,Yes,Urban,Business,Approved
SLR103128,61,Female,Yes,1,Not Graduate,No,29.4,356000,157000,374000,7,740,2,0.725,708000,68000,Yes,Rural,Education,Approved
SLR103129,43,Male,No,2,Not Graduate,Yes,17.0,468000,0,906000,15,598,0,0.75,3985000,317000,Yes,Urban,Vehicle,Rejected
SLR103130,56,Male,Yes,0,Not Graduate,No,25.1,1125000,346000,545000,15,629,0,0.294,1971000,66000,No,Urban,Home,Rejected
SLR103131,37,Male,Yes,1,Graduate,Yes,21.4,691000,146000,532000,5,803,2,0.568,2174000,512000,No,Semiurban,Education,Approved
SLR103132,41,Male,Yes,1,Graduate,No,14.9,731000,140000,1335000,2,561,2,0.75,4236000,335000,Yes,Semiurban,Home,Rejected
SLR103133,55,Male,No,0,Graduate,No,25.2,859000,0,347000,10,713,3,0.392,3512000,1150000,No,Semiurban,Business,Approved
SLR103134,24,Male,Yes,3+,Not Graduate,No,4.0,318000,75000,370000,2,582,0,0.647,3031000,151000,Yes,Semiurban,Home,Approved
SLR103135,52,Male,Yes,2,Graduate,No,22.2,372000,265000,806000,7,721,1,0.75,279000,510000,Yes,Urban,Education,Approved
SLR103136,21,Male,Yes,3+,Graduate,No,0.2,732000,58000,409000,2,827,0,0.317,819000,361000,Yes,Urban,Personal,Approved
SLR103137,47,Male,No,2,Graduate,No,18.5,358000,0,408000,7,614,1,0.75,405000,343000,No,Semiurban,Personal,Approved
SLR103138,42,Male,No,0,Graduate,No,9.8,238000,0,1779000,7,532,0,0.75,4616000,657000,No,Rural,Vehicle,Rejected
SLR103139,42,Male,Yes,1,Graduate,Yes,17.7,303000,53000,324000,15,717,1,0.75,998000,517000,Yes,Semiurban,Vehicle,Rejected
SLR103140,43,Male,Yes,0,Graduate,No,18.5,982000,41000,404000,10,643,2,0.34,690000,703000,Yes,Urban,Vehicle,Approved
SLR103141,43,Male,No,0,Not Graduate,No,19.2,448000,0,865000,7,676,1,0.75,1814000,540000,No,Semiurban,Education,Rejected
SLR103142,39,Female,No,0,Not Graduate,No,8.3,623000,0,630000,7,717,0,0.583,2414000,471000,Yes,Urban,Home,Approved
SLR103143,41,Female,No,0,Graduate,Yes,16.3,312000,0,266000,7,732,1,0.696,2105000,193000,Yes,Urban,Business,Approved
SLR103144,46,Male,No,0,Graduate,No,17.2,678000,0,2073000,5,733,0,0.75,1394000,273000,Yes,Urban,Business,Approved
SLR103145,55,Male,Yes,2,Not Graduate,No,18.5,474000,161000,388000,15,688,1,0.559,4034000,152000,Yes,Rural,Home,Approved
SLR103146,45,Male,Yes,0,Graduate,No,19.4,703000,14000,554000,7,723,1,0.483,1016000,276000,No,Rural,Home,Approved
SLR103147,49,Male,Yes,1,Not Graduate,No,22.9,423000,56000,863000,10,676,2,0.75,355000,500000,Yes,Semiurban,Business,Approved
SLR103148,58,Male,No,2,Not Graduate,No,25.0,726000,0,2651000,2,665,3,0.75,963000,111000,Yes,Urban,Vehicle,Approved
SLR103149,65,Male,Yes,1,Graduate,No,35.0,412000,56000,498000,3,689,4,0.75,930000,660000,No,Semiurban,Personal,Approved
SLR103150,25,Male,Yes,0,Graduate,No,3.9,526000,97000,358000,10,733,1,0.425,2448000,284000,Yes,Urban,Education,Approved
SLR103151,53,Female,No,1,Graduate,No,23.3,474000,0,898000,10,641,0,0.75,3184000,313000,Yes,Urban,Education,Approved
SLR103152,31,Male,Yes,2,Graduate,No,7.0,558000,152000,2526000,5,706,1,0.75,696000,345000,Yes,Rural,Medical,Approved
SLR103153,29,Male,No,2,Not Graduate,No,8.0,641000,0,710000,20,656,0,0.75,200000,403000,No,Semiurban,Medical,Rejected
SLR103154,56,Male,Yes,0,Graduate,No,19.9,419000,186000,540000,15,635,0,0.738,8129000,50000,Yes,Rural,Medical,Approved
SLR103155,24,Male,Yes,0,Graduate,No,3.8,515000,382000,838000,7,769,2,0.557,1654000,323000,No,Rural,Medical,Approved
SLR103156,59,Male,Yes,1,Graduate,No,31.0,609000,51000,169000,10,718,2,0.334,217000,200000,Yes,Semiurban,Personal,Approved
SLR103157,55,Female,No,0,Not Graduate,Yes,23.9,727000,0,436000,10,719,1,0.591,318000,284000,Yes,Semiurban,Business,Rejected
SLR103158,65,Female,No,2,Graduate,No,28.7,527000,0,198000,5,619,0,0.425,1702000,645000,Yes,Urban,Home,Rejected
SLR103159,51,Male,Yes,1,Graduate,No,21.8,338000,210000,514000,3,672,1,0.713,874000,235000,No,Urban,Vehicle,Rejected
SLR103160,60,Female,Yes,2,Graduate,No,20.1,577000,123000,466000,15,735,1,0.436,4243000,189000,Yes,Urban,Personal,Approved
SLR103161,26,Male,Yes,3+,Graduate,Yes,5.9,795000,108000,117000,7,718,3,0.222,877000,449000,Yes,Urban,Personal,Approved
SLR103162,61,Male,No,1,Graduate,No,28.5,264000,0,730000,15,882,3,0.75,1300000,136000,Yes,Urban,Business,Approved
SLR103163,28,Male,No,3+,Graduate,No,10.1,266000,0,971000,5,706,2,0.75,811000,909000,Yes,Urban,Home,Rejected
SLR103164,35,Male,No,1,Graduate,No,12.1,382000,0,573000,2,640,3,0.75,1229000,1657000,Yes,Rural,Personal,Approved
SLR103165,26,Male,Yes,0,Not Graduate,No,2.8,495000,80000,241000,3,657,1,0.363,1471000,116000,Yes,Semiurban,Personal,Approved
SLR103166,39,Male,Yes,2,Not Graduate,No,13.5,164000,91000,1479000,5,626,1,0.75,4653000,577000,Yes,Urban,Vehicle,Approved
SLR103167,54,Male,Yes,2,Not Graduate,No,14.6,754000,114000,2231000,10,642,0,0.75,1829000,1159000,Yes,Urban,Vehicle,Rejected
SLR103168,33,Female,Yes,3+,Not Graduate,No,6.4,497000,781000,843000,2,697,0,0.62,1506000,240000,Yes,Semiurban,Home,Approved
SLR103169,57,Male,Yes,0,Graduate,No,20.6,151000,81000,516000,15,655,0,0.75,2731000,219000,Yes,Urban,Vehicle,Rejected
SLR103170,48,Female,Yes,0,Graduate,No,21.5,298000,364000,521000,10,790,1,0.652,4546000,216000,Yes,Rural,Vehicle,Approved
SLR103171,49,Male,Yes,2,Graduate,Yes,25.6,466000,343000,861000,5,756,0,0.75,421000,941000,Yes,Rural,Personal,Approved
SLR103172,63,Female,No,0,Graduate,No,22.9,207000,0,689000,7,755,2,0.75,769000,1013000,Yes,Semiurban,Home,Approved
SLR103173,40,Male,Yes,1,Not Graduate,Yes,17.2,938000,61000,863000,20,671,0,0.486,1681000,284000,Yes,Urban,Medical,Approved
SLR103174,36,Male,No,1,Graduate,No,10.5,610000,0,871000,3,759,1,0.75,1397000,1181000,Yes,Rural,Personal,Approved
SLR103175,65,Male,No,0,Graduate,No,22.0,799000,0,402000,5,767,3,0.531,805000,134000,No,Urban,Home,Approved
SLR103176,46,Female,Yes,0,Graduate,No,20.0,312000,601000,381000,7,810,0,0.309,240000,527000,No,Semiurban,Vehicle,Approved
SLR103177,48,Male,Yes,2,Not Graduate,No,27.8,690000,167000,542000,20,649,2,0.475,1083000,175000,No,Urban,Business,Approved
SLR103178,34,Male,No,0,Graduate,No,11.5,382000,0,881000,20,691,2,0.75,1961000,399000,No,Semiurban,Vehicle,Approved
SLR103179,30,Female,Yes,2,Graduate,No,1.5,495000,500000,236000,15,634,0,0.275,5116000,264000,Yes,Urban,Home,Rejected
SLR103180,28,Male,Yes,2,Graduate,No,3.9,668000,91000,560000,7,888,2,0.56,1435000,151000,Yes,Semiurban,Business,Approved
SLR103181,31,Female,Yes,1,Graduate,No,1.7,529000,187000,635000,15,675,2,0.634,1408000,457000,Yes,Semiurban,Vehicle,Rejected
SLR103182,29,Male,No,0,Not Graduate,Yes,4.4,858000,0,474000,7,786,3,0.536,691000,133000,Yes,Semiurban,Personal,Approved
SLR103183,54,Male,No,0,Graduate,No,25.5,594000,0,1618000,10,702,1,0.75,1402000,622000,Yes,Semiurban,Business,Approved
SLR103184,23,Male,No,2,Not Graduate,No,5.2,426000,0,1448000,20,756,0,0.75,894000,630000,No,Urban,Education,Approved
SLR103185,49,Male,No,0,Graduate,No,19.9,874000,0,852000,5,689,1,0.75,2327000,383000,No,Urban,Personal,Approved
SLR103186,63,Male,Yes,0,Graduate,No,25.4,982000,72000,2054000,15,759,3,0.75,2111000,275000,Yes,Urban,Business,Rejected
SLR103187,55,Male,No,3+,Not Graduate,No,21.4,577000,0,1150000,7,711,2,0.75,4996000,625000,Yes,Semiurban,Personal,Approved
SLR103188,39,Male,No,0,Graduate,No,13.6,1147000,0,709000,15,818,1,0.607,1805000,672000,No,Urban,Business,Approved
SLR103189,23,Female,Yes,0,Graduate,No,2.9,483000,350000,477000,7,713,0,0.593,2276000,237000,Yes,Semiurban,Business,Approved
SLR103190,58,Female,No,3+,Graduate,No,35.0,513000,0,503000,5,636,1,0.75,408000,403000,No,Semiurban,Home,Approved
SLR103191,21,Male,No,0,Not Graduate,No,3.0,551000,0,832000,15,729,2,0.75,1898000,253000,Yes,Rural,Vehicle,Approved
SLR103192,51,Male,Yes,0,Graduate,No,26.3,512000,112000,510000,3,691,2,0.543,2724000,506000,Yes,Urban,Vehicle,Approved
SLR103193,51,Male,Yes,1,Graduate,No,14.6,464000,290000,242000,5,616,1,0.371,1553000,194000,Yes,Semiurban,Medical,Approved
SLR103194,29,Female,Yes,2,Not Graduate,No,4.5,371000,189000,508000,5,718,3,0.714,1345000,413000,Yes,Urban,Personal,Rejected
SLR103195,54,Female,No,3+,Graduate,No,17.4,318000,0,1268000,15,644,0,0.75,1193000,322000,No,Semiurban,Personal,Rejected
SLR103196,28,Male,Yes,2,Graduate,No,9.4,585000,62000,122000,15,672,2,0.237,6159000,714000,No,Urban,Home,Approved
SLR103197,31,Male,Yes,3+,Graduate,No,6.0,1063000,137000,1618000,7,693,1,0.75,323000,226000,No,Urban,Education,Approved
SLR103198,57,Female,Yes,0,Graduate,No,31.6,861000,150000,944000,5,538,3,0.75,4337000,435000,Yes,Semiurban,Home,Approved
SLR103199,65,Female,No,1,Not Graduate,No,28.9,681000,0,558000,7,658,1,0.75,2012000,249000,No,Urban,Education,Approved
SLR103200,32,Male,No,0,Graduate,No,4.7,1093000,0,784000,5,759,3,0.75,902000,103000,Yes,Urban,Home,Approved
SLR103201,62,Female,No,3+,Not Graduate,No,31.6,556000,0,1214000,2,676,0,0.75,2274000,285000,No,Semiurban,Business,Approved
SLR103202,62,Male,Yes,3+,Not Graduate,Yes,29.3,319000,23000,664000,15,547,1,0.75,2029000,579000,Yes,Semiurban,Education,Rejected
SLR103203,55,Male,Yes,0,Graduate,No,14.9,454000,141000,1204000,5,684,3,0.75,575000,594000,Yes,Urban,Business,Rejected
SLR103204,27,Female,No,2,Graduate,No,5.9,532000,0,1130000,3,726,2,0.75,3633000,213000,Yes,Rural,Vehicle,Approved
SLR103205,34,Male,Yes,1,Graduate,Yes,5.7,415000,131000,728000,3,668,2,0.75,1689000,768000,No,Urban,Home,Rejected
SLR103206,51,Male,Yes,0,Not Graduate,No,25.5,769000,141000,316000,20,670,1,0.353,694000,969000,Yes,Urban,Home,Approved
SLR103207,65,Female,No,1,Graduate,Yes,27.1,920000,0,610000,5,657,0,0.613,5614000,167000,Yes,Semiurban,Personal,Approved
SLR103208,57,Female,Yes,3+,Graduate,Yes,26.0,212000,256000,172000,10,737,3,0.402,2423000,390000,Yes,Semiurban,Home,Approved
SLR103209,39,Male,No,0,Not Graduate,No,13.3,508000,0,868000,2,628,2,0.75,1995000,820000,Yes,Urban,Education,Rejected
SLR103210,31,Male,No,0,Graduate,No,9.2,120000,0,495000,7,731,3,0.75,3581000,992000,Yes,Urban,Education,Approved
SLR103211,64,Female,No,3+,Not Graduate,No,23.2,523000,0,436000,10,670,1,0.617,1442000,415000,Yes,Rural,Medical,Approved
SLR103212,33,Male,Yes,0,Graduate,Yes,9.2,520000,125000,995000,3,784,0,0.75,3060000,852000,Yes,Semiurban,Business,Approved
SLR103213,36,Female,Yes,1,Graduate,No,11.4,1461000,177000,285000,5,654,1,0.252,2894000,994000,Yes,Urban,Medical,Rejected
SLR103214,64,Male,Yes,2,Graduate,No,29.6,1239000,141000,699000,5,607,3,0.612,861000,553000,No,Semiurban,Education,Approved
SLR103215,46,Male,Yes,1,Not Graduate,No,11.7,918000,333000,521000,15,736,2,0.373,1218000,281000,Yes,Urban,Home,Rejected
SLR103216,32,Male,Yes,0,Graduate,No,4.9,324000,206000,578000,10,727,1,0.628,928000,471000,Yes,Semiurban,Personal,Approved
SLR103217,21,Female,Yes,0,Graduate,No,5.8,314000,276000,782000,15,721,1,0.75,4934000,205000,Yes,Urban,Vehicle,Approved
SLR103218,40,Female,No,2,Not Graduate,No,17.9,301000,0,2126000,5,753,1,0.75,371000,214000,Yes,Urban,Personal,Approved
SLR103219,65,Male,Yes,1,Not Graduate,Yes,21.8,1274000,62000,842000,10,615,0,0.535,1930000,102000,Yes,Semiurban,Education,Rejected
SLR103220,40,Male,Yes,1,Graduate,No,12.3,333000,126000,1572000,7,631,0,0.75,4813000,707000,No,Rural,Vehicle,Rejected
SLR103221,52,Female,Yes,2,Graduate,No,15.5,445000,219000,1610000,5,789,1,0.75,470000,817000,Yes,Rural,Vehicle,Approved
SLR103222,32,Male,Yes,0,Graduate,No,5.2,335000,184000,1072000,7,723,1,0.75,1487000,77000,Yes,Urban,Business,Rejected
SLR103223,55,Male,Yes,2,Graduate,No,21.6,275000,66000,196000,5,656,1,0.467,4175000,239000,Yes,Semiurban,Vehicle,Approved
SLR103224,55,Female,Yes,2,Graduate,No,27.0,660000,224000,556000,2,558,1,0.47,1016000,215000,Yes,Urban,Medical,Approved
SLR103225,48,Female,No,3+,Graduate,No,21.1,598000,0,320000,20,597,0,0.425,1601000,528000,No,Urban,Personal,Rejected
SLR103226,55,Female,No,0,Graduate,Yes,24.2,162000,0,4181000,20,618,1,0.75,1152000,347000,Yes,Urban,Education,Rejected
SLR103227,47,Male,No,0,Graduate,No,13.5,269000,0,338000,15,648,2,0.75,598000,587000,Yes,Rural,Vehicle,Approved
SLR103228,38,Male,Yes,1,Graduate,No,15.8,633000,100000,246000,5,713,0,0.296,1000000,357000,No,Rural,Vehicle,Approved
SLR103229,54,Female,No,3+,Not Graduate,No,20.9,529000,0,107000,2,588,3,0.281,786000,434000,No,Rural,Education,Rejected
SLR103230,58,Male,No,3+,Graduate,No,24.7,441000,0,331000,5,650,3,0.75,351000,363000,Yes,Urban,Home,Approved
SLR103231,58,Male,Yes,0,Not Graduate,No,23.8,767000,128000,704000,15,595,1,0.495,5150000,893000,Yes,Urban,Business,Rejected
SLR103232,30,Female,Yes,1,Graduate,No,8.0,249000,52000,1318000,5,658,1,0.75,2094000,159000,No,Semiurban,Personal,Rejected
SLR103233,51,Male,No,0,Not Graduate,No,21.4,396000,0,324000,5,869,1,0.683,993000,192000,Yes,Rural,Business,Approved
SLR103234,21,Female,No,2,Not Graduate,Yes,0.0,731000,0,1392000,10,779,1,0.75,913000,174000,Yes,Urban,Medical,Approved
SLR103235,46,Male,Yes,2,Graduate,No,11.3,385000,239000,624000,7,733,2,0.75,957000,498000,Yes,Urban,Vehicle,Approved
SLR103236,46,Female,Yes,2,Graduate,No,16.6,653000,154000,474000,10,651,1,0.542,712000,95000,Yes,Urban,Medical,Approved
SLR103237,37,Male,Yes,0,Graduate,No,10.6,293000,84000,727000,7,609,0,0.75,988000,75000,Yes,Rural,Home,Rejected
SLR103238,65,Male,Yes,3+,Graduate,No,31.8,350000,133000,1633000,7,683,1,0.75,618000,605000,Yes,Urban,Home,Approved
SLR103239,60,Female,No,0,Not Graduate,No,17.8,206000,0,672000,15,573,2,0.75,2633000,116000,Yes,Urban,Home,Rejected
SLR103240,22,Male,Yes,1,Graduate,Yes,2.0,177000,133000,316000,5,739,1,0.75,262000,171000,Yes,Semiurban,Personal,Rejected
SLR103241,30,Male,No,1,Graduate,Yes,10.1,423000,0,856000,3,675,0,0.75,1679000,118000,Yes,Urban,Personal,Approved
SLR103242,30,Male,No,1,Not Graduate,Yes,5.5,704000,0,847000,7,688,1,0.75,632000,197000,Yes,Rural,Business,Rejected
SLR103243,61,Female,Yes,2,Graduate,Yes,31.6,516000,28000,574000,7,565,2,0.75,3178000,3642000,Yes,Semiurban,Business,Rejected
SLR103244,44,Female,No,1,Graduate,No,13.9,1041000,0,1263000,7,694,1,0.75,1200000,267000,Yes,Semiurban,Business,Approved
SLR103245,53,Male,No,0,Graduate,No,19.8,443000,0,147000,7,672,2,0.388,1926000,343000,Yes,Rural,Home,Approved
SLR103246,57,Male,Yes,0,Not Graduate,No,26.4,171000,135000,820000,7,618,0,0.75,800000,155000,Yes,Urban,Business,Rejected
SLR103247,55,Male,Yes,1,Graduate,No,21.4,665000,47000,1082000,7,707,2,0.75,4510000,318000,Yes,Urban,Vehicle,Approved
SLR103248,25,Female,No,2,Graduate,No,4.8,304000,0,253000,20,660,1,0.649,457000,763000,Yes,Urban,Business,Rejected
SLR103249,27,Female,Yes,1,Graduate,No,4.1,589000,68000,248000,2,712,0,0.336,769000,380000,Yes,Urban,Education,Rejected
SLR103250,38,Female,Yes,0,Not Graduate,No,13.9,156000,75000,1244000,20,736,0,0.75,578000,1740000,Yes,Urban,Personal,Approved
SLR103251,36,Male,Yes,0,Graduate,Yes,7.3,473000,81000,1395000,10,609,0,0.75,1317000,189000,Yes,Semiurban,Education,Rejected
SLR103252,54,Male,Yes,2,Not Graduate,No,20.7,809000,47000,1573000,2,698,0,0.75,1519000,63000,Yes,Rural,Home,Approved
SLR103253,28,Female,No,1,Graduate,No,6.5,757000,0,414000,2,697,0,0.38,449000,483000,Yes,Urban,Personal,Approved
SLR103254,37,Female,Yes,1,Graduate,No,15.5,479000,399000,741000,7,783,1,0.575,542000,489000,Yes,Urban,Personal,Approved
SLR103255,31,Male,No,1,Graduate,No,7.9,535000,0,807000,10,753,1,0.75,516000,369000,No,Urban,Home,Approved
SLR103256,29,Male,Yes,0,Graduate,No,5.4,418000,117000,214000,7,664,1,0.396,374000,117000,Yes,Rural,Business,Approved
SLR103257,28,Male,No,0,Not Graduate,Yes,2.6,467000,0,720000,7,658,1,0.75,755000,226000,No,Urban,Personal,Rejected
SLR103258,29,Male,Yes,0,Graduate,No,10.0,776000,440000,711000,5,701,2,0.584,6687000,410000,No,Rural,Vehicle,Approved
SLR103259,46,Male,No,2,Graduate,Yes,18.4,364000,0,1055000,10,606,2,0.75,1588000,427000,Yes,Urban,Education,Approved
SLR103260,39,Male,No,0,Graduate,No,15.2,384000,0,448000,15,617,0,0.75,771000,599000,Yes,Urban,Personal,Rejected
SLR103261,40,Male,Yes,0,Graduate,No,13.1,231000,104000,1465000,7,655,3,0.75,1099000,158000,Yes,Urban,Vehicle,Rejected
SLR103262,42,Female,No,3+,Not Graduate,Yes,16.3,785000,0,685000,10,511,1,0.459,344000,77000,Yes,Semiurban,Personal,Rejected
SLR103263,54,Female,Yes,0,Graduate,No,17.5,461000,105000,1975000,2,616,2,0.75,363000,303000,Yes,Semiurban,Personal,Rejected
SLR103264,59,Female,No,1,Not Graduate,No,17.5,275000,0,1056000,7,665,1,0.75,648000,576000,Yes,Urban,Home,Rejected
SLR103265,44,Male,Yes,0,Graduate,No,16.2,865000,142000,779000,15,897,2,0.683,446000,122000,Yes,Urban,Personal,Approved
SLR103266,49,Male,Yes,0,Not Graduate,No,13.7,520000,143000,301000,15,642,3,0.347,3027000,1246000,No,Urban,Personal,Rejected
SLR103267,54,Male,Yes,0,Not Graduate,No,25.4,355000,379000,276000,7,740,1,0.345,7678000,266000,Yes,Semiurban,Personal,Approved
SLR103268,52,Male,Yes,2,Graduate,No,29.5,872000,63000,1840000,7,675,1,0.75,3043000,867000,Yes,Urban,Education,Approved
SLR103269,27,Male,No,1,Graduate,No,6.1,442000,0,1150000,3,723,0,0.75,686000,1445000,Yes,Rural,Personal,Rejected
SLR103270,65,Female,No,2,Not Graduate,No,22.7,225000,0,540000,5,609,1,0.75,1411000,95000,Yes,Urban,Home,Rejected
SLR103271,28,Female,Yes,3+,Graduate,No,7.5,904000,145000,496000,10,574,5,0.451,2221000,518000,Yes,Semiurban,Personal,Approved
SLR103272,39,Female,Yes,0,Graduate,No,16.9,336000,276000,751000,15,793,1,0.75,2003000,1490000,No,Semiurban,Vehicle,Approved
SLR103273,50,Male,Yes,1,Not Graduate,No,14.6,2810000,189000,271000,3,590,2,0.247,5359000,244000,No,Semiurban,Personal,Rejected
SLR103274,39,Male,Yes,0,Not Graduate,Yes,11.9,418000,93000,480000,20,801,3,0.75,476000,1668000,Yes,Urban,Education,Approved
SLR103275,31,Male,Yes,1,Not Graduate,No,8.0,176000,151000,968000,20,662,3,0.75,1602000,776000,Yes,Urban,Business,Approved
SLR103276,62,Male,Yes,2,Not Graduate,No,34.2,1401000,450000,1056000,5,628,0,0.396,1335000,269000,Yes,Urban,Personal,Approved
SLR103277,24,Male,No,0,Graduate,No,3.1,517000,0,512000,2,651,2,0.75,1032000,340000,Yes,Urban,Personal,Approved
SLR103278,32,Male,Yes,3+,Not Graduate,No,12.5,614000,189000,1839000,5,810,3,0.75,344000,99000,Yes,Urban,Personal,Approved
SLR103279,65,Female,No,1,Graduate,No,32.6,659000,0,1282000,20,638,3,0.75,377000,203000,Yes,Urban,Vehicle,Rejected
SLR103280,53,Male,Yes,0,Not Graduate,No,18.5,253000,88000,394000,7,661,2,0.75,4470000,596000,Yes,Semiurban,Home,Rejected
SLR103281,24,Female,Yes,0,Graduate,No,2.8,162000,481000,284000,5,763,1,0.311,3017000,281000,No,Urban,Personal,Approved
SLR103282,54,Female,Yes,1,Graduate,Yes,16.5,1563000,630000,957000,15,726,2,0.468,501000,462000,Yes,Semiurban,Business,Approved
SLR103283,64,Male,Yes,1,Not Graduate,Yes,28.2,226000,288000,485000,3,846,0,0.75,275000,882000,Yes,Rural,Home,Approved
SLR103284,25,Female,Yes,0,Graduate,No,5.0,1314000,288000,429000,20,777,1,0.344,1436000,856000,Yes,Urban,Home,Approved
SLR103285,39,Male,No,1,Graduate,No,15.1,713000,0,751000,15,638,3,0.66,1303000,479000,Yes,Rural,Vehicle,Approved
SLR103286,42,Female,No,0,Graduate,No,18.4,588000,0,1038000,7,788,0,0.75,327000,224000,Yes,Urban,Medical,Approved
SLR103287,26,Female,No,3+,Graduate,No,4.2,413000,0,1088000,15,546,1,0.75,8907000,404000,Yes,Semiurban,Personal,Rejected
SLR103288,30,Female,Yes,0,Graduate,Yes,7.2,1901000,71000,674000,10,748,1,0.32,4274000,423000,No,Urban,Medical,Approved
SLR103289,28,Female,Yes,1,Not Graduate,No,11.1,365000,198000,146000,7,641,4,0.439,530000,210000,Yes,Urban,Education,Rejected
SLR103290,29,Male,Yes,2,Graduate,No,10.9,370000,12000,1209000,15,735,2,0.75,4558000,473000,No,Urban,Home,Rejected
SLR103291,39,Female,No,2,Graduate,No,14.9,773000,0,385000,7,837,1,0.363,1720000,183000,Yes,Urban,Vehicle,Approved
SLR103292,41,Male,No,3+,Graduate,No,10.0,369000,0,794000,15,565,2,0.75,2686000,345000,Yes,Urban,Education,Rejected
SLR103293,31,Male,Yes,3+,Not Graduate,No,4.3,306000,78000,600000,15,759,1,0.75,656000,218000,Yes,Semiurban,Personal,Approved
SLR103294,34,Male,No,0,Not Graduate,Yes,8.9,517000,0,2795000,20,753,1,0.75,2445000,240000,Yes,Rural,Education,Approved
SLR103295,29,Female,Yes,0,Graduate,No,6.3,780000,94000,2477000,15,740,1,0.75,10338000,729000,Yes,Rural,Education,Approved
SLR103296,56,Male,Yes,2,Graduate,No,23.2,1502000,33000,482000,20,616,2,0.26,4050000,725000,Yes,Rural,Vehicle,Approved
SLR103297,30,Male,Yes,0,Graduate,No,9.4,1680000,173000,271000,5,683,1,0.206,2723000,306000,No,Semiurban,Business,Approved
SLR103298,61,Female,Yes,2,Graduate,No,31.7,200000,163000,285000,5,618,3,0.75,264000,962000,Yes,Urban,Home,Rejected
SLR103299,45,Male,No,0,Graduate,No,19.8,948000,0,775000,7,722,1,0.527,3019000,635000,Yes,Semiurban,Personal,Approved
SLR103300,57,Male,No,3+,Graduate,No,29.1,311000,0,458000,5,592,0,0.75,2117000,564000,No,Semiurban,Medical,Rejected
SLR103301,49,Male,Yes,2,Graduate,No,20.3,320000,142000,316000,15,657,1,0.535,672000,331000,Yes,Rural,Home,Approved
SLR103302,32,Male,Yes,1,Not Graduate,No,8.9,397000,270000,462000,5,737,1,0.613,1046000,597000,Yes,Semiurban,Personal,Approved
SLR103303,48,Female,Yes,0,Not Graduate,No,13.9,383000,155000,872000,7,635,0,0.75,1293000,248000,No,Semiurban,Business,Rejected
SLR103304,33,Male,Yes,3+,Not Graduate,No,10.1,297000,332000,618000,7,660,1,0.649,2268000,421000,Yes,Rural,Education,Rejected
SLR103305,26,Male,Yes,2,Graduate,No,7.6,149000,92000,475000,15,622,0,0.75,382000,946000,Yes,Semiurban,Vehicle,Rejected
SLR103306,32,Female,Yes,2,Not Graduate,No,12.7,1184000,51000,515000,5,709,0,0.307,1468000,734000,No,Rural,Home,Rejected
SLR103307,33,Male,Yes,2,Graduate,No,10.1,876000,221000,585000,20,680,1,0.423,5644000,220000,Yes,Rural,Medical,Approved
SLR103308,27,Female,Yes,0,Not Graduate,No,5.7,530000,152000,751000,5,635,2,0.75,2263000,848000,Yes,Rural,Home,Approved
SLR103309,22,Male,Yes,0,Graduate,No,0.9,314000,227000,780000,5,643,0,0.75,532000,133000,Yes,Semiurban,Personal,Approved
SLR103310,63,Female,No,0,Graduate,No,25.3,1055000,0,223000,5,702,2,0.2,1786000,343000,Yes,Urban,Home,Approved
SLR103311,44,Male,Yes,1,Graduate,Yes,19.1,516000,176000,724000,15,611,0,0.647,2162000,879000,No,Semiurban,Vehicle,Rejected
SLR103312,39,Male,Yes,1,Not Graduate,Yes,11.5,390000,34000,514000,5,687,0,0.75,218000,185000,No,Rural,Personal,Rejected
SLR103313,62,Male,Yes,0,Graduate,No,33.3,216000,82000,336000,2,692,1,0.75,1843000,455000,No,Urban,Home,Approved
SLR103314,31,Male,No,3+,Graduate,No,7.4,719000,0,510000,5,702,1,0.658,1419000,509000,Yes,Urban,Personal,Approved
SLR103315,39,Male,Yes,0,Graduate,No,18.4,445000,178000,1378000,7,650,1,0.75,341000,986000,Yes,Semiurban,Personal,Approved
SLR103316,59,Female,Yes,2,Not Graduate,No,29.8,617000,81000,1099000,5,735,0,0.75,7834000,237000,Yes,Urban,Business,Approved
SLR103317,49,Male,No,1,Not Graduate,No,20.8,587000,0,692000,5,762,1,0.669,1851000,689000,Yes,Semiurban,Vehicle,Rejected
SLR103318,38,Male,No,0,Not Graduate,No,12.9,759000,0,363000,5,739,3,0.42,1163000,201000,Yes,Semiurban,Vehicle,Rejected
SLR103319,32,Male,Yes,0,Graduate,Yes,9.3,603000,194000,269000,10,706,0,0.236,645000,264000,Yes,Semiurban,Business,Approved
SLR103320,22,Male,Yes,2,Not Graduate,No,3.1,452000,133000,352000,7,583,1,0.609,1547000,353000,No,Urban,Home,Rejected
SLR103321,24,Male,No,2,Graduate,No,3.7,726000,0,655000,7,816,1,0.622,2041000,319000,Yes,Urban,Personal,Approved
SLR103322,28,Female,Yes,0,Graduate,No,9.4,902000,235000,664000,20,694,0,0.373,4629000,765000,Yes,Semiurban,Personal,Approved
SLR103323,56,Female,Yes,1,Graduate,No,29.1,1252000,420000,426000,10,713,3,0.332,1261000,2453000,Yes,Urban,Personal,Approved
SLR103324,49,Male,Yes,1,Graduate,No,16.8,289000,248000,1150000,15,637,5,0.75,415000,352000,Yes,Semiurban,Business,Rejected
SLR103325,40,Male,Yes,0,Graduate,No,10.1,986000,19000,835000,5,674,0,0.655,1304000,361000,No,Semiurban,Business,Rejected
SLR103326,56,Male,No,1,Graduate,Yes,30.3,223000,0,116000,7,778,0,0.375,1294000,1378000,Yes,Urban,Business,Approved
SLR103327,28,Male,No,1,Not Graduate,Yes,3.1,935000,0,698000,5,749,0,0.487,6130000,2420000,No,Urban,Home,Approved
SLR103328,30,Male,Yes,2,Not Graduate,No,4.4,387000,24000,1062000,7,667,0,0.75,1817000,312000,Yes,Urban,Home,Rejected
SLR103329,38,Male,Yes,2,Graduate,No,8.9,850000,43000,741000,3,805,0,0.592,1976000,455000,Yes,Semiurban,Home,Approved
SLR103330,62,Female,Yes,0,Not Graduate,No,35.0,1216000,227000,949000,7,614,0,0.411,854000,121000,No,Semiurban,Home,Approved
SLR103331,48,Male,No,2,Graduate,No,17.7,607000,0,548000,7,564,0,0.75,1923000,191000,Yes,Urban,Home,Rejected
SLR103332,59,Male,Yes,0,Graduate,No,23.8,536000,128000,623000,7,545,1,0.75,657000,96000,Yes,Urban,Medical,Rejected
SLR103333,32,Male,Yes,3+,Graduate,No,13.7,521000,71000,632000,5,750,3,0.75,1622000,276000,Yes,Rural,Personal,Approved
SLR103334,59,Male,No,1,Graduate,No,24.3,425000,0,733000,5,638,0,0.75,2859000,1344000,Yes,Urban,Business,Rejected
SLR103335,24,Male,Yes,0,Graduate,No,2.8,1021000,45000,446000,5,679,2,0.388,1383000,176000,Yes,Rural,Education,Approved
SLR103336,31,Male,Yes,2,Graduate,No,3.1,518000,59000,1322000,7,772,3,0.75,3778000,212000,Yes,Urban,Vehicle,Approved
SLR103337,44,Female,Yes,0,Not Graduate,No,18.6,166000,93000,1639000,5,715,1,0.75,4897000,513000,Yes,Semiurban,Education,Approved
SLR103338,23,Male,No,2,Graduate,No,0.8,894000,0,460000,10,601,0,0.515,3893000,100000,Yes,Rural,Medical,Approved
SLR103339,59,Male,Yes,3+,Not Graduate,No,30.5,869000,59000,304000,10,812,0,0.25,1480000,458000,No,Rural,Personal,Approved
SLR103340,60,Male,No,2,Not Graduate,No,35.0,563000,0,271000,3,668,0,0.389,605000,48000,No,Semiurban,Education,Rejected
SLR103341,45,Male,No,1,Graduate,No,16.4,357000,0,846000,5,685,1,0.75,571000,284000,Yes,Rural,Home,Approved
SLR103342,34,Male,Yes,1,Graduate,No,3.6,291000,224000,952000,10,637,3,0.75,2283000,101000,Yes,Rural,Personal,Rejected
SLR103343,25,Male,Yes,0,Graduate,No,0.0,357000,199000,848000,7,606,3,0.75,1782000,196000,No,Urban,Home,Rejected
SLR103344,48,Male,No,0,Graduate,No,19.7,614000,0,897000,5,707,1,0.75,1328000,320000,Yes,Urban,Education,Approved
SLR103345,45,Male,Yes,3+,Graduate,No,24.1,200000,39000,449000,5,582,0,0.75,868000,321000,Yes,Semiurban,Medical,Approved
SLR103346,55,Female,No,0,Graduate,No,16.9,695000,0,178000,20,684,1,0.291,1416000,301000,No,Urban,Home,Approved
SLR103347,48,Female,No,0,Graduate,No,11.5,572000,0,470000,7,809,2,0.75,405000,2121000,Yes,Semiurban,Home,Approved
SLR103348,26,Male,Yes,0,Graduate,No,6.2,1116000,79000,1905000,5,746,1,0.75,784000,628000,Yes,Urban,Business,Rejected
SLR103349,26,Male,No,3+,Graduate,No,12.1,809000,0,772000,10,705,0,0.75,1167000,92000,Yes,Urban,Home,Rejected
SLR103350,56,Female,Yes,3+,Graduate,No,25.8,370000,241000,857000,5,608,0,0.75,2631000,116000,Yes,Semiurban,Personal,Approved
SLR103351,28,Female,Yes,0,Graduate,Yes,3.7,217000,106000,1170000,5,685,0,0.75,3364000,1029000,Yes,Urban,Vehicle,Rejected
SLR103352,63,Female,Yes,0,Not Graduate,No,29.4,350000,74000,376000,15,630,0,0.73,244000,353000,No,Urban,Business,Rejected
SLR103353,25,Male,Yes,2,Graduate,No,1.9,1176000,69000,752000,20,798,1,0.528,335000,971000,Yes,Semiurban,Personal,Approved
SLR103354,53,Male,No,0,Graduate,No,20.7,647000,0,907000,7,654,2,0.75,2665000,806000,No,Semiurban,Personal,Rejected
SLR103355,64,Male,No,3+,Graduate,No,16.6,764000,0,355000,10,631,1,0.406,1536000,282000,Yes,Semiurban,Business,Rejected
SLR103356,40,Female,Yes,3+,Graduate,Yes,15.1,389000,159000,823000,5,674,2,0.75,2464000,400000,Yes,Semiurban,Medical,Rejected
SLR103357,23,Male,Yes,2,Graduate,No,0.0,718000,118000,1509000,10,631,1,0.75,800000,220000,No,Urban,Home,Approved
SLR103358,60,Male,No,0,Graduate,Yes,31.5,238000,0,501000,10,708,1,0.75,841000,755000,No,Urban,Vehicle,Approved
SLR103359,29,Male,No,2,Graduate,No,3.9,920000,0,212000,10,827,2,0.32,721000,392000,Yes,Semiurban,Personal,Approved
SLR103360,44,Male,Yes,3+,Graduate,No,20.3,291000,41000,727000,2,691,0,0.75,126000,939000,Yes,Rural,Business,Rejected
SLR103361,65,Male,Yes,0,Graduate,Yes,21.7,186000,49000,424000,3,621,0,0.75,511000,205000,Yes,Rural,Vehicle,Approved
SLR103362,54,Male,No,3+,Not Graduate,No,23.1,1909000,0,731000,10,678,2,0.329,536000,284000,Yes,Urban,Home,Approved
SLR103363,23,Male,Yes,0,Graduate,No,4.0,592000,40000,376000,7,595,0,0.594,608000,228000,Yes,Semiurban,Education,Rejected
SLR103364,57,Female,Yes,3+,Graduate,No,28.3,583000,88000,676000,20,900,0,0.75,583000,1176000,Yes,Urban,Vehicle,Approved
SLR103365,28,Male,Yes,1,Graduate,No,3.8,197000,110000,1443000,3,825,2,0.75,612000,341000,Yes,Semiurban,Vehicle,Approved
SLR103366,54,Male,Yes,0,Graduate,No,17.4,775000,52000,638000,20,784,2,0.622,1132000,322000,Yes,Urban,Medical,Rejected
SLR103367,48,Female,Yes,1,Graduate,No,18.4,895000,32000,223000,3,746,2,0.247,2298000,301000,Yes,Urban,Personal,Approved
SLR103368,33,Male,Yes,0,Graduate,No,4.5,493000,47000,830000,2,678,2,0.75,105000,897000,Yes,Rural,Home,Rejected
SLR103369,40,Male,No,0,Graduate,No,15.8,897000,0,658000,15,679,0,0.451,601000,3808000,Yes,Semiurban,Medical,Approved
SLR103370,26,Male,No,3+,Not Graduate,No,5.4,1047000,0,747000,7,673,1,0.582,621000,2611000,Yes,Urban,Business,Rejected
SLR103371,65,Male,Yes,0,Graduate,No,26.3,734000,165000,1224000,5,868,3,0.75,352000,620000,No,Urban,Medical,Approved
SLR103372,31,Male,Yes,3+,Graduate,Yes,8.4,167000,65000,462000,7,676,1,0.75,3792000,164000,Yes,Urban,Personal,Rejected
SLR103373,34,Male,No,0,Graduate,No,8.8,292000,0,539000,5,648,3,0.75,515000,219000,Yes,Urban,Vehicle,Approved
SLR103374,43,Male,Yes,1,Graduate,No,14.3,1391000,305000,333000,20,682,3,0.332,2029000,445000,No,Semiurban,Education,Approved
SLR103375,51,Male,No,3+,Graduate,No,20.6,575000,0,737000,15,729,0,0.75,686000,55000,Yes,Urban,Business,Approved
SLR103376,43,Male,Yes,1,Graduate,No,18.1,577000,73000,725000,10,429,1,0.75,4371000,208000,No,Urban,Home,Rejected
SLR103377,43,Male,Yes,3+,Not Graduate,No,17.9,348000,310000,549000,5,719,2,0.713,652000,704000,Yes,Semiurban,Vehicle,Approved
SLR103378,47,Male,Yes,3+,Not Graduate,Yes,19.1,387000,134000,1056000,2,499,0,0.75,611000,97000,Yes,Semiurban,Business,Rejected
SLR103379,59,Male,Yes,1,Graduate,No,27.9,1060000,155000,331000,15,800,0,0.304,1184000,535000,Yes,Urban,Home,Approved
SLR103380,38,Male,No,2,Graduate,No,8.5,1254000,0,706000,2,561,4,0.623,5383000,225000,Yes,Rural,Home,Rejected
SLR103381,58,Male,Yes,0,Graduate,No,24.3,853000,36000,961000,3,630,0,0.668,2173000,210000,Yes,Semiurban,Education,Approved
SLR103382,56,Male,No,0,Graduate,No,25.3,745000,0,457000,10,546,1,0.492,767000,558000,No,Semiurban,Medical,Approved
SLR103383,64,Female,No,0,Not Graduate,Yes,24.3,776000,0,266000,10,825,0,0.258,1636000,1237000,Yes,Semiurban,Home,Approved
SLR103384,62,Female,No,2,Graduate,No,23.4,529000,0,216000,7,689,1,0.423,831000,331000,Yes,Semiurban,Business,Approved
SLR103385,56,Male,No,1,Graduate,No,26.6,284000,0,719000,10,857,0,0.75,5301000,1050000,Yes,Semiurban,Personal,Approved
SLR103386,32,Male,Yes,1,Graduate,No,8.6,252000,173000,1955000,20,839,1,0.75,2811000,457000,Yes,Urban,Education,Approved
SLR103387,55,Male,Yes,3+,Graduate,No,27.8,1133000,118000,437000,5,784,2,0.395,1349000,141000,Yes,Semiurban,Business,Approved
SLR103388,54,Male,No,0,Graduate,No,23.0,540000,0,872000,2,585,2,0.75,1655000,845000,Yes,Rural,Education,Rejected
SLR103389,34,Female,Yes,3+,Graduate,Yes,12.0,715000,104000,134000,5,702,0,0.222,787000,998000,Yes,Semiurban,Home,Approved
SLR103390,51,Male,Yes,0,Graduate,No,24.4,618000,176000,828000,7,792,0,0.75,1398000,481000,Yes,Rural,Home,Approved
SLR103391,32,Female,Yes,0,Graduate,No,7.0,635000,52000,320000,15,719,2,0.531,2347000,126000,Yes,Urban,Vehicle,Approved
SLR103392,44,Male,Yes,1,Graduate,No,17.5,665000,84000,503000,7,662,1,0.47,3104000,107000,Yes,Urban,Vehicle,Approved
SLR103393,56,Male,No,0,Graduate,No,21.2,807000,0,684000,10,716,1,0.655,950000,511000,Yes,Rural,Education,Approved
SLR103394,29,Female,Yes,2,Not Graduate,No,6.3,361000,27000,221000,7,724,0,0.42,202000,510000,Yes,Semiurban,Medical,Approved
SLR103395,36,Male,No,2,Graduate,No,15.2,1054000,0,5022000,7,579,0,0.75,2611000,616000,Yes,Semiurban,Home,Rejected
SLR103396,56,Female,No,2,Graduate,No,19.3,367000,0,439000,5,647,2,0.75,794000,61000,Yes,Urban,Personal,Rejected
SLR103397,41,Male,Yes,0,Graduate,No,10.6,627000,96000,964000,3,739,0,0.75,2981000,175000,No,Semiurban,Education,Rejected
SLR103398,64,Female,No,0,Graduate,No,19.8,287000,0,1715000,5,756,1,0.75,355000,221000,No,Urban,Business,Approved
SLR103399,21,Male,Yes,0,Graduate,Yes,0.5,502000,163000,786000,5,708,1,0.75,1870000,826000,Yes,Semiurban,Business,Rejected
SLR103400,53,Male,Yes,1,Graduate,No,17.9,383000,148000,293000,5,659,3,0.421,1162000,356000,Yes,Urban,Home,Approved
SLR103401,57,Female,Yes,0,Graduate,No,21.0,557000,56000,695000,5,676,0,0.727,934000,869000,No,Rural,Vehicle,Rejected
SLR103402,62,Male,Yes,0,Graduate,Yes,35.0,824000,127000,197000,10,633,1,0.355,5168000,159000,No,Rural,Vehicle,Approved
SLR103403,28,Male,Yes,2,Graduate,No,9.6,573000,147000,524000,7,682,2,0.617,726000,80000,Yes,Semiurban,Home,Approved
SLR103404,65,Female,Yes,3+,Not Graduate,No,30.7,1617000,698000,1933000,5,754,1,0.75,4754000,688000,Yes,Semiurban,Personal,Rejected
SLR103405,38,Male,Yes,2,Graduate,No,13.2,852000,91000,260000,5,872,2,0.346,9887000,294000,Yes,Semiurban,Education,Approved
SLR103406,36,Female,Yes,0,Graduate,No,6.2,485000,216000,380000,5,600,1,0.406,450000,365000,Yes,Semiurban,Home,Approved
SLR103407,36,Male,No,1,Not Graduate,Yes,10.1,525000,0,2169000,10,785,1,0.75,616000,130000,No,Rural,Home,Approved
SLR103408,49,Male,Yes,0,Not Graduate,No,14.9,677000,68000,580000,7,719,1,0.712,1209000,391000,Yes,Urban,Home,Approved
SLR103409,50,Male,No,0,Graduate,No,18.0,810000,0,364000,10,570,0,0.372,1142000,415000,Yes,Urban,Home,Rejected
SLR103410,42,Male,No,0,Graduate,No,16.4,279000,0,837000,5,683,1,0.75,3783000,356000,Yes,Semiurban,Business,Approved
SLR103411,24,Female,No,3+,Graduate,No,5.5,781000,0,479000,3,676,1,0.615,3775000,598000,Yes,Rural,Vehicle,Approved
SLR103412,65,Male,Yes,1,Not Graduate,No,32.3,283000,69000,111000,15,690,1,0.316,900000,658000,Yes,Urban,Personal,Approved
SLR103413,30,Male,No,0,Graduate,No,7.6,740000,0,268000,2,769,1,0.296,691000,962000,Yes,Rural,Personal,Approved
SLR103414,25,Male,No,1,Not Graduate,No,0.0,1007000,0,2475000,5,838,1,0.75,1039000,371000,Yes,Rural,Vehicle,Approved
SLR103415,47,Male,No,3+,Graduate,No,25.8,649000,0,805000,10,787,0,0.75,1703000,1357000,Yes,Semiurban,Vehicle,Approved
SLR103416,39,Male,No,0,Graduate,Yes,18.0,153000,0,1683000,10,706,1,0.75,498000,126000,Yes,Semiurban,Personal,Rejected
SLR103417,48,Female,Yes,2,Not Graduate,No,18.8,206000,57000,333000,7,714,2,0.721,451000,742000,Yes,Semiurban,Business,Approved
SLR103418,60,Female,Yes,0,Graduate,No,23.4,750000,333000,627000,15,846,1,0.553,711000,364000,No,Semiurban,Home,Approved
SLR103419,25,Female,No,0,Graduate,No,2.2,143000,0,582000,7,611,1,0.75,928000,322000,Yes,Urban,Home,Approved
SLR103420,33,Male,Yes,3+,Graduate,No,12.7,769000,254000,455000,15,783,2,0.55,1000000,246000,Yes,Rural,Personal,Rejected
SLR103421,44,Male,Yes,0,Graduate,No,13.3,945000,171000,745000,5,604,3,0.65,230000,544000,Yes,Semiurban,Vehicle,Rejected
SLR103422,56,Male,No,2,Graduate,No,17.3,1027000,0,315000,7,576,1,0.316,952000,1550000,Yes,Urban,Vehicle,Rejected
SLR103423,48,Female,No,0,Graduate,No,31.6,482000,0,1427000,2,737,2,0.75,432000,1010000,Yes,Semiurban,Business,Approved
SLR103424,38,Male,Yes,1,Graduate,No,18.9,700000,98000,881000,7,566,2,0.75,1486000,724000,Yes,Urban,Home,Rejected
SLR103425,48,Male,Yes,1,Graduate,No,23.1,617000,134000,580000,7,661,4,0.509,449000,315000,No,Urban,Vehicle,Rejected
SLR103426,65,Male,Yes,2,Not Graduate,Yes,24.5,245000,109000,709000,10,793,0,0.75,1873000,1303000,Yes,Rural,Personal,Approved
SLR103427,42,Female,Yes,2,Graduate,No,16.0,829000,158000,534000,10,621,3,0.592,1196000,493000,Yes,Semiurban,Business,Rejected
SLR103428,60,Female,No,2,Graduate,Yes,29.5,1182000,0,212000,7,825,0,0.178,5027000,152000,No,Urban,Home,Approved
SLR103429,56,Female,No,0,Graduate,Yes,27.6,804000,0,341000,10,521,0,0.414,1807000,183000,Yes,Semiurban,Personal,Approved
SLR103430,34,Male,Yes,0,Graduate,No,9.9,417000,104000,578000,10,768,0,0.75,1172000,1283000,Yes,Urban,Education,Approved
SLR103431,32,Female,Yes,1,Not Graduate,Yes,6.9,826000,120000,517000,15,586,0,0.493,1331000,866000,No,Urban,Personal,Rejected
SLR103432,55,Male,No,1,Not Graduate,Yes,22.9,1123000,0,990000,3,675,0,0.75,1464000,967000,Yes,Urban,Personal,Approved
SLR103433,30,Male,No,0,Not Graduate,No,4.4,1045000,0,936000,7,706,0,0.735,818000,399000,No,Rural,Home,Approved
SLR103434,36,Male,Yes,3+,Not Graduate,No,8.7,967000,159000,452000,20,669,1,0.41,1110000,177000,Yes,Urban,Education,Approved
SLR103435,31,Male,Yes,0,Graduate,No,6.9,229000,74000,349000,5,671,1,0.75,883000,85000,Yes,Semiurban,Business,Rejected
SLR103436,48,Male,Yes,0,Graduate,No,21.1,685000,193000,1062000,10,581,1,0.75,1011000,180000,Yes,Urban,Personal,Rejected
SLR103437,34,Male,No,3+,Graduate,No,9.7,784000,0,735000,5,796,1,0.626,924000,108000,Yes,Urban,Personal,Approved
SLR103438,50,Male,Yes,1,Not Graduate,No,20.7,974000,80000,434000,15,598,1,0.364,1000000,2257000,Yes,Urban,Home,Approved
SLR103439,63,Male,Yes,2,Graduate,No,25.0,730000,162000,309000,10,598,0,0.312,1340000,225000,No,Rural,Personal,Approved
SLR103440,58,Female,No,0,Graduate,No,16.1,1291000,0,419000,20,683,0,0.329,2298000,225000,Yes,Semiurban,Vehicle,Approved
SLR103441,63,Male,No,0,Not Graduate,No,31.4,201000,0,839000,10,638,0,0.75,3185000,223000,Yes,Urban,Personal,Rejected
SLR103442,22,Male,No,1,Graduate,No,0.0,748000,0,1946000,7,753,0,0.75,793000,87000,Yes,Urban,Education,Approved
SLR103443,41,Male,Yes,0,Not Graduate,No,11.3,716000,91000,566000,7,650,1,0.608,391000,81000,Yes,Urban,Personal,Approved
SLR103444,30,Female,Yes,2,Not Graduate,Yes,8.8,904000,237000,378000,15,690,1,0.394,2818000,1278000,Yes,Urban,Education,Approved
SLR103445,62,Male,No,0,Not Graduate,No,26.7,1284000,0,2642000,10,699,2,0.75,9727000,1467000,Yes,Rural,Home,Rejected
SLR103446,53,Male,No,0,Graduate,No,15.3,337000,0,510000,3,763,0,0.75,2239000,910000,Yes,Semiurban,Home,Approved
SLR103447,35,Male,No,0,Graduate,No,10.6,1261000,0,388000,5,650,2,0.311,1030000,530000,Yes,Urban,Personal,Approved
SLR103448,46,Male,No,0,Not Graduate,No,15.1,861000,0,499000,10,565,2,0.454,1701000,133000,Yes,Rural,Business,Rejected
SLR103449,48,Male,Yes,0,Graduate,Yes,25.1,496000,601000,483000,3,629,1,0.339,1601000,985000,Yes,Semiurban,Medical,Approved
SLR103450,43,Male,Yes,2,Graduate,No,13.0,334000,41000,1484000,10,775,2,0.75,1345000,354000,No,Rural,Vehicle,Rejected
SLR103451,42,Male,Yes,1,Not Graduate,No,17.0,613000,823000,219000,15,716,3,0.297,620000,541000,Yes,Urban,Home,Approved
SLR103452,23,Male,No,0,Not Graduate,No,6.0,644000,0,957000,5,662,1,0.75,3387000,446000,Yes,Urban,Vehicle,Rejected
SLR103453,41,Male,Yes,1,Not Graduate,No,22.9,664000,980000,645000,5,695,1,0.437,682000,656000,No,Rural,Medical,Approved
SLR103454,36,Male,No,0,Graduate,No,10.1,390000,0,453000,15,670,0,0.75,3307000,767000,Yes,Urban,Vehicle,Rejected
SLR103455,57,Male,No,0,Graduate,No,21.8,769000,0,523000,7,749,2,0.649,2264000,314000,Yes,Semiurban,Personal,Approved
SLR103456,59,Male,No,3+,Not Graduate,No,22.7,440000,0,552000,15,715,0,0.75,4984000,812000,Yes,Urban,Home,Approved
SLR103457,54,Male,No,2,Graduate,No,25.4,1074000,0,688000,3,669,2,0.618,2661000,278000,No,Rural,Home,Rejected
SLR103458,22,Male,Yes,1,Graduate,No,0.2,1409000,175000,485000,5,759,0,0.249,172000,792000,No,Rural,Business,Approved
SLR103459,58,Male,Yes,0,Graduate,Yes,29.1,352000,160000,623000,2,778,2,0.75,392000,808000,Yes,Semiurban,Education,Approved
SLR103460,38,Male,No,0,Not Graduate,Yes,15.5,568000,0,392000,7,621,4,0.523,1476000,91000,Yes,Semiurban,Education,Rejected
SLR103461,39,Male,Yes,2,Graduate,No,16.7,939000,110000,2684000,15,622,2,0.75,6294000,363000,Yes,Semiurban,Home,Rejected
SLR103462,63,Male,Yes,1,Graduate,No,19.9,640000,79000,1253000,10,870,3,0.75,974000,63000,Yes,Urban,Business,Approved
SLR103463,60,Male,No,1,Graduate,No,24.6,261000,0,893000,2,737,0,0.75,404000,103000,Yes,Urban,Education,Approved
SLR103464,23,Male,No,3+,Graduate,No,8.0,885000,0,487000,2,815,0,0.405,2847000,370000,No,Urban,Vehicle,Approved
SLR103465,37,Male,Yes,0,Not Graduate,No,13.8,394000,109000,1109000,10,757,0,0.75,6057000,315000,Yes,Urban,Vehicle,Approved
SLR103466,54,Male,Yes,2,Graduate,No,24.4,614000,38000,790000,3,724,1,0.75,680000,286000,No,Urban,Vehicle,Approved
SLR103467,45,Female,Yes,1,Graduate,No,14.8,318000,125000,702000,5,530,4,0.75,863000,596000,Yes,Rural,Personal,Rejected
SLR103468,32,Male,No,0,Graduate,No,3.3,851000,0,460000,10,598,1,0.6,6066000,260000,No,Urban,Personal,Approved
SLR103469,44,Male,Yes,0,Graduate,No,16.4,436000,117000,777000,5,739,0,0.75,441000,138000,No,Semiurban,Home,Approved
SLR103470,59,Female,Yes,1,Graduate,No,24.0,902000,50000,1942000,7,622,1,0.75,533000,103000,Yes,Urban,Home,Rejected
SLR103471,31,Male,Yes,0,Not Graduate,No,11.8,489000,118000,685000,7,679,1,0.75,526000,93000,No,Semiurban,Business,Rejected
SLR103472,54,Male,No,2,Graduate,No,27.4,422000,0,548000,5,758,0,0.75,1620000,174000,Yes,Semiurban,Education,Approved
SLR103473,54,Male,No,2,Graduate,No,30.2,690000,0,693000,5,700,1,0.75,1078000,194000,Yes,Semiurban,Business,Approved
SLR103474,60,Female,Yes,1,Graduate,No,27.4,305000,57000,669000,7,720,1,0.75,810000,1094000,Yes,Urban,Home,Approved
SLR103475,34,Female,Yes,1,Not Graduate,Yes,12.9,1479000,224000,455000,5,794,1,0.26,3064000,404000,Yes,Urban,Personal,Approved
SLR103476,30,Male,Yes,1,Not Graduate,No,8.8,609000,249000,401000,20,802,1,0.346,2917000,156000,Yes,Urban,Medical,Approved
SLR103477,45,Female,Yes,1,Graduate,No,13.0,403000,168000,1089000,5,686,1,0.75,5124000,689000,No,Semiurban,Home,Approved
SLR103478,44,Male,Yes,2,Graduate,No,10.4,442000,83000,1423000,10,786,1,0.75,1468000,669000,No,Semiurban,Personal,Approved
SLR103479,39,Male,Yes,0,Graduate,No,11.5,555000,73000,2835000,5,618,2,0.75,2794000,249000,No,Semiurban,Personal,Rejected
SLR103480,56,Male,Yes,3+,Not Graduate,No,24.5,951000,92000,876000,5,707,1,0.718,498000,981000,Yes,Urban,Business,Approved
SLR103481,56,Male,Yes,0,Not Graduate,No,14.4,336000,114000,701000,7,732,0,0.75,2666000,808000,Yes,Rural,Personal,Approved
SLR103482,32,Male,Yes,0,Not Graduate,No,10.0,449000,30000,1168000,10,682,3,0.75,2786000,275000,No,Urban,Home,Approved
SLR103483,56,Female,Yes,2,Not Graduate,No,24.2,535000,55000,360000,2,673,0,0.511,684000,340000,Yes,Rural,Personal,Approved
SLR103484,31,Male,Yes,0,Graduate,No,3.2,1285000,326000,987000,5,606,0,0.568,2401000,267000,No,Urban,Personal,Approved
SLR103485,39,Male,No,0,Graduate,No,12.0,953000,0,1277000,15,687,0,0.75,1736000,545000,Yes,Urban,Personal,Rejected
SLR103486,22,Male,Yes,0,Graduate,No,1.9,1319000,320000,1265000,5,569,1,0.659,2113000,56000,Yes,Semiurban,Business,Rejected
SLR103487,36,Male,Yes,2,Not Graduate,No,13.3,559000,270000,1921000,15,680,2,0.75,3275000,753000,No,Urban,Education,Approved
SLR103488,64,Male,No,1,Graduate,No,29.9,1209000,0,441000,3,695,1,0.352,1635000,112000,Yes,Rural,Home,Approved
SLR103489,40,Female,Yes,0,Graduate,No,8.7,1104000,95000,472000,15,746,2,0.444,3963000,210000,Yes,Urban,Home,Approved
SLR103490,52,Male,No,1,Graduate,No,32.6,807000,0,565000,10,602,1,0.712,512000,1894000,No,Rural,Vehicle,Rejected
SLR103491,25,Male,Yes,0,Graduate,No,6.7,843000,220000,315000,5,715,1,0.282,642000,273000,Yes,Rural,Vehicle,Approved
SLR103492,49,Male,No,3+,Not Graduate,No,18.8,397000,0,922000,2,733,2,0.75,1208000,474000,Yes,Semiurban,Medical,Approved
SLR103493,37,Female,Yes,0,Graduate,No,15.9,1503000,119000,1008000,15,688,3,0.57,698000,503000,Yes,Semiurban,Vehicle,Approved
SLR103494,54,Female,Yes,1,Not Graduate,No,21.1,481000,134000,936000,5,724,0,0.75,1764000,481000,No,Rural,Vehicle,Approved
SLR103495,62,Male,No,1,Graduate,No,22.1,748000,0,716000,5,710,4,0.75,1032000,257000,No,Semiurban,Home,Approved
SLR103496,44,Male,No,1,Graduate,Yes,19.6,798000,0,1250000,5,495,3,0.75,1068000,516000,No,Semiurban,Home,Rejected
SLR103497,25,Male,Yes,3+,Not Graduate,No,7.0,259000,69000,945000,5,621,0,0.75,1041000,342000,Yes,Semiurban,Personal,Rejected
SLR103498,42,Female,No,0,Not Graduate,Yes,16.4,535000,0,439000,7,851,1,0.525,1733000,90000,Yes,Urban,Medical,Approved
SLR103499,26,Female,Yes,2,Not Graduate,No,7.1,615000,106000,96000,7,739,0,0.261,1391000,143000,Yes,Urban,Vehicle,Approved
SLR103500,41,Female,No,1,Graduate,No,13.7,517000,0,524000,15,645,0,0.599,1945000,317000,Yes,Urban,Home,Approved
SLR103501,23,Male,No,1,Graduate,No,2.4,538000,0,667000,5,717,0,0.697,985000,548000,No,Semiurban,Vehicle,Rejected
SLR103502,49,Male,Yes,0,Not Graduate,No,25.8,1250000,39000,670000,10,743,1,0.447,265000,555000,No,Urban,Home,Approved
SLR103503,34,Male,No,0,Not Graduate,Yes,14.0,349000,0,579000,20,806,0,0.75,2721000,418000,Yes,Rural,Vehicle,Approved
SLR103504,30,Male,No,0,Not Graduate,No,3.9,274000,0,459000,2,661,2,0.75,693000,361000,Yes,Urban,Personal,Rejected
SLR103505,21,Male,No,0,Not Graduate,No,0.2,398000,0,375000,10,645,0,0.682,1800000,325000,Yes,Rural,Personal,Rejected
SLR103506,60,Male,Yes,3+,Graduate,No,34.9,828000,65000,332000,5,653,2,0.445,1395000,468000,No,Semiurban,Education,Approved
SLR103507,58,Male,No,2,Graduate,No,31.5,874000,0,862000,7,647,2,0.75,10235000,165000,Yes,Rural,Vehicle,Rejected
SLR103508,57,Female,No,0,Not Graduate,No,29.0,768000,0,1319000,3,645,2,0.75,125000,371000,Yes,Urban,Home,Rejected
SLR103509,23,Female,Yes,1,Graduate,No,3.7,908000,137000,288000,5,704,2,0.317,773000,732000,Yes,Rural,Personal,Approved
SLR103510,36,Female,No,2,Not Graduate,No,10.9,633000,0,625000,3,658,0,0.619,1959000,390000,Yes,Semiurban,Personal,Approved
SLR103511,64,Female,Yes,0,Graduate,No,35.0,414000,55000,1085000,5,685,3,0.75,330000,162000,Yes,Urban,Home,Rejected
SLR103512,47,Male,No,1,Not Graduate,No,15.3,327000,0,575000,2,830,1,0.75,1343000,160000,Yes,Semiurban,Personal,Approved
SLR103513,26,Male,No,2,Not Graduate,No,6.4,275000,0,1035000,20,618,2,0.75,309000,996000,Yes,Semiurban,Personal,Rejected
SLR103514,27,Male,Yes,0,Graduate,No,5.2,485000,116000,1310000,15,715,0,0.75,1385000,318000,Yes,Urban,Business,Rejected
SLR103515,32,Male,No,1,Not Graduate,No,10.7,849000,0,840000,10,605,3,0.739,1444000,112000,Yes,Semiurban,Personal,Rejected
SLR103516,64,Male,Yes,0,Graduate,No,22.5,627000,619000,471000,5,760,1,0.342,2646000,158000,Yes,Urban,Personal,Approved
SLR103517,28,Male,Yes,0,Graduate,No,8.6,557000,239000,1528000,20,774,0,0.75,1783000,92000,No,Semiurban,Personal,Approved
SLR103518,61,Female,Yes,2,Not Graduate,No,26.6,308000,146000,546000,20,625,2,0.75,584000,95000,Yes,Semiurban,Business,Rejected
SLR103519,51,Female,Yes,2,Graduate,No,24.6,2272000,56000,546000,15,638,3,0.296,1469000,444000,Yes,Urban,Medical,Rejected
SLR103520,62,Female,No,3+,Graduate,No,23.1,349000,0,908000,10,740,1,0.75,1857000,220000,Yes,Urban,Home,Approved
SLR103521,58,Female,Yes,0,Graduate,No,24.3,588000,99000,534000,5,669,2,0.56,615000,131000,Yes,Semiurban,Vehicle,Approved
SLR103522,35,Female,No,2,Not Graduate,Yes,10.9,955000,0,562000,15,796,4,0.548,3347000,942000,Yes,Urban,Vehicle,Rejected
SLR103523,58,Male,No,3+,Graduate,Yes,30.9,563000,0,510000,7,600,0,0.554,2313000,278000,Yes,Urban,Home,Approved
SLR103524,28,Female,No,1,Graduate,No,8.2,353000,0,578000,10,771,1,0.75,322000,357000,Yes,Rural,Home,Approved
SLR103525,34,Female,Yes,3+,Graduate,Yes,12.3,858000,158000,739000,5,858,3,0.5,1420000,632000,Yes,Semiurban,Vehicle,Approved
SLR103526,30,Female,No,3+,Graduate,No,8.0,263000,0,180000,2,719,0,0.377,550000,105000,Yes,Rural,Home,Approved
SLR103527,26,Male,Yes,2,Not Graduate,No,6.1,1434000,158000,610000,20,642,1,0.323,233000,125000,Yes,Semiurban,Home,Approved
SLR103528,25,Male,No,3+,Graduate,Yes,3.6,642000,0,206000,10,632,2,0.395,831000,356000,No,Urban,Vehicle,Approved
SLR103529,29,Female,Yes,1,Not Graduate,No,9.3,478000,51000,499000,10,678,4,0.643,991000,24000,Yes,Semiurban,Personal,Rejected
SLR103530,26,Male,No,1,Not Graduate,Yes,5.7,252000,0,810000,2,741,2,0.75,9432000,1779000,No,Urban,Personal,Rejected
SLR103531,38,Male,Yes,3+,Not Graduate,No,16.0,292000,167000,525000,7,578,2,0.75,851000,474000,Yes,Urban,Education,Rejected
SLR103532,24,Male,Yes,2,Not Graduate,No,3.7,534000,509000,1026000,5,667,0,0.723,1440000,318000,No,Urban,Medical,Rejected
SLR103533,23,Male,No,0,Graduate,No,2.6,1558000,0,815000,15,700,0,0.457,1826000,511000,No,Semiurban,Vehicle,Approved
SLR103534,65,Male,Yes,0,Not Graduate,No,34.7,625000,826000,160000,7,807,2,0.172,999000,590000,Yes,Urban,Home,Approved
SLR103535,24,Female,No,0,Graduate,No,0.6,666000,0,1416000,7,830,1,0.75,1769000,455000,Yes,Urban,Medical,Approved
SLR103536,24,Female,No,2,Graduate,Yes,3.5,680000,0,765000,5,680,2,0.75,726000,673000,Yes,Semiurban,Education,Rejected
SLR103537,22,Female,Yes,0,Graduate,No,2.1,2019000,123000,449000,7,607,2,0.258,514000,888000,Yes,Semiurban,Medical,Approved
SLR103538,26,Male,Yes,0,Not Graduate,No,4.5,431000,137000,479000,5,701,2,0.636,816000,1406000,Yes,Semiurban,Business,Approved
SLR103539,44,Male,Yes,1,Graduate,No,16.1,1301000,109000,168000,15,703,1,0.196,435000,179000,Yes,Rural,Business,Approved
SLR103540,58,Male,No,0,Graduate,No,19.3,442000,0,749000,15,779,2,0.75,2361000,129000,Yes,Rural,Home,Approved
SLR103541,54,Male,No,3+,Graduate,Yes,21.5,374000,0,993000,5,657,1,0.75,1285000,128000,Yes,Rural,Home,Approved
SLR103542,47,Male,Yes,1,Graduate,No,20.8,526000,119000,418000,7,616,2,0.669,879000,413000,Yes,Semiurban,Home,Rejected
SLR103543,24,Female,No,0,Not Graduate,No,3.5,525000,0,361000,20,689,1,0.499,2301000,80000,No,Urban,Personal,Approved
SLR103544,55,Female,Yes,0,Graduate,No,26.8,749000,247000,712000,5,664,0,0.569,796000,114000,No,Semiurban,Personal,Approved
SLR103545,22,Male,Yes,2,Not Graduate,No,5.0,153000,372000,1413000,10,663,1,0.75,92000,532000,Yes,Semiurban,Business,Approved
SLR103546,49,Male,No,1,Not Graduate,No,15.8,597000,0,1321000,3,625,3,0.75,838000,237000,Yes,Urban,Business,Approved
SLR103547,39,Male,No,1,Graduate,Yes,10.4,396000,0,1114000,7,596,2,0.75,2686000,311000,Yes,Semiurban,Personal,Rejected
SLR103548,60,Male,Yes,0,Graduate,No,24.5,369000,93000,2416000,5,736,3,0.75,3340000,1254000,Yes,Semiurban,Business,Approved
SLR103549,34,Male,Yes,3+,Graduate,No,14.5,270000,118000,1185000,5,710,1,0.75,449000,782000,Yes,Semiurban,Home,Rejected
SLR103550,49,Male,Yes,2,Graduate,No,25.9,450000,121000,1379000,5,630,0,0.75,797000,422000,Yes,Urban,Medical,Approved
SLR103551,40,Male,Yes,2,Graduate,No,6.9,414000,345000,688000,7,751,0,0.75,2606000,150000,Yes,Rural,Personal,Approved
SLR103552,44,Male,Yes,1,Graduate,No,19.0,435000,298000,519000,5,552,1,0.49,353000,298000,Yes,Urban,Home,Rejected
SLR103553,63,Female,No,3+,Not Graduate,No,33.9,223000,0,1359000,15,659,0,0.75,1022000,172000,Yes,Semiurban,Home,Rejected
SLR103554,53,Male,Yes,2,Graduate,Yes,20.1,581000,838000,344000,7,706,0,0.311,1787000,279000,Yes,Urban,Vehicle,Approved
SLR103555,39,Male,Yes,0,Graduate,No,15.4,356000,91000,856000,2,773,2,0.75,4763000,164000,Yes,Semiurban,Home,Rejected
SLR103556,41,Male,No,3+,Graduate,Yes,8.9,224000,0,438000,7,648,0,0.75,890000,367000,Yes,Semiurban,Personal,Rejected
SLR103557,52,Male,Yes,3+,Not Graduate,No,19.9,407000,50000,810000,3,774,2,0.75,380000,266000,Yes,Semiurban,Personal,Approved
SLR103558,36,Male,Yes,2,Graduate,No,16.4,359000,34000,774000,5,641,1,0.75,666000,163000,Yes,Semiurban,Business,Approved
SLR103559,28,Female,No,2,Graduate,No,8.3,563000,0,723000,3,752,1,0.75,11602000,125000,No,Semiurban,Home,Approved
SLR103560,42,Female,Yes,0,Graduate,No,15.6,404000,270000,643000,15,816,2,0.745,1783000,1245000,Yes,Semiurban,Medical,Rejected
SLR103561,24,Male,Yes,1,Not Graduate,No,3.6,248000,217000,919000,7,615,2,0.75,4035000,192000,Yes,Semiurban,Home,Approved
SLR103562,28,Male,Yes,0,Graduate,No,3.9,337000,59000,1020000,2,701,2,0.75,1332000,788000,Yes,Semiurban,Personal,Rejected
SLR103563,39,Male,Yes,1,Graduate,No,9.9,213000,130000,262000,7,731,1,0.609,658000,307000,Yes,Semiurban,Personal,Approved
SLR103564,56,Male,Yes,0,Graduate,No,16.1,1028000,229000,631000,5,597,0,0.443,514000,365000,Yes,Semiurban,Business,Approved
SLR103565,56,Male,Yes,0,Graduate,No,17.8,1123000,24000,495000,10,722,0,0.513,886000,369000,No,Semiurban,Medical,Approved
SLR103566,32,Female,Yes,3+,Not Graduate,No,8.5,1200000,495000,737000,20,648,2,0.489,2576000,267000,Yes,Urban,Home,Approved
SLR103567,39,Male,No,0,Graduate,No,11.9,398000,0,496000,5,627,2,0.75,414000,335000,Yes,Rural,Vehicle,Rejected
SLR103568,27,Male,Yes,2,Graduate,No,3.9,1123000,230000,1489000,5,658,0,0.666,2580000,524000,Yes,Urban,Vehicle,Rejected
SLR103569,54,Male,Yes,0,Graduate,No,18.6,688000,314000,622000,10,653,4,0.567,474000,121000,Yes,Urban,Education,Rejected
SLR103570,32,Male,Yes,0,Graduate,No,10.5,350000,23000,1234000,10,750,0,0.75,1024000,290000,Yes,Semiurban,Vehicle,Rejected
SLR103571,56,Female,No,0,Not Graduate,No,35.0,389000,0,350000,15,690,1,0.75,1275000,345000,Yes,Urban,Education,Approved
SLR103572,58,Male,Yes,0,Graduate,No,28.8,500000,328000,542000,10,863,2,0.541,2316000,570000,Yes,Semiurban,Education,Approved
SLR103573,52,Male,No,1,Not Graduate,Yes,13.7,582000,0,436000,5,650,2,0.698,1032000,242000,Yes,Semiurban,Vehicle,Approved
SLR103574,35,Male,Yes,0,Not Graduate,No,8.3,672000,217000,840000,15,726,0,0.641,2154000,286000,Yes,Rural,Business,Approved
SLR103575,63,Female,No,1,Graduate,No,29.1,549000,0,301000,5,679,1,0.398,1012000,629000,Yes,Urban,Business,Approved
SLR103576,51,Male,Yes,1,Graduate,No,15.3,454000,211000,214000,3,594,0,0.351,1902000,92000,No,Urban,Business,Rejected
SLR103577,50,Male,Yes,0,Graduate,No,23.3,1157000,98000,433000,20,809,1,0.39,1314000,827000,Yes,Urban,Medical,Approved
SLR103578,59,Male,Yes,0,Graduate,No,30.5,517000,190000,936000,10,699,0,0.706,1599000,170000,Yes,Urban,Vehicle,Approved
SLR103579,60,Male,Yes,0,Not Graduate,No,29.5,501000,32000,384000,5,631,1,0.541,1579000,784000,No,Urban,Education,Rejected
SLR103580,24,Female,No,0,Graduate,Yes,0.0,488000,0,772000,5,720,0,0.75,1224000,920000,Yes,Rural,Home,Rejected
SLR103581,60,Male,No,0,Graduate,No,32.8,517000,0,427000,3,768,0,0.631,3826000,254000,Yes,Semiurban,Home,Approved
SLR103582,55,Male,No,2,Not Graduate,No,22.2,260000,0,208000,7,626,2,0.508,2287000,751000,Yes,Urban,Business,Approved
SLR103583,30,Male,Yes,2,Graduate,No,8.7,317000,304000,1131000,15,694,2,0.75,1565000,252000,No,Semiurban,Medical,Rejected
SLR103584,34,Male,No,2,Not Graduate,No,7.5,2112000,0,991000,10,768,1,0.51,822000,189000,No,Semiurban,Personal,Approved
SLR103585,54,Male,Yes,2,Graduate,No,17.7,222000,135000,633000,15,702,0,0.75,11826000,461000,Yes,Semiurban,Business,Approved
SLR103586,30,Female,No,1,Graduate,No,6.4,639000,0,668000,10,732,2,0.75,5363000,682000,Yes,Urban,Personal,Approved
SLR103587,41,Male,No,0,Graduate,Yes,10.3,664000,0,568000,2,670,2,0.75,547000,157000,No,Semiurban,Business,Rejected
SLR103588,52,Male,Yes,0,Graduate,No,22.5,960000,365000,332000,7,572,3,0.4,2317000,84000,Yes,Rural,Business,Rejected
SLR103589,50,Male,No,1,Not Graduate,No,22.1,673000,0,1519000,2,671,2,0.75,4135000,399000,No,Rural,Personal,Approved
SLR103590,61,Female,Yes,0,Graduate,No,27.4,1556000,236000,609000,3,648,2,0.404,2105000,1265000,Yes,Semiurban,Vehicle,Approved
SLR103591,26,Male,Yes,0,Not Graduate,Yes,4.8,627000,87000,822000,5,682,3,0.75,1341000,334000,Yes,Urban,Business,Approved
SLR103592,34,Male,Yes,3+,Not Graduate,No,8.8,1154000,158000,470000,15,649,3,0.367,777000,958000,Yes,Urban,Education,Approved
SLR103593,65,Male,No,0,Graduate,No,31.6,974000,0,867000,5,703,3,0.622,2067000,821000,No,Semiurban,Medical,Approved
SLR103594,46,Male,Yes,0,Not Graduate,No,18.7,1284000,77000,1368000,7,664,1,0.75,598000,697000,Yes,Urban,Vehicle,Approved
SLR103595,32,Female,Yes,3+,Graduate,No,4.9,558000,133000,724000,15,751,2,0.75,961000,300000,No,Rural,Vehicle,Approved
SLR103596,34,Male,No,0,Graduate,No,11.4,685000,0,822000,10,736,0,0.596,845000,203000,No,Semiurban,Home,Approved
SLR103597,36,Male,Yes,0,Not Graduate,No,5.2,449000,100000,1150000,3,621,3,0.75,2144000,383000,Yes,Semiurban,Vehicle,Rejected
SLR103598,45,Male,No,0,Graduate,No,20.6,601000,0,1029000,7,784,2,0.75,4610000,136000,Yes,Semiurban,Business,Approved
SLR103599,33,Male,Yes,0,Not Graduate,No,4.8,619000,202000,1281000,15,636,1,0.75,877000,670000,No,Urban,Home,Rejected
SLR103600,48,Male,Yes,3+,Graduate,Yes,17.8,175000,444000,801000,7,606,2,0.75,957000,250000,Yes,Semiurban,Vehicle,Approved
SLR103601,41,Male,No,2,Graduate,Yes,20.1,508000,0,800000,5,769,4,0.75,4328000,303000,Yes,Urban,Home,Rejected
SLR103602,48,Male,Yes,1,Graduate,No,16.9,897000,52000,759000,10,646,0,0.454,836000,295000,Yes,Urban,Education,Approved
SLR103603,27,Female,No,0,Graduate,No,0.1,262000,0,1140000,7,697,2,0.75,107000,184000,Yes,Semiurban,Vehicle,Rejected
SLR103604,49,Female,Yes,0,Graduate,No,14.7,320000,115000,491000,7,593,1,0.625,7183000,223000,No,Semiurban,Medical,Approved
SLR103605,62,Male,No,1,Graduate,No,35.0,1038000,0,918000,3,663,4,0.75,3347000,465000,No,Urban,Medical,Approved
SLR103606,27,Female,Yes,0,Graduate,No,3.7,1151000,111000,2894000,20,681,1,0.75,2790000,138000,Yes,Urban,Education,Approved
SLR103607,35,Female,No,0,Not Graduate,No,11.3,391000,0,821000,20,661,1,0.75,1895000,143000,Yes,Urban,Personal,Rejected
SLR103608,52,Male,Yes,2,Graduate,Yes,16.7,605000,201000,299000,5,651,0,0.376,1259000,172000,Yes,Rural,Education,Approved
SLR103609,48,Male,Yes,2,Graduate,No,15.7,527000,32000,538000,5,693,0,0.613,252000,362000,Yes,Rural,Personal,Approved
SLR103610,51,Male,Yes,3+,Graduate,No,13.3,1051000,137000,973000,5,764,1,0.75,1113000,94000,Yes,Urban,Personal,Approved
SLR103611,46,Male,Yes,2,Graduate,No,21.0,410000,49000,420000,10,619,2,0.635,1090000,193000,No,Rural,Vehicle,Rejected
SLR103612,51,Male,Yes,1,Graduate,No,15.6,447000,84000,344000,5,500,3,0.437,1200000,54000,Yes,Semiurban,Personal,Rejected
SLR103613,48,Male,Yes,2,Graduate,No,27.9,1150000,95000,265000,10,783,0,0.227,2269000,95000,Yes,Urban,Home,Approved
SLR103614,24,Female,Yes,3+,Graduate,No,3.4,317000,238000,568000,20,641,6,0.75,5248000,246000,No,Urban,Home,Rejected
SLR103615,54,Male,No,0,Graduate,Yes,28.7,418000,0,1853000,5,647,2,0.75,1261000,441000,Yes,Urban,Business,Rejected
SLR103616,41,Female,Yes,0,Graduate,No,14.4,592000,90000,460000,5,649,0,0.536,1121000,370000,No,Semiurban,Vehicle,Approved
SLR103617,23,Male,Yes,0,Graduate,No,2.0,1272000,703000,1149000,3,590,2,0.621,5227000,339000,Yes,Semiurban,Home,Rejected
SLR103618,39,Male,Yes,3+,Graduate,No,8.0,285000,64000,542000,5,660,1,0.75,660000,218000,Yes,Semiurban,Personal,Rejected
SLR103619,40,Female,Yes,3+,Graduate,No,14.7,372000,165000,505000,15,669,3,0.75,1311000,889000,Yes,Urban,Personal,Rejected
SLR103620,24,Male,No,2,Not Graduate,No,4.7,762000,0,910000,2,723,0,0.63,1384000,236000,Yes,Urban,Home,Approved
SLR103621,65,Male,No,0,Graduate,No,28.3,829000,0,240000,10,649,1,0.285,661000,107000,No,Semiurban,Education,Approved
SLR103622,31,Male,Yes,3+,Graduate,No,11.8,618000,64000,1924000,7,507,0,0.75,993000,1043000,Yes,Semiurban,Personal,Rejected
SLR103623,35,Male,No,0,Graduate,No,9.7,516000,0,922000,5,590,1,0.75,1004000,170000,No,Urban,Medical,Rejected
SLR103624,40,Male,Yes,0,Graduate,No,13.9,591000,216000,1287000,5,774,2,0.75,2712000,275000,Yes,Rural,Vehicle,Approved
SLR103625,58,Male,No,1,Not Graduate,No,25.5,240000,0,550000,15,627,1,0.75,1039000,754000,Yes,Semiurban,Personal,Rejected
SLR103626,54,Male,Yes,2,Not Graduate,No,19.8,582000,126000,898000,15,731,1,0.75,1066000,204000,Yes,Urban,Personal,Approved
SLR103627,55,Male,Yes,3+,Not Graduate,No,17.5,1243000,46000,1192000,2,636,1,0.619,2066000,843000,No,Semiurban,Home,Approved
SLR103628,31,Male,Yes,0,Graduate,No,11.7,266000,132000,613000,7,751,2,0.75,871000,381000,No,Urban,Personal,Approved
SLR103629,59,Male,Yes,0,Graduate,Yes,25.0,357000,441000,368000,7,697,1,0.452,596000,521000,No,Urban,Personal,Rejected
SLR103630,58,Male,No,1,Graduate,No,28.4,442000,0,352000,2,581,0,0.605,14703000,418000,Yes,Rural,Education,Approved
SLR103631,41,Male,Yes,0,Not Graduate,Yes,11.0,458000,102000,494000,5,602,1,0.75,1287000,283000,Yes,Urban,Home,Approved
SLR103632,45,Male,Yes,2,Graduate,No,17.0,1514000,137000,753000,5,578,2,0.443,1657000,1209000,Yes,Urban,Personal,Rejected
SLR103633,22,Female,Yes,0,Graduate,No,1.0,329000,313000,585000,15,758,0,0.75,1061000,637000,Yes,Urban,Vehicle,Approved
SLR103634,55,Male,No,0,Graduate,No,24.9,295000,0,473000,7,596,2,0.75,349000,86000,No,Semiurban,Medical,Rejected
SLR103635,64,Male,No,0,Not Graduate,No,30.6,841000,0,1010000,15,662,0,0.75,849000,241000,Yes,Rural,Home,Approved
SLR103636,42,Male,No,2,Graduate,No,16.6,385000,0,482000,20,684,2,0.75,495000,649000,Yes,Urban,Home,Rejected
SLR103637,45,Female,No,2,Graduate,No,10.4,848000,0,441000,7,707,1,0.4,2207000,52000,Yes,Semiurban,Business,Approved
SLR103638,43,Male,No,0,Not Graduate,No,15.4,494000,0,1197000,7,655,2,0.75,1966000,179000,Yes,Urban,Vehicle,Rejected
SLR103639,24,Male,Yes,0,Graduate,No,3.2,708000,122000,930000,20,572,1,0.75,2279000,817000,Yes,Rural,Personal,Rejected
SLR103640,48,Male,Yes,3+,Not Graduate,No,21.8,232000,287000,293000,5,599,0,0.294,558000,448000,Yes,Rural,Home,Approved
SLR103641,53,Male,Yes,1,Graduate,No,8.7,707000,171000,274000,2,611,0,0.281,224000,228000,Yes,Semiurban,Home,Approved
SLR103642,62,Male,Yes,0,Not Graduate,Yes,24.0,620000,309000,316000,7,491,3,0.437,175000,616000,Yes,Urban,Personal,Rejected
SLR103643,62,Male,No,0,Not Graduate,Yes,19.3,478000,0,637000,7,722,1,0.75,1937000,1984000,Yes,Urban,Business,Rejected
SLR103644,43,Male,Yes,3+,Graduate,No,14.2,279000,173000,1398000,20,728,0,0.75,946000,165000,Yes,Urban,Home,Approved
SLR103645,64,Male,Yes,2,Not Graduate,Yes,25.0,620000,13000,1665000,7,610,0,0.75,428000,131000,Yes,Semiurban,Business,Rejected
SLR103646,44,Male,No,0,Graduate,No,11.8,819000,0,1059000,7,788,1,0.75,2215000,1385000,Yes,Urban,Home,Approved
SLR103647,49,Female,Yes,0,Graduate,Yes,24.6,411000,339000,2254000,7,682,0,0.75,2954000,784000,Yes,Urban,Vehicle,Rejected
SLR103648,48,Male,Yes,0,Graduate,Yes,17.9,415000,101000,741000,7,754,2,0.75,1280000,278000,No,Urban,Home,Approved
SLR103649,65,Female,Yes,0,Graduate,No,28.9,851000,21000,1337000,15,748,1,0.75,799000,366000,Yes,Semiurban,Home,Approved
SLR103650,54,Female,No,0,Graduate,No,28.0,1409000,0,448000,10,680,0,0.277,1103000,688000,Yes,Rural,Home,Approved
SLR103651,26,Female,Yes,0,Graduate,No,1.7,922000,320000,236000,15,538,0,0.235,3869000,689000,No,Semiurban,Education,Rejected
SLR103652,24,Female,Yes,0,Not Graduate,No,0.4,624000,183000,532000,5,705,1,0.748,3493000,727000,Yes,Semiurban,Vehicle,Rejected
SLR103653,39,Male,Yes,0,Not Graduate,No,8.9,481000,575000,599000,15,729,1,0.585,1100000,182000,Yes,Urban,Medical,Approved
SLR103654,44,Male,No,1,Graduate,No,11.1,542000,0,3488000,20,641,1,0.75,1525000,283000,Yes,Urban,Business,Rejected
SLR103655,51,Male,Yes,1,Graduate,No,20.5,265000,665000,650000,20,702,0,0.368,80846000,1661000,Yes,Urban,Medical,Approved
SLR103656,42,Male,Yes,2,Graduate,No,9.5,505000,26000,335000,20,688,2,0.416,9045000,590000,No,Urban,Home,Approved
SLR103657,44,Male,No,0,Graduate,No,16.9,1018000,0,1217000,10,619,0,0.75,1407000,1332000,Yes,Urban,Vehicle,Approved
SLR103658,62,Male,No,3+,Not Graduate,No,28.5,562000,0,397000,10,683,2,0.658,4892000,410000,Yes,Semiurban,Personal,Rejected
SLR103659,36,Male,Yes,3+,Not Graduate,Yes,15.0,390000,236000,714000,3,652,3,0.75,1909000,233000,Yes,Urban,Home,Rejected
SLR103660,43,Female,Yes,3+,Graduate,Yes,11.9,371000,50000,1150000,5,718,2,0.75,5132000,164000,No,Semiurban,Vehicle,Approved
SLR103661,46,Male,Yes,0,Graduate,No,18.6,540000,293000,355000,15,646,0,0.399,711000,251000,No,Semiurban,Home,Rejected
SLR103662,42,Male,No,0,Graduate,No,15.8,279000,0,1743000,5,637,1,0.75,2635000,931000,Yes,Urban,Education,Rejected
SLR103663,64,Male,Yes,1,Graduate,Yes,35.0,334000,151000,1352000,10,567,1,0.75,3398000,381000,Yes,Rural,Personal,Rejected
SLR103664,64,Male,No,0,Graduate,No,21.1,1278000,0,818000,10,855,1,0.415,1331000,109000,No,Urban,Vehicle,Approved
SLR103665,44,Female,No,0,Graduate,No,7.2,311000,0,2030000,10,656,1,0.75,925000,160000,Yes,Urban,Home,Rejected
SLR103666,41,Male,Yes,0,Graduate,No,17.3,354000,212000,507000,5,605,0,0.75,1665000,2274000,Yes,Rural,Education,Rejected
SLR103667,47,Male,Yes,1,Graduate,No,17.5,646000,87000,1089000,15,735,0,0.75,401000,179000,Yes,Urban,Personal,Approved
SLR103668,29,Male,No,2,Not Graduate,No,5.5,431000,0,779000,5,704,1,0.75,954000,433000,Yes,Semiurban,Personal,Approved
SLR103669,40,Male,No,0,Not Graduate,No,14.7,577000,0,429000,15,731,2,0.514,828000,715000,Yes,Semiurban,Personal,Approved
SLR103670,30,Male,No,3+,Graduate,No,3.3,884000,0,438000,2,739,0,0.405,2934000,273000,No,Urban,Personal,Approved
SLR103671,27,Female,Yes,2,Graduate,No,6.8,235000,374000,2434000,15,772,1,0.75,2162000,52000,No,Urban,Home,Approved
SLR103672,25,Male,No,0,Not Graduate,No,3.4,833000,0,1294000,10,610,3,0.75,2432000,131000,Yes,Urban,Business,Approved
SLR103673,47,Male,No,0,Graduate,No,19.4,399000,0,1159000,20,701,2,0.75,3925000,164000,Yes,Semiurban,Home,Rejected
SLR103674,21,Male,No,0,Not Graduate,No,0.0,470000,0,433000,3,572,0,0.75,498000,112000,Yes,Semiurban,Medical,Rejected
SLR103675,50,Male,Yes,3+,Graduate,No,22.2,1583000,75000,1030000,15,667,0,0.532,5835000,1096000,Yes,Semiurban,Vehicle,Approved
SLR103676,40,Female,Yes,2,Not Graduate,No,9.7,254000,75000,512000,5,740,2,0.75,3101000,664000,Yes,Semiurban,Home,Approved
SLR103677,37,Male,Yes,2,Graduate,No,15.0,761000,382000,1960000,5,623,1,0.75,395000,944000,Yes,Urban,Personal,Approved
SLR103678,55,Male,No,2,Not Graduate,No,32.6,1023000,0,1430000,5,857,3,0.75,2742000,171000,Yes,Semiurban,Home,Approved
SLR103679,45,Male,No,0,Graduate,No,26.6,378000,0,1181000,10,691,0,0.75,2270000,289000,No,Semiurban,Medical,Rejected
SLR103680,54,Male,Yes,3+,Not Graduate,No,19.3,381000,122000,1106000,20,554,2,0.75,1973000,794000,No,Semiurban,Personal,Rejected
SLR103681,52,Male,Yes,3+,Graduate,No,24.3,449000,98000,614000,10,743,0,0.75,590000,85000,Yes,Semiurban,Education,Approved
SLR103682,22,Male,Yes,2,Graduate,Yes,3.3,376000,40000,892000,5,857,2,0.75,1349000,1528000,Yes,Rural,Business,Approved
SLR103683,30,Female,Yes,1,Not Graduate,No,9.8,570000,28000,1770000,7,522,1,0.75,2480000,881000,Yes,Urban,Home,Rejected
SLR103684,46,Male,No,0,Graduate,No,22.1,899000,0,880000,5,744,0,0.75,1417000,489000,Yes,Semiurban,Business,Approved
SLR103685,64,Male,Yes,0,Graduate,No,34.9,450000,104000,376000,3,616,1,0.528,417000,213000,Yes,Semiurban,Medical,Approved
SLR103686,27,Female,Yes,0,Graduate,Yes,11.2,917000,64000,1470000,15,686,3,0.75,990000,121000,Yes,Urban,Vehicle,Approved
SLR103687,25,Male,No,1,Not Graduate,No,3.9,1189000,0,418000,3,592,1,0.336,1886000,599000,No,Semiurban,Personal,Approved
SLR103688,63,Male,Yes,2,Not Graduate,Yes,29.6,697000,626000,638000,10,754,4,0.485,1163000,1183000,No,Rural,Personal,Approved
SLR103689,64,Male,Yes,3+,Graduate,No,31.6,734000,430000,478000,7,666,1,0.429,7457000,471000,Yes,Semiurban,Business,Approved
SLR103690,28,Male,Yes,0,Not Graduate,No,6.2,397000,128000,119000,3,777,1,0.305,2701000,585000,Yes,Urban,Home,Approved
SLR103691,39,Female,Yes,0,Not Graduate,No,14.4,130000,132000,728000,5,613,2,0.75,2609000,598000,No,Urban,Home,Rejected
SLR103692,49,Male,Yes,0,Graduate,No,18.2,759000,210000,2669000,3,675,0,0.75,1618000,404000,Yes,Urban,Personal,Rejected
SLR103693,29,Male,No,3+,Graduate,No,9.5,852000,0,800000,10,516,2,0.709,928000,523000,Yes,Rural,Personal,Rejected
SLR103694,35,Male,Yes,2,Graduate,Yes,15.8,628000,211000,4461000,10,885,1,0.75,6356000,1193000,No,Semiurban,Education,Approved
SLR103695,38,Male,No,1,Graduate,No,16.8,907000,0,588000,15,834,1,0.598,990000,554000,Yes,Urban,Personal,Approved
SLR103696,49,Male,Yes,1,Graduate,No,22.8,407000,136000,751000,5,853,2,0.75,1477000,391000,No,Semiurban,Education,Approved
SLR103697,34,Female,Yes,1,Graduate,No,11.2,732000,75000,607000,5,805,0,0.604,1286000,185000,No,Rural,Home,Approved
SLR103698,39,Male,Yes,0,Not Graduate,No,13.4,1236000,167000,676000,7,646,0,0.359,400000,680000,Yes,Semiurban,Personal,Rejected
SLR103699,34,Male,Yes,0,Graduate,No,10.0,793000,20000,827000,15,687,0,0.736,2069000,375000,No,Urban,Personal,Approved
SLR103700,55,Female,Yes,0,Graduate,No,26.9,1151000,154000,1735000,7,712,2,0.746,3342000,380000,No,Rural,Vehicle,Approved
SLR103701,27,Male,No,0,Graduate,No,2.1,1155000,0,377000,20,718,1,0.382,830000,548000,Yes,Urban,Home,Rejected
SLR103702,31,Male,Yes,1,Graduate,No,7.6,281000,154000,654000,3,608,2,0.75,1066000,358000,Yes,Urban,Personal,Rejected
SLR103703,32,Male,No,0,Not Graduate,No,15.4,817000,0,970000,10,604,1,0.75,664000,477000,Yes,Rural,Vehicle,Rejected
SLR103704,61,Male,Yes,2,Graduate,Yes,35.0,389000,346000,1494000,10,590,1,0.75,6995000,409000,Yes,Semiurban,Home,Rejected
SLR103705,63,Male,Yes,1,Not Graduate,No,29.4,299000,134000,160000,5,658,3,0.548,2054000,265000,No,Rural,Home,Rejected
SLR103706,43,Male,Yes,1,Graduate,No,13.6,470000,125000,262000,5,666,1,0.437,4553000,712000,No,Semiurban,Business,Rejected
SLR103707,28,Male,Yes,3+,Graduate,No,3.5,1443000,172000,667000,7,656,1,0.428,961000,44000,Yes,Semiurban,Business,Rejected
SLR103708,55,Male,No,0,Graduate,No,16.9,408000,0,1345000,5,709,1,0.75,2299000,561000,Yes,Urban,Personal,Approved
SLR103709,43,Male,No,1,Graduate,No,10.5,209000,0,476000,5,586,0,0.75,341000,155000,No,Urban,Home,Rejected
SLR103710,59,Female,Yes,0,Graduate,No,17.3,248000,217000,1004000,10,626,2,0.75,813000,879000,Yes,Urban,Personal,Rejected
SLR103711,37,Male,Yes,2,Graduate,No,17.2,716000,80000,2351000,3,633,0,0.75,8686000,81000,Yes,Urban,Business,Rejected
SLR103712,65,Female,No,1,Graduate,Yes,35.0,362000,0,654000,10,751,1,0.75,2018000,229000,Yes,Urban,Medical,Approved
SLR103713,57,Male,Yes,0,Graduate,No,30.6,179000,89000,560000,7,705,1,0.75,1040000,483000,Yes,Rural,Business,Approved
SLR103714,31,Male,Yes,0,Graduate,No,10.3,254000,110000,883000,5,715,1,0.75,267000,313000,Yes,Semiurban,Medical,Rejected
SLR103715,53,Male,Yes,2,Graduate,No,24.6,603000,50000,731000,10,620,0,0.75,1647000,198000,Yes,Semiurban,Business,Rejected
SLR103716,33,Male,Yes,1,Not Graduate,No,12.6,844000,83000,767000,5,693,0,0.75,958000,842000,No,Urban,Business,Approved
SLR103717,36,Male,No,1,Graduate,No,4.5,430000,0,578000,3,632,2,0.75,3001000,122000,Yes,Semiurban,Personal,Approved
SLR103718,32,Male,Yes,1,Not Graduate,No,10.3,786000,102000,550000,10,634,0,0.621,378000,379000,Yes,Urban,Education,Approved
SLR103719,51,Male,Yes,1,Not Graduate,No,24.7,910000,103000,338000,5,718,0,0.272,3118000,212000,No,Urban,Business,Approved
SLR103720,32,Male,No,1,Graduate,No,10.5,357000,0,968000,5,641,1,0.75,931000,646000,Yes,Rural,Business,Rejected
SLR103721,49,Male,Yes,0,Graduate,No,19.6,515000,123000,331000,7,682,3,0.526,551000,220000,Yes,Urban,Vehicle,Rejected
SLR103722,47,Male,No,1,Graduate,Yes,20.3,395000,0,382000,7,670,1,0.75,1653000,352000,Yes,Urban,Vehicle,Approved
SLR103723,54,Male,Yes,1,Graduate,No,20.3,740000,146000,298000,10,602,1,0.403,7184000,275000,Yes,Urban,Education,Rejected
SLR103724,65,Male,Yes,2,Not Graduate,No,24.0,393000,103000,526000,7,647,0,0.75,2682000,333000,Yes,Urban,Home,Approved
SLR103725,21,Male,Yes,1,Not Graduate,No,0.0,282000,207000,661000,7,648,0,0.75,1849000,395000,Yes,Semiurban,Personal,Rejected
SLR103726,65,Male,Yes,1,Graduate,Yes,26.4,566000,13000,318000,7,661,4,0.44,863000,362000,Yes,Rural,Personal,Rejected
SLR103727,25,Male,Yes,3+,Graduate,No,1.2,1013000,90000,547000,20,555,1,0.527,5012000,334000,Yes,Semiurban,Medical,Rejected
SLR103728,44,Male,No,3+,Graduate,No,8.5,728000,0,722000,3,635,0,0.75,1914000,200000,Yes,Urban,Education,Rejected
SLR103729,36,Male,No,0,Graduate,Yes,10.2,957000,0,234000,10,758,1,0.241,237000,422000,No,Urban,Medical,Approved
SLR103730,49,Male,No,3+,Graduate,No,21.4,912000,0,397000,2,723,3,0.413,2778000,136000,Yes,Urban,Business,Rejected
SLR103731,53,Female,Yes,0,Graduate,No,22.5,563000,186000,2101000,5,660,1,0.75,1736000,472000,Yes,Semiurban,Home,Rejected
SLR103732,59,Male,No,2,Graduate,Yes,30.9,396000,0,410000,15,602,0,0.75,1253000,346000,Yes,Semiurban,Education,Rejected
SLR103733,39,Female,Yes,0,Graduate,No,10.8,341000,40000,1030000,5,698,1,0.75,4271000,58000,No,Rural,Personal,Approved
SLR103734,62,Male,No,0,Graduate,No,35.0,230000,0,467000,2,763,1,0.75,718000,408000,No,Semiurban,Home,Approved
SLR103735,35,Male,No,3+,Graduate,No,10.9,1058000,0,740000,7,804,3,0.66,868000,1362000,Yes,Urban,Home,Approved
SLR103736,30,Male,Yes,0,Graduate,No,3.5,459000,176000,387000,7,651,1,0.567,1188000,324000,Yes,Urban,Vehicle,Approved
SLR103737,38,Male,Yes,2,Graduate,No,13.8,215000,83000,189000,20,610,1,0.54,2019000,404000,Yes,Semiurban,Business,Approved
SLR103738,44,Male,No,1,Graduate,No,14.4,1084000,0,488000,20,726,1,0.414,804000,198000,No,Urban,Education,Approved
SLR103739,51,Female,No,0,Graduate,No,21.8,579000,0,866000,5,717,3,0.75,568000,2337000,Yes,Semiurban,Education,Approved
SLR103740,58,Male,Yes,3+,Not Graduate,No,28.7,937000,111000,1010000,15,691,3,0.696,1158000,2108000,No,Rural,Business,Approved
SLR103741,31,Male,No,1,Graduate,No,7.5,476000,0,713000,7,642,0,0.75,883000,1402000,Yes,Rural,Personal,Rejected
SLR103742,34,Male,Yes,3+,Graduate,No,10.8,356000,37000,392000,7,592,2,0.75,6124000,1877000,Yes,Semiurban,Business,Rejected
SLR103743,63,Male,Yes,2,Graduate,No,20.7,703000,139000,1182000,3,741,2,0.75,218000,173000,Yes,Semiurban,Home,Approved
SLR103744,40,Female,No,0,Graduate,No,12.7,736000,0,407000,15,757,1,0.561,3063000,127000,Yes,Urban,Education,Approved
SLR103745,31,Male,No,0,Graduate,No,5.0,472000,0,423000,10,663,1,0.688,219000,3387000,Yes,Urban,Personal,Approved
SLR103746,65,Male,Yes,0,Not Graduate,No,35.0,1133000,38000,344000,20,818,2,0.376,1283000,308000,Yes,Urban,Home,Approved
SLR103747,41,Female,Yes,1,Not Graduate,No,13.9,925000,108000,494000,15,708,2,0.429,520000,180000,Yes,Semiurban,Vehicle,Approved
SLR103748,65,Female,Yes,0,Graduate,No,22.9,750000,207000,536000,7,677,1,0.497,341000,507000,Yes,Urban,Business,Approved
SLR103749,62,Male,Yes,0,Graduate,No,31.4,299000,108000,787000,15,601,3,0.75,4518000,143000,Yes,Urban,Business,Rejected
SLR103750,61,Male,Yes,2,Not Graduate,Yes,27.0,276000,156000,270000,5,562,2,0.431,2646000,432000,Yes,Rural,Personal,Rejected
SLR103751,47,Female,Yes,0,Graduate,No,11.6,1064000,85000,482000,15,652,0,0.356,1452000,181000,Yes,Urban,Education,Approved
SLR103752,56,Male,No,2,Graduate,Yes,24.4,165000,0,386000,3,718,0,0.75,1544000,722000,Yes,Semiurban,Vehicle,Approved
SLR103753,64,Male,Yes,1,Not Graduate,No,29.4,523000,71000,858000,5,865,2,0.75,690000,174000,Yes,Urban,Personal,Approved
SLR103754,33,Male,Yes,0,Graduate,No,8.3,596000,196000,791000,15,695,0,0.75,907000,136000,Yes,Urban,Vehicle,Approved
SLR103755,22,Female,Yes,0,Graduate,No,0.3,420000,206000,333000,2,734,0,0.413,738000,165000,Yes,Semiurban,Business,Approved
SLR103756,35,Female,Yes,0,Graduate,No,12.1,539000,77000,895000,15,628,1,0.75,856000,458000,Yes,Urban,Business,Approved
SLR103757,49,Male,Yes,1,Graduate,No,22.1,693000,220000,628000,2,706,2,0.611,1134000,214000,Yes,Urban,Home,Approved
SLR103758,45,Male,Yes,0,Not Graduate,Yes,18.8,398000,38000,1088000,10,696,1,0.75,4547000,707000,No,Semiurban,Home,Rejected
SLR103759,24,Male,Yes,2,Graduate,No,5.3,893000,105000,427000,10,619,4,0.474,2341000,341000,Yes,Urban,Home,Rejected
SLR103760,46,Male,Yes,2,Graduate,No,18.3,758000,41000,954000,2,790,4,0.75,1816000,572000,Yes,Urban,Business,Approved
SLR103761,28,Female,Yes,0,Graduate,No,9.2,498000,49000,1140000,15,680,2,0.75,562000,164000,Yes,Semiurban,Personal,Rejected
SLR103762,43,Male,No,3+,Graduate,No,14.6,349000,0,680000,3,773,3,0.75,2053000,307000,Yes,Urban,Medical,Approved
SLR103763,46,Male,Yes,3+,Graduate,No,18.3,523000,71000,2542000,15,691,1,0.75,146000,342000,Yes,Semiurban,Medical,Rejected
SLR103764,49,Male,Yes,0,Graduate,No,20.2,1756000,197000,895000,20,665,3,0.455,736000,183000,Yes,Urban,Business,Rejected
SLR103765,39,Male,Yes,3+,Graduate,No,7.0,363000,113000,2044000,10,631,0,0.75,452000,235000,No,Urban,Education,Rejected
SLR103766,39,Female,Yes,0,Graduate,No,17.9,1276000,75000,3348000,20,664,0,0.75,982000,482000,No,Urban,Business,Approved
SLR103767,51,Male,Yes,1,Not Graduate,No,18.5,209000,104000,219000,10,800,2,0.75,1059000,90000,Yes,Semiurban,Medical,Approved
SLR103768,54,Female,No,0,Graduate,No,30.1,343000,0,1374000,20,623,2,0.75,928000,245000,Yes,Urban,Personal,Rejected
SLR103769,57,Male,Yes,2,Not Graduate,No,25.0,408000,190000,909000,15,740,2,0.75,1349000,317000,Yes,Rural,Personal,Rejected
SLR103770,36,Male,Yes,2,Graduate,Yes,10.2,927000,20000,761000,10,667,2,0.569,1570000,124000,Yes,Semiurban,Home,Approved
SLR103771,40,Male,Yes,3+,Graduate,No,13.5,567000,68000,423000,20,734,3,0.703,4577000,67000,Yes,Urban,Home,Approved
SLR103772,35,Male,Yes,3+,Not Graduate,No,10.7,1131000,113000,364000,7,706,0,0.319,662000,328000,Yes,Urban,Vehicle,Approved
SLR103773,44,Male,No,0,Not Graduate,No,16.9,458000,0,328000,7,590,2,0.607,648000,157000,Yes,Semiurban,Personal,Rejected
SLR103774,26,Male,Yes,1,Graduate,No,9.9,534000,145000,2758000,15,702,2,0.75,1244000,89000,Yes,Semiurban,Home,Rejected
SLR103775,40,Male,Yes,0,Graduate,No,12.8,459000,115000,892000,10,852,2,0.75,1801000,179000,Yes,Rural,Education,Approved
SLR103776,29,Female,Yes,0,Not Graduate,No,11.1,1676000,385000,269000,5,713,0,0.196,1418000,427000,Yes,Urban,Personal,Approved
SLR103777,44,Male,Yes,0,Graduate,No,16.5,297000,601000,328000,5,760,0,0.363,7096000,479000,No,Semiurban,Home,Approved
SLR103778,59,Male,Yes,3+,Graduate,No,30.7,416000,121000,174000,10,712,1,0.286,2937000,288000,Yes,Semiurban,Business,Approved
SLR103779,65,Female,Yes,2,Graduate,No,35.0,321000,111000,1410000,2,749,1,0.75,4719000,864000,Yes,Urban,Home,Approved
SLR103780,41,Male,Yes,0,Not Graduate,Yes,7.8,754000,106000,669000,7,636,1,0.577,2060000,597000,Yes,Urban,Home,Approved
SLR103781,23,Female,Yes,3+,Graduate,No,2.8,294000,74000,905000,5,681,0,0.75,1478000,132000,Yes,Rural,Education,Rejected
SLR103782,31,Male,Yes,2,Graduate,Yes,11.1,1498000,162000,651000,5,756,2,0.446,140000,216000,Yes,Semiurban,Home,Approved
SLR103783,25,Male,Yes,0,Not Graduate,No,3.7,575000,332000,1204000,15,664,3,0.75,1429000,64000,Yes,Rural,Education,Rejected
SLR103784,55,Male,Yes,1,Graduate,No,19.9,690000,16000,502000,5,770,0,0.615,1018000,1029000,No,Semiurban,Home,Rejected
SLR103785,65,Female,No,2,Not Graduate,Yes,35.0,710000,0,788000,15,615,1,0.75,1042000,237000,Yes,Urban,Business,Rejected
SLR103786,45,Male,Yes,1,Graduate,Yes,22.9,544000,395000,777000,7,694,1,0.75,3313000,1992000,Yes,Semiurban,Home,Rejected
SLR103787,28,Male,No,1,Not Graduate,No,9.3,588000,0,306000,20,671,0,0.509,412000,243000,Yes,Urban,Education,Approved
SLR103788,21,Female,No,1,Graduate,No,0.0,576000,0,406000,10,888,3,0.651,3616000,297000,Yes,Urban,Vehicle,Approved
SLR103789,64,Male,Yes,0,Graduate,No,31.6,732000,33000,534000,7,661,3,0.617,2392000,551000,Yes,Semiurban,Education,Rejected
SLR103790,35,Female,Yes,1,Graduate,No,11.8,350000,210000,801000,2,722,2,0.75,1654000,1444000,No,Urban,Business,Approved
SLR103791,26,Male,No,0,Not Graduate,No,6.5,319000,0,1603000,15,541,3,0.75,2807000,1640000,Yes,Rural,Business,Rejected
SLR103792,28,Female,Yes,0,Graduate,No,4.1,864000,141000,701000,10,602,1,0.553,268000,350000,No,Urban,Business,Rejected
SLR103793,32,Female,Yes,0,Graduate,Yes,5.3,549000,71000,614000,3,713,3,0.75,1893000,326000,Yes,Rural,Education,Rejected
SLR103794,50,Female,Yes,1,Graduate,No,17.3,182000,171000,795000,20,670,1,0.75,352000,216000,Yes,Urban,Medical,Rejected
SLR103795,61,Male,Yes,0,Graduate,No,28.1,424000,52000,587000,7,672,3,0.75,1839000,1549000,No,Urban,Business,Approved
SLR103796,33,Female,No,0,Graduate,No,9.4,1276000,0,640000,2,666,3,0.487,452000,597000,Yes,Urban,Education,Approved
SLR103797,51,Female,No,0,Graduate,No,18.7,504000,0,1741000,5,676,0,0.75,649000,212000,Yes,Semiurban,Home,Approved
SLR103798,23,Male,No,3+,Graduate,No,1.8,411000,0,562000,15,562,0,0.732,883000,741000,Yes,Rural,Personal,Rejected
SLR103799,21,Male,No,0,Graduate,No,1.0,242000,0,771000,7,683,3,0.75,1028000,596000,Yes,Semiurban,Home,Approved
SLR103800,23,Female,No,0,Graduate,Yes,0.0,402000,0,427000,15,674,1,0.603,1573000,201000,Yes,Semiurban,Business,Rejected
SLR103801,62,Male,Yes,0,Graduate,No,20.3,290000,59000,1475000,7,770,1,0.75,2504000,229000,Yes,Rural,Education,Rejected
SLR103802,47,Male,No,2,Graduate,Yes,18.6,696000,0,359000,3,753,1,0.436,11474000,137000,Yes,Urban,Home,Approved
SLR103803,57,Male,No,1,Graduate,Yes,20.0,565000,0,620000,5,478,2,0.585,718000,875000,Yes,Semiurban,Business,Approved
SLR103804,21,Male,No,0,Not Graduate,No,0.0,450000,0,1231000,15,635,2,0.75,1478000,226000,Yes,Urban,Personal,Approved
SLR103805,22,Female,No,2,Graduate,Yes,5.8,362000,0,370000,5,825,0,0.75,1214000,132000,Yes,Urban,Education,Approved
SLR103806,59,Male,Yes,2,Graduate,No,25.6,1273000,161000,1143000,20,758,1,0.7,503000,1132000,Yes,Semiurban,Personal,Approved
SLR103807,25,Male,Yes,1,Not Graduate,No,8.3,373000,66000,172000,5,727,0,0.387,224000,450000,No,Semiurban,Home,Rejected
SLR103808,27,Female,No,1,Graduate,No,11.7,374000,0,320000,20,652,1,0.75,556000,62000,Yes,Urban,Home,Rejected
SLR103809,44,Male,Yes,3+,Not Graduate,No,13.3,481000,204000,611000,3,746,1,0.745,790000,614000,Yes,Urban,Medical,Approved
SLR103810,48,Male,Yes,3+,Graduate,No,26.5,520000,31000,3113000,7,576,1,0.75,927000,73000,Yes,Urban,Business,Rejected
SLR103811,31,Male,Yes,2,Not Graduate,No,4.4,717000,70000,714000,2,648,1,0.674,361000,181000,Yes,Urban,Vehicle,Rejected
SLR103812,41,Female,Yes,2,Not Graduate,Yes,12.7,918000,106000,724000,5,716,5,0.665,993000,496000,Yes,Semiurban,Home,Approved
SLR103813,51,Female,Yes,3+,Not Graduate,No,17.3,880000,79000,1371000,15,736,3,0.75,1113000,485000,Yes,Rural,Personal,Approved
SLR103814,40,Male,Yes,3+,Graduate,Yes,16.5,2093000,241000,321000,5,706,2,0.203,580000,188000,Yes,Urban,Personal,Approved
SLR103815,38,Male,Yes,0,Not Graduate,No,12.6,217000,74000,90000,15,720,1,0.323,2576000,120000,Yes,Urban,Personal,Approved
SLR103816,24,Male,Yes,3+,Not Graduate,No,2.6,624000,213000,2006000,10,702,0,0.75,280000,1461000,Yes,Urban,Vehicle,Approved
SLR103817,41,Male,Yes,2,Graduate,No,13.9,413000,177000,963000,10,666,1,0.75,1677000,1145000,Yes,Semiurban,Education,Approved
SLR103818,57,Male,Yes,1,Graduate,No,22.2,1661000,110000,487000,5,791,0,0.326,1062000,274000,Yes,Rural,Personal,Approved
SLR103819,49,Male,No,0,Graduate,Yes,17.7,606000,0,675000,20,829,0,0.75,1411000,331000,Yes,Urban,Personal,Approved
SLR103820,61,Male,Yes,0,Not Graduate,No,19.3,180000,35000,1288000,15,686,2,0.75,1899000,192000,Yes,Urban,Personal,Rejected
SLR103821,26,Male,Yes,2,Not Graduate,No,2.5,698000,114000,598000,20,602,0,0.63,1702000,272000,Yes,Semiurban,Home,Rejected
SLR103822,21,Male,Yes,1,Graduate,No,2.0,637000,65000,714000,5,672,0,0.75,224000,344000,Yes,Rural,Vehicle,Rejected
SLR103823,45,Female,Yes,0,Graduate,No,14.4,834000,110000,2440000,5,697,1,0.75,1038000,631000,No,Semiurban,Personal,Approved
SLR103824,29,Male,No,1,Graduate,Yes,8.2,369000,0,290000,15,524,0,0.528,1989000,89000,Yes,Semiurban,Home,Rejected
SLR103825,47,Male,Yes,0,Graduate,No,11.5,659000,126000,910000,10,790,1,0.75,2050000,474000,Yes,Urban,Personal,Approved
SLR103826,61,Male,Yes,1,Not Graduate,No,34.7,474000,121000,294000,7,642,3,0.436,638000,1183000,No,Rural,Home,Rejected
SLR103827,36,Female,No,1,Graduate,Yes,13.2,380000,0,1796000,7,628,3,0.75,494000,257000,Yes,Urban,Home,Approved
SLR103828,45,Male,Yes,1,Not Graduate,No,20.6,664000,138000,786000,7,665,2,0.742,2185000,153000,Yes,Semiurban,Home,Approved
SLR103829,51,Male,No,0,Graduate,No,24.3,598000,0,416000,7,655,0,0.472,2030000,819000,Yes,Semiurban,Personal,Approved
SLR103830,27,Male,No,0,Graduate,No,7.7,980000,0,245000,7,694,2,0.324,495000,141000,Yes,Rural,Business,Approved
SLR103831,61,Male,Yes,0,Not Graduate,No,22.5,558000,180000,518000,7,749,1,0.518,411000,118000,Yes,Urban,Personal,Approved
SLR103832,30,Female,No,1,Graduate,No,8.7,767000,0,733000,5,786,0,0.616,904000,78000,No,Urban,Medical,Approved
SLR103833,57,Male,Yes,3+,Not Graduate,No,26.5,283000,13000,1380000,7,749,1,0.75,639000,506000,Yes,Semiurban,Medical,Rejected
SLR103834,50,Male,Yes,2,Not Graduate,No,21.6,1184000,581000,319000,5,619,1,0.259,1438000,123000,No,Urban,Vehicle,Approved
SLR103835,27,Female,Yes,2,Not Graduate,No,5.2,359000,57000,380000,5,682,1,0.568,4307000,87000,Yes,Rural,Education,Rejected
SLR103836,53,Male,Yes,0,Not Graduate,No,21.8,904000,84000,471000,10,698,0,0.356,414000,378000,Yes,Urban,Vehicle,Approved
SLR103837,29,Male,Yes,0,Graduate,No,7.9,636000,27000,393000,20,713,0,0.388,1121000,142000,No,Semiurban,Business,Rejected
SLR103838,47,Male,Yes,3+,Graduate,No,15.8,593000,83000,465000,5,727,3,0.556,631000,546000,Yes,Urban,Home,Approved
SLR103839,64,Male,Yes,1,Not Graduate,No,34.8,836000,142000,352000,20,696,0,0.369,2487000,509000,Yes,Semiurban,Personal,Approved
SLR103840,63,Male,Yes,0,Graduate,No,30.7,170000,146000,852000,10,684,1,0.75,2636000,359000,Yes,Urban,Vehicle,Rejected
SLR103841,60,Female,Yes,1,Not Graduate,No,31.2,401000,46000,475000,20,758,1,0.636,556000,180000,Yes,Rural,Personal,Approved
SLR103842,43,Female,Yes,1,Graduate,No,17.6,829000,84000,655000,7,680,1,0.534,3358000,644000,Yes,Urban,Business,Rejected
SLR103843,46,Female,Yes,0,Not Graduate,No,15.2,1583000,161000,792000,10,762,0,0.438,2644000,108000,Yes,Semiurban,Personal,Approved
SLR103844,34,Male,Yes,0,Graduate,No,8.9,543000,145000,265000,7,751,3,0.507,1073000,844000,Yes,Semiurban,Home,Approved
SLR103845,62,Male,No,1,Not Graduate,No,20.7,144000,0,956000,20,799,3,0.75,2439000,279000,No,Urban,Personal,Approved
SLR103846,42,Male,Yes,0,Graduate,No,15.7,462000,220000,745000,3,706,2,0.749,364000,312000,Yes,Urban,Home,Rejected
SLR103847,55,Female,No,1,Graduate,No,27.4,532000,0,745000,2,798,1,0.75,6927000,453000,No,Semiurban,Home,Approved
SLR103848,37,Female,Yes,2,Not Graduate,No,12.8,1012000,366000,596000,15,667,1,0.387,1308000,950000,Yes,Urban,Home,Approved
SLR103849,54,Male,Yes,3+,Graduate,No,27.3,565000,95000,546000,2,716,1,0.65,3861000,431000,Yes,Urban,Medical,Approved
SLR103850,31,Male,No,0,Graduate,Yes,8.7,273000,0,673000,20,747,3,0.75,725000,235000,No,Rural,Home,Rejected
SLR103851,54,Female,Yes,0,Graduate,Yes,30.4,934000,215000,692000,3,614,0,0.543,299000,540000,Yes,Urban,Business,Approved
SLR103852,23,Female,Yes,1,Graduate,No,3.7,752000,32000,302000,3,661,1,0.438,1892000,839000,Yes,Urban,Personal,Rejected
SLR103853,25,Female,Yes,0,Graduate,Yes,5.4,374000,171000,1810000,5,640,3,0.75,637000,770000,Yes,Semiurban,Personal,Rejected
SLR103854,36,Male,Yes,3+,Graduate,No,15.9,817000,72000,414000,10,686,2,0.446,702000,402000,Yes,Urban,Home,Approved
SLR103855,42,Male,Yes,2,Graduate,No,18.8,407000,54000,679000,7,650,1,0.75,1538000,411000,Yes,Semiurban,Home,Rejected
SLR103856,53,Male,Yes,0,Graduate,No,21.0,467000,85000,1386000,20,698,0,0.75,2629000,468000,Yes,Semiurban,Home,Approved
SLR103857,37,Male,Yes,2,Not Graduate,No,13.9,411000,137000,521000,10,684,0,0.698,1709000,674000,No,Semiurban,Home,Approved
SLR103858,21,Female,No,0,Graduate,No,0.4,464000,0,758000,10,669,3,0.75,3206000,308000,Yes,Semiurban,Vehicle,Rejected
SLR103859,35,Male,Yes,1,Graduate,No,13.2,906000,123000,156000,7,701,2,0.304,1034000,394000,Yes,Rural,Personal,Approved
SLR103860,40,Male,Yes,3+,Graduate,No,10.1,206000,101000,179000,7,639,2,0.607,4216000,385000,Yes,Urban,Education,Approved
SLR103861,45,Male,No,0,Graduate,No,12.8,1009000,0,639000,10,625,1,0.606,2598000,112000,No,Rural,Business,Rejected
SLR103862,49,Male,Yes,0,Not Graduate,No,27.0,606000,72000,735000,20,601,3,0.75,466000,210000,Yes,Urban,Personal,Rejected
SLR103863,32,Male,No,3+,Not Graduate,No,2.4,444000,0,1334000,20,556,3,0.75,2194000,770000,No,Semiurban,Vehicle,Rejected
SLR103864,48,Male,Yes,1,Graduate,No,21.5,556000,164000,1094000,3,639,0,0.75,1267000,1669000,Yes,Urban,Business,Approved
SLR103865,49,Female,Yes,0,Graduate,No,22.2,334000,117000,231000,7,730,2,0.469,604000,368000,No,Urban,Personal,Approved
SLR103866,55,Male,No,0,Not Graduate,No,28.3,224000,0,1482000,10,675,0,0.75,2072000,315000,Yes,Semiurban,Vehicle,Rejected
SLR103867,44,Male,Yes,0,Graduate,No,11.6,339000,559000,300000,10,691,3,0.366,1807000,224000,Yes,Urban,Education,Approved
SLR103868,57,Male,No,1,Graduate,No,18.6,194000,0,1139000,5,660,3,0.75,2245000,50000,Yes,Urban,Business,Rejected
SLR103869,30,Male,Yes,0,Graduate,Yes,7.2,261000,66000,485000,20,835,0,0.75,458000,1209000,Yes,Urban,Personal,Approved
SLR103870,53,Male,No,0,Not Graduate,Yes,18.8,225000,0,3798000,7,702,2,0.75,171000,185000,Yes,Urban,Vehicle,Rejected
SLR103871,23,Female,Yes,0,Graduate,No,4.9,1078000,38000,443000,5,647,2,0.334,902000,92000,Yes,Semiurban,Education,Approved
SLR103872,25,Male,Yes,1,Graduate,Yes,0.0,271000,42000,619000,15,611,0,0.75,955000,443000,Yes,Rural,Vehicle,Rejected
SLR103873,59,Female,Yes,3+,Not Graduate,No,28.1,538000,341000,720000,10,818,1,0.675,1883000,348000,Yes,Semiurban,Vehicle,Approved
SLR103874,42,Male,No,1,Graduate,No,12.3,1017000,0,555000,20,585,2,0.562,108000,1927000,Yes,Urban,Home,Approved
SLR103875,48,Male,Yes,1,Graduate,No,15.9,878000,60000,340000,3,630,3,0.344,2167000,516000,Yes,Semiurban,Personal,Approved
SLR103876,48,Male,Yes,2,Graduate,No,23.1,468000,1474000,2723000,2,630,2,0.75,2562000,1244000,No,Urban,Medical,Rejected
SLR103877,52,Male,No,0,Not Graduate,No,25.1,469000,0,437000,20,687,0,0.75,2713000,621000,Yes,Semiurban,Education,Approved
SLR103878,32,Female,Yes,0,Graduate,No,5.4,607000,197000,427000,7,717,3,0.602,2608000,217000,Yes,Urban,Business,Approved
SLR103879,29,Male,Yes,0,Graduate,No,7.4,1757000,63000,605000,5,695,1,0.322,458000,2619000,Yes,Urban,Education,Approved
SLR103880,22,Male,Yes,0,Not Graduate,No,0.0,690000,499000,737000,10,663,1,0.501,559000,1291000,Yes,Semiurban,Personal,Rejected
SLR103881,59,Male,No,3+,Not Graduate,No,21.6,794000,0,416000,20,585,1,0.43,1025000,556000,Yes,Urban,Home,Approved
SLR103882,31,Female,Yes,0,Graduate,No,7.2,1913000,96000,1208000,20,829,1,0.631,1070000,857000,Yes,Semiurban,Vehicle,Approved
SLR103883,46,Male,Yes,2,Graduate,No,16.6,641000,28000,718000,20,710,0,0.75,524000,465000,Yes,Urban,Personal,Approved
SLR103884,41,Female,Yes,0,Graduate,No,15.7,1034000,635000,659000,5,733,1,0.345,1444000,423000,Yes,Urban,Business,Approved
SLR103885,28,Male,Yes,1,Graduate,No,5.3,715000,73000,934000,15,639,0,0.75,1874000,521000,Yes,Semiurban,Education,Rejected
SLR103886,39,Female,Yes,0,Graduate,No,14.1,710000,176000,374000,3,668,2,0.39,1687000,1898000,No,Urban,Personal,Approved
SLR103887,24,Male,Yes,0,Not Graduate,No,2.7,324000,120000,444000,5,778,1,0.683,1425000,945000,Yes,Urban,Education,Approved
SLR103888,28,Male,No,0,Not Graduate,No,6.1,296000,0,641000,5,525,1,0.75,1792000,350000,Yes,Urban,Vehicle,Rejected
SLR103889,27,Female,Yes,1,Not Graduate,No,8.2,415000,20000,1190000,5,747,1,0.75,1011000,422000,Yes,Rural,Personal,Approved
SLR103890,58,Male,Yes,1,Graduate,No,23.3,893000,100000,555000,5,671,5,0.543,2053000,100000,No,Semiurban,Education,Approved
SLR103891,46,Male,Yes,2,Graduate,No,17.1,870000,97000,529000,15,721,0,0.371,1844000,394000,Yes,Semiurban,Medical,Approved
SLR103892,62,Male,Yes,3+,Not Graduate,No,34.4,1145000,155000,165000,20,815,0,0.163,630000,579000,No,Rural,Medical,Approved
SLR103893,40,Male,No,1,Graduate,No,15.9,547000,0,414000,5,654,2,0.648,6738000,490000,No,Rural,Education,Rejected
SLR103894,30,Male,Yes,3+,Graduate,No,10.7,739000,201000,222000,3,487,0,0.277,5064000,414000,Yes,Semiurban,Home,Rejected
SLR103895,48,Male,No,0,Graduate,No,20.9,741000,0,261000,5,608,0,0.337,2407000,207000,Yes,Semiurban,Personal,Approved
SLR103896,62,Female,No,0,Graduate,No,19.4,518000,0,824000,7,691,1,0.75,3591000,726000,No,Urban,Personal,Approved
SLR103897,44,Female,No,0,Graduate,No,15.1,461000,0,5621000,15,814,4,0.75,1716000,796000,Yes,Urban,Business,Approved
SLR103898,21,Male,No,1,Graduate,No,0.8,243000,0,737000,10,661,0,0.75,954000,376000,Yes,Semiurban,Personal,Rejected
SLR103899,34,Male,Yes,1,Not Graduate,No,13.0,506000,67000,807000,7,806,3,0.75,3584000,377000,Yes,Urban,Education,Approved
SLR103900,62,Female,No,1,Graduate,No,25.7,519000,0,396000,20,516,1,0.75,1698000,344000,Yes,Urban,Personal,Rejected
SLR103901,44,Male,No,3+,Graduate,No,18.7,1026000,0,329000,7,652,1,0.301,2500000,452000,Yes,Urban,Vehicle,Approved
SLR103902,63,Male,Yes,0,Graduate,No,22.9,1084000,31000,2474000,15,768,0,0.75,5289000,536000,Yes,Semiurban,Home,Approved
SLR103903,43,Male,Yes,2,Graduate,No,15.5,596000,331000,385000,7,761,0,0.456,329000,93000,No,Urban,Business,Approved
SLR103904,21,Male,Yes,1,Graduate,No,0.4,1711000,107000,177000,10,543,3,0.256,2010000,241000,Yes,Urban,Home,Rejected
SLR103905,60,Male,Yes,1,Graduate,No,30.1,611000,92000,762000,5,627,1,0.7,591000,126000,No,Semiurban,Personal,Approved
SLR103906,55,Female,Yes,0,Graduate,No,20.9,971000,50000,492000,2,680,1,0.484,1148000,226000,Yes,Semiurban,Education,Approved
SLR103907,53,Female,No,0,Graduate,No,24.7,521000,0,957000,10,640,2,0.75,669000,932000,No,Semiurban,Vehicle,Rejected
SLR103908,64,Male,Yes,0,Not Graduate,No,20.0,294000,60000,1801000,5,778,0,0.75,3823000,158000,Yes,Urban,Vehicle,Approved
SLR103909,29,Male,Yes,2,Graduate,No,6.6,435000,46000,826000,7,691,0,0.75,2039000,98000,Yes,Semiurban,Education,Rejected
SLR103910,61,Male,Yes,1,Graduate,No,25.7,1237000,137000,753000,10,582,0,0.395,1414000,121000,Yes,Semiurban,Business,Approved
SLR103911,31,Male,Yes,0,Not Graduate,No,5.5,476000,82000,998000,7,725,2,0.75,333000,434000,No,Semiurban,Education,Approved
SLR103912,64,Female,Yes,2,Not Graduate,No,24.7,426000,218000,3771000,5,729,0,0.75,830000,620000,Yes,Urban,Home,Rejected
SLR103913,29,Male,No,1,Not Graduate,No,5.4,549000,0,2858000,15,604,0,0.75,875000,356000,Yes,Semiurban,Home,Rejected
SLR103914,45,Female,Yes,3+,Graduate,No,10.3,444000,132000,529000,5,623,1,0.726,1762000,66000,Yes,Urban,Vehicle,Rejected
SLR103915,56,Male,No,1,Not Graduate,No,29.4,1060000,0,1205000,3,637,1,0.7,910000,198000,Yes,Urban,Personal,Approved
SLR103916,24,Male,No,1,Graduate,No,2.0,1551000,0,2075000,5,792,0,0.75,1005000,1296000,Yes,Urban,Vehicle,Approved
SLR103917,24,Male,No,1,Graduate,No,5.4,552000,0,1020000,2,683,1,0.75,149000,378000,Yes,Urban,Home,Approved
SLR103918,59,Male,Yes,2,Not Graduate,Yes,22.1,740000,246000,623000,5,524,1,0.395,3087000,66000,Yes,Rural,Personal,Rejected
SLR103919,23,Female,No,1,Graduate,No,6.8,939000,0,470000,10,600,1,0.41,461000,181000,Yes,Semiurban,Business,Approved
SLR103920,48,Male,No,0,Not Graduate,Yes,21.6,584000,0,693000,15,744,2,0.75,713000,66000,Yes,Urban,Business,Approved
SLR103921,63,Male,No,3+,Not Graduate,Yes,20.9,339000,0,310000,7,659,0,0.548,2137000,237000,Yes,Rural,Vehicle,Approved
SLR103922,48,Male,Yes,2,Graduate,No,22.4,439000,109000,1163000,5,598,1,0.75,2930000,383000,Yes,Semiurban,Home,Rejected
SLR103923,42,Male,No,1,Graduate,No,20.6,690000,0,1605000,20,662,0,0.75,1353000,307000,Yes,Semiurban,Business,Approved
SLR103924,39,Female,Yes,1,Not Graduate,No,13.1,683000,187000,502000,15,764,0,0.582,1849000,255000,Yes,Rural,Vehicle,Approved
SLR103925,49,Male,Yes,2,Graduate,No,23.5,205000,280000,485000,2,853,1,0.75,3139000,1854000,Yes,Semiurban,Home,Approved
SLR103926,46,Male,No,0,Graduate,No,10.3,433000,0,327000,10,686,1,0.647,126000,418000,Yes,Semiurban,Personal,Rejected
SLR103927,43,Male,No,0,Graduate,No,17.6,367000,0,880000,20,727,1,0.75,2935000,264000,Yes,Semiurban,Medical,Approved
SLR103928,27,Male,Yes,0,Not Graduate,No,6.1,894000,69000,645000,20,682,2,0.634,190000,650000,Yes,Rural,Education,Rejected
SLR103929,50,Male,Yes,0,Not Graduate,No,23.2,375000,83000,254000,7,706,2,0.559,993000,654000,Yes,Rural,Home,Approved
SLR103930,54,Male,No,0,Graduate,No,25.2,427000,0,4323000,10,621,3,0.75,1932000,487000,Yes,Semiurban,Medical,Rejected
SLR103931,52,Male,Yes,2,Not Graduate,No,15.2,419000,237000,205000,10,798,1,0.288,552000,3139000,Yes,Rural,Home,Approved
SLR103932,24,Male,Yes,0,Not Graduate,No,5.2,850000,77000,255000,10,656,0,0.243,1106000,192000,Yes,Urban,Personal,Approved
SLR103933,52,Male,No,2,Graduate,No,24.1,937000,0,1197000,20,608,1,0.75,76000,963000,Yes,Semiurban,Personal,Rejected
SLR103934,53,Female,No,3+,Graduate,No,20.2,722000,0,996000,7,632,0,0.75,410000,890000,Yes,Semiurban,Vehicle,Approved
SLR103935,29,Male,Yes,0,Graduate,No,4.8,1011000,157000,409000,3,740,2,0.41,640000,109000,No,Urban,Personal,Rejected
SLR103936,59,Male,Yes,2,Not Graduate,No,30.0,1085000,61000,392000,10,638,0,0.326,539000,543000,Yes,Semiurban,Education,Approved
SLR103937,44,Male,Yes,1,Graduate,Yes,16.7,203000,88000,875000,20,804,1,0.75,1147000,162000,Yes,Semiurban,Home,Approved
SLR103938,42,Male,Yes,3+,Graduate,No,11.2,762000,111000,831000,15,738,1,0.607,6188000,373000,Yes,Semiurban,Personal,Approved
SLR103939,53,Female,No,1,Graduate,No,24.0,449000,0,411000,2,755,0,0.75,2829000,946000,No,Rural,Personal,Approved
SLR103940,43,Male,No,0,Graduate,Yes,18.3,276000,0,1240000,15,659,2,0.75,2931000,392000,No,Semiurban,Education,Approved
SLR103941,45,Male,Yes,0,Graduate,No,16.5,461000,43000,943000,5,643,1,0.75,1989000,61000,Yes,Urban,Education,Rejected
SLR103942,35,Female,Yes,3+,Graduate,No,9.9,822000,22000,1549000,20,692,1,0.75,364000,660000,Yes,Rural,Vehicle,Approved
SLR103943,62,Female,Yes,0,Graduate,No,22.9,1225000,218000,629000,10,601,1,0.372,3822000,100000,Yes,Rural,Medical,Approved
SLR103944,64,Female,Yes,2,Not Graduate,Yes,23.0,262000,255000,1101000,3,725,1,0.75,1847000,240000,Yes,Urban,Medical,Rejected
SLR103945,26,Male,Yes,0,Not Graduate,No,3.6,773000,24000,560000,3,759,0,0.681,2106000,940000,Yes,Urban,Vehicle,Approved
SLR103946,53,Male,Yes,1,Not Graduate,No,24.0,1621000,127000,924000,5,638,0,0.419,2724000,137000,Yes,Urban,Home,Rejected
SLR103947,22,Male,No,1,Graduate,No,3.6,1505000,0,820000,5,742,0,0.514,2083000,521000,Yes,Urban,Personal,Approved
SLR103948,37,Male,Yes,0,Graduate,No,8.4,120000,318000,1128000,2,709,3,0.75,1833000,196000,Yes,Urban,Personal,Approved
SLR103949,64,Male,No,0,Not Graduate,No,31.2,1823000,0,911000,15,774,1,0.519,631000,57000,Yes,Semiurban,Personal,Approved
SLR103950,28,Female,Yes,0,Graduate,No,8.2,933000,186000,190000,3,813,2,0.297,525000,195000,Yes,Urban,Home,Approved
SLR103951,37,Male,No,2,Graduate,No,11.0,155000,0,433000,20,749,0,0.75,528000,205000,Yes,Semiurban,Home,Approved
SLR103952,30,Male,No,2,Graduate,No,6.5,361000,0,686000,5,686,3,0.75,96000,125000,Yes,Semiurban,Home,Approved
SLR103953,53,Male,Yes,0,Graduate,No,26.2,1098000,222000,880000,7,780,1,0.449,833000,356000,Yes,Semiurban,Home,Approved
SLR103954,41,Male,Yes,1,Graduate,Yes,20.3,671000,284000,1111000,10,694,3,0.75,2143000,372000,Yes,Urban,Business,Rejected
SLR103955,47,Male,No,0,Not Graduate,No,16.9,401000,0,929000,5,670,1,0.75,3615000,248000,Yes,Semiurban,Medical,Approved
SLR103956,63,Female,Yes,2,Not Graduate,No,33.1,570000,299000,411000,7,644,0,0.508,685000,253000,Yes,Semiurban,Medical,Rejected
SLR103957,44,Male,Yes,2,Not Graduate,No,22.3,743000,55000,1181000,15,697,0,0.75,1201000,602000,No,Semiurban,Vehicle,Approved
SLR103958,54,Female,Yes,3+,Not Graduate,No,24.8,400000,19000,384000,3,765,2,0.75,835000,116000,No,Rural,Personal,Rejected
SLR103959,25,Male,No,3+,Graduate,No,5.5,513000,0,1477000,5,613,0,0.75,1617000,925000,Yes,Semiurban,Personal,Rejected
SLR103960,30,Male,Yes,0,Graduate,No,12.3,901000,180000,1543000,15,597,0,0.75,386000,210000,Yes,Rural,Medical,Rejected
SLR103961,63,Male,Yes,0,Graduate,No,27.7,374000,36000,646000,5,598,1,0.75,821000,262000,Yes,Semiurban,Personal,Approved
SLR103962,59,Female,Yes,3+,Not Graduate,No,17.8,261000,25000,427000,2,767,2,0.75,644000,165000,Yes,Rural,Home,Approved
SLR103963,50,Male,No,0,Graduate,No,21.5,387000,0,413000,5,720,1,0.75,2349000,135000,Yes,Rural,Personal,Approved
SLR103964,38,Male,Yes,0,Not Graduate,No,13.2,337000,73000,319000,10,801,1,0.651,285000,792000,No,Urban,Home,Approved
SLR103965,29,Male,No,0,Graduate,No,7.2,394000,0,357000,20,651,0,0.75,1860000,179000,Yes,Semiurban,Vehicle,Rejected
SLR103966,59,Female,No,2,Graduate,No,32.2,213000,0,578000,5,598,2,0.75,3055000,531000,Yes,Rural,Vehicle,Rejected
SLR103967,56,Male,Yes,2,Not Graduate,No,20.8,626000,216000,452000,7,807,0,0.329,361000,486000,Yes,Urban,Business,Approved
SLR103968,31,Female,Yes,3+,Not Graduate,No,8.0,886000,142000,228000,5,635,1,0.249,757000,286000,No,Semiurban,Home,Approved
SLR103969,47,Female,No,0,Not Graduate,Yes,23.4,352000,0,475000,20,741,2,0.75,624000,862000,Yes,Semiurban,Business,Rejected
SLR103970,48,Female,No,0,Graduate,No,20.6,384000,0,690000,20,590,2,0.75,5705000,379000,Yes,Urban,Vehicle,Rejected
SLR103971,42,Male,Yes,0,Graduate,Yes,5.4,496000,112000,521000,7,704,0,0.75,4667000,60000,Yes,Urban,Personal,Rejected
SLR103972,62,Male,Yes,2,Graduate,No,34.6,333000,34000,363000,2,678,1,0.565,3158000,209000,Yes,Urban,Home,Approved
SLR103973,26,Female,Yes,0,Not Graduate,No,4.6,945000,230000,137000,10,583,2,0.283,1995000,3271000,Yes,Urban,Home,Rejected
SLR103974,32,Male,Yes,3+,Graduate,No,12.8,337000,293000,1369000,10,832,2,0.75,3073000,363000,Yes,Semiurban,Personal,Approved
SLR103975,25,Male,Yes,1,Graduate,No,7.5,412000,241000,633000,10,623,1,0.75,2373000,328000,Yes,Urban,Business,Rejected
SLR103976,52,Male,Yes,2,Graduate,No,17.7,361000,109000,801000,5,620,0,0.75,5865000,795000,No,Urban,Education,Rejected
SLR103977,49,Female,Yes,2,Not Graduate,No,19.3,957000,36000,731000,2,641,1,0.712,1453000,1127000,No,Urban,Personal,Rejected
SLR103978,65,Male,No,1,Graduate,No,34.6,484000,0,898000,2,527,1,0.75,151000,164000,Yes,Rural,Business,Rejected
SLR103979,45,Male,No,2,Not Graduate,No,21.8,1646000,0,760000,15,665,1,0.354,898000,355000,Yes,Urban,Vehicle,Approved
SLR103980,27,Male,No,0,Graduate,No,5.3,668000,0,693000,7,641,2,0.75,2287000,350000,Yes,Semiurban,Business,Approved
SLR103981,41,Female,Yes,2,Graduate,No,17.3,1040000,85000,1068000,5,764,0,0.75,1044000,108000,Yes,Urban,Vehicle,Approved
SLR103982,24,Male,Yes,2,Not Graduate,No,1.4,460000,84000,1227000,20,714,1,0.75,4088000,295000,Yes,Semiurban,Personal,Approved
SLR103983,51,Female,Yes,1,Graduate,No,31.7,327000,683000,1597000,15,595,1,0.75,659000,418000,No,Urban,Vehicle,Rejected
SLR103984,51,Female,No,0,Graduate,No,13.9,540000,0,379000,15,641,2,0.6,3148000,298000,Yes,Semiurban,Personal,Approved
SLR103985,59,Female,Yes,3+,Graduate,No,33.9,379000,284000,764000,10,852,0,0.75,375000,1790000,Yes,Semiurban,Medical,Approved
SLR103986,36,Female,Yes,3+,Graduate,Yes,13.7,183000,80000,229000,10,622,0,0.612,1894000,657000,Yes,Semiurban,Vehicle,Rejected
SLR103987,34,Male,No,1,Not Graduate,No,10.2,960000,0,475000,7,752,3,0.427,675000,462000,Yes,Semiurban,Home,Approved
SLR103988,24,Male,No,3+,Graduate,No,0.3,560000,0,572000,5,639,2,0.651,420000,359000,Yes,Urban,Medical,Rejected
SLR103989,39,Male,Yes,1,Graduate,No,10.3,374000,396000,1052000,10,615,0,0.75,1329000,647000,Yes,Urban,Education,Approved
SLR103990,42,Female,No,0,Not Graduate,Yes,20.4,676000,0,602000,7,649,0,0.721,469000,290000,Yes,Urban,Personal,Approved
SLR103991,54,Male,Yes,1,Graduate,Yes,28.6,564000,79000,1007000,7,800,3,0.75,2801000,99000,Yes,Semiurban,Personal,Approved
SLR103992,54,Male,Yes,0,Graduate,No,28.2,1194000,58000,519000,10,580,0,0.381,1012000,129000,Yes,Rural,Personal,Approved
SLR103993,27,Female,Yes,1,Not Graduate,No,8.5,698000,176000,447000,5,739,2,0.479,1523000,429000,Yes,Semiurban,Education,Approved
SLR103994,33,Male,Yes,1,Not Graduate,No,7.3,505000,286000,386000,10,781,1,0.372,1334000,988000,Yes,Semiurban,Education,Approved
SLR103995,44,Female,No,0,Graduate,No,17.6,805000,0,1018000,5,649,2,0.75,2326000,246000,Yes,Urban,Education,Approved
SLR103996,36,Male,Yes,0,Graduate,No,15.0,539000,89000,508000,15,765,2,0.611,749000,732000,Yes,Urban,Personal,Approved
SLR103997,22,Male,Yes,2,Graduate,No,1.3,609000,25000,134000,20,753,1,0.317,3835000,506000,Yes,Urban,Vehicle,Approved
SLR103998,59,Male,No,2,Graduate,No,33.7,1080000,0,983000,10,630,0,0.642,8813000,906000,No,Urban,Business,Approved
SLR103999,53,Male,Yes,3+,Not Graduate,No,15.2,289000,401000,355000,7,619,0,0.428,517000,141000,Yes,Semiurban,Vehicle,Approved
SLR104000,44,Male,Yes,0,Graduate,No,16.8,342000,178000,737000,5,678,0,0.75,5878000,137000,No,Semiurban,Home,Approved
SLR104001,35,Female,Yes,2,Graduate,No,12.1,437000,252000,312000,15,698,1,0.446,852000,1480000,No,Rural,Vehicle,Approved
SLR104002,58,Male,Yes,0,Graduate,No,35.0,473000,90000,656000,5,662,0,0.686,889000,86000,Yes,Urban,Home,Rejected
SLR104003,22,Male,Yes,0,Graduate,No,2.2,1039000,96000,101000,15,732,2,0.201,2999000,477000,Yes,Urban,Personal,Approved
SLR104004,41,Female,Yes,2,Not Graduate,Yes,12.6,253000,122000,636000,7,632,0,0.75,517000,1267000,Yes,Urban,Personal,Rejected
SLR104005,57,Female,No,1,Graduate,No,25.0,541000,0,368000,15,622,1,0.708,2401000,493000,Yes,Urban,Home,Rejected
SLR104006,63,Male,Yes,2,Graduate,No,33.7,406000,361000,285000,7,690,0,0.382,2299000,1116000,No,Rural,Personal,Approved
SLR104007,32,Female,Yes,0,Graduate,No,9.9,1401000,70000,1068000,7,707,2,0.523,1312000,1040000,Yes,Urban,Medical,Approved
SLR104008,50,Male,Yes,0,Graduate,No,20.4,894000,107000,602000,3,788,0,0.553,1267000,686000,No,Urban,Vehicle,Approved
SLR104009,29,Male,No,1,Not Graduate,No,8.2,627000,0,555000,20,724,1,0.604,864000,473000,Yes,Semiurban,Education,Approved
SLR104010,26,Male,Yes,0,Not Graduate,No,3.3,937000,25000,406000,7,743,2,0.31,2684000,140000,No,Semiurban,Vehicle,Rejected
SLR104011,36,Female,Yes,0,Not Graduate,No,15.5,266000,251000,1163000,10,664,2,0.75,987000,109000,Yes,Urban,Medical,Rejected
SLR104012,60,Male,No,0,Graduate,No,26.2,1677000,0,490000,3,665,1,0.29,3811000,294000,Yes,Urban,Personal,Approved
SLR104013,52,Male,Yes,0,Not Graduate,No,26.9,346000,221000,1710000,10,642,0,0.75,3921000,78000,Yes,Rural,Vehicle,Approved
SLR104014,43,Female,Yes,2,Graduate,No,12.0,1098000,144000,1445000,7,704,1,0.75,378000,568000,Yes,Rural,Personal,Approved
SLR104015,33,Male,Yes,0,Graduate,No,4.0,745000,529000,1642000,7,701,2,0.75,426000,2475000,Yes,Urban,Home,Approved
SLR104016,27,Male,Yes,1,Graduate,Yes,4.0,636000,173000,1219000,7,697,2,0.75,1184000,363000,Yes,Urban,Home,Rejected
SLR104017,33,Female,No,1,Not Graduate,No,15.3,1073000,0,438000,7,675,0,0.4,600000,473000,No,Urban,Business,Approved
SLR104018,27,Male,Yes,1,Not Graduate,No,4.5,951000,134000,673000,15,687,1,0.452,753000,132000,Yes,Rural,Education,Approved
SLR104019,29,Male,Yes,1,Graduate,No,9.4,583000,152000,570000,5,814,1,0.569,671000,315000,Yes,Urban,Medical,Approved
SLR104020,51,Male,Yes,1,Not Graduate,No,19.6,436000,108000,1121000,15,711,1,0.75,7927000,369000,No,Semiurban,Home,Rejected
SLR104021,26,Female,Yes,2,Not Graduate,No,2.9,589000,234000,646000,3,734,3,0.75,3924000,287000,Yes,Semiurban,Medical,Approved
SLR104022,23,Male,Yes,0,Not Graduate,No,2.5,520000,50000,555000,7,725,0,0.75,656000,486000,Yes,Semiurban,Personal,Approved
SLR104023,45,Male,No,2,Graduate,No,26.2,668000,0,1910000,10,677,0,0.75,247000,204000,Yes,Rural,Vehicle,Rejected
SLR104024,33,Male,Yes,0,Not Graduate,No,12.1,964000,61000,525000,20,730,1,0.393,838000,387000,Yes,Urban,Home,Approved
SLR104025,41,Male,No,1,Not Graduate,Yes,12.0,712000,0,433000,7,692,3,0.515,441000,515000,Yes,Semiurban,Education,Rejected
SLR104026,27,Female,No,1,Graduate,No,7.2,609000,0,501000,10,596,2,0.594,2649000,1079000,No,Semiurban,Education,Approved
SLR104027,30,Male,Yes,0,Graduate,No,4.0,384000,210000,1304000,15,646,0,0.75,1477000,376000,Yes,Semiurban,Medical,Approved
SLR104028,40,Male,No,0,Not Graduate,No,14.0,658000,0,734000,15,840,1,0.75,833000,215000,Yes,Semiurban,Medical,Approved
SLR104029,52,Male,No,0,Not Graduate,No,18.9,216000,0,876000,20,778,0,0.75,1296000,311000,Yes,Semiurban,Personal,Approved
SLR104030,39,Male,Yes,0,Graduate,No,20.1,355000,19000,758000,5,668,1,0.75,495000,508000,Yes,Urban,Personal,Approved
SLR104031,45,Male,Yes,1,Not Graduate,No,21.2,768000,108000,156000,15,741,3,0.359,1134000,166000,Yes,Urban,Home,Approved
SLR104032,44,Female,Yes,0,Graduate,No,13.6,895000,172000,324000,20,706,2,0.339,6078000,194000,Yes,Urban,Personal,Approved
SLR104033,33,Male,Yes,2,Graduate,No,9.8,544000,23000,542000,7,821,1,0.702,754000,387000,Yes,Urban,Personal,Approved
SLR104034,33,Male,No,3+,Graduate,No,13.7,614000,0,798000,10,680,1,0.75,1530000,67000,Yes,Semiurban,Medical,Rejected
SLR104035,40,Male,Yes,0,Graduate,No,6.6,674000,113000,343000,5,707,2,0.401,691000,313000,Yes,Urban,Home,Rejected
SLR104036,22,Male,Yes,0,Graduate,Yes,6.6,800000,45000,336000,5,630,3,0.381,681000,243000,Yes,Urban,Personal,Rejected
SLR104037,51,Male,Yes,0,Graduate,No,24.3,492000,55000,531000,5,680,0,0.52,2950000,558000,Yes,Semiurban,Home,Approved
SLR104038,48,Male,Yes,3+,Graduate,No,18.1,320000,350000,1539000,2,484,1,0.75,459000,171000,Yes,Semiurban,Medical,Rejected
SLR104039,34,Male,No,0,Graduate,No,6.9,681000,0,160000,7,709,3,0.345,1187000,244000,Yes,Rural,Medical,Rejected
SLR104040,37,Female,No,0,Graduate,No,6.4,1615000,0,116000,15,765,2,0.239,635000,337000,Yes,Rural,Education,Approved
SLR104041,35,Female,No,3+,Not Graduate,No,12.4,331000,0,2008000,5,817,1,0.75,4819000,196000,No,Urban,Business,Approved
SLR104042,50,Male,Yes,1,Graduate,No,21.6,513000,117000,240000,2,726,0,0.442,750000,156000,Yes,Semiurban,Business,Approved
SLR104043,55,Female,Yes,0,Graduate,No,25.3,445000,370000,499000,5,663,0,0.61,446000,204000,No,Urban,Home,Approved
SLR104044,25,Male,No,3+,Graduate,No,4.5,2074000,0,245000,15,628,3,0.237,1210000,63000,Yes,Rural,Education,Approved
SLR104045,39,Male,Yes,3+,Graduate,No,13.8,324000,58000,534000,7,654,1,0.75,1214000,155000,Yes,Urban,Personal,Rejected
SLR104046,21,Female,No,1,Graduate,No,7.0,504000,0,595000,15,570,0,0.724,3749000,559000,Yes,Urban,Business,Rejected
SLR104047,41,Male,Yes,0,Not Graduate,No,15.5,450000,88000,1852000,5,671,1,0.75,854000,100000,Yes,Urban,Personal,Approved
SLR104048,32,Male,Yes,1,Graduate,No,9.0,276000,76000,1038000,10,598,2,0.75,2047000,144000,No,Semiurban,Vehicle,Approved
SLR104049,36,Female,Yes,0,Graduate,No,4.9,268000,104000,282000,10,645,0,0.465,568000,274000,Yes,Urban,Education,Rejected
SLR104050,41,Male,No,1,Graduate,No,15.3,752000,0,188000,15,675,1,0.319,3721000,603000,Yes,Urban,Personal,Approved
SLR104051,35,Female,Yes,0,Graduate,No,14.0,812000,61000,899000,10,715,2,0.75,3096000,124000,Yes,Semiurban,Personal,Approved
SLR104052,38,Male,No,1,Graduate,No,12.2,404000,0,464000,20,566,1,0.75,2305000,202000,Yes,Semiurban,Home,Rejected
SLR104053,55,Female,Yes,2,Not Graduate,No,26.4,1194000,167000,406000,3,664,1,0.257,2963000,1016000,Yes,Urban,Home,Approved
SLR104054,57,Male,Yes,3+,Graduate,No,32.9,159000,54000,1404000,7,741,2,0.75,1766000,390000,Yes,Semiurban,Vehicle,Approved
SLR104055,21,Male,No,2,Graduate,Yes,5.4,275000,0,208000,7,795,1,0.683,1551000,586000,Yes,Urban,Vehicle,Approved
SLR104056,38,Male,Yes,0,Graduate,No,12.5,349000,51000,512000,20,684,3,0.75,498000,146000,Yes,Semiurban,Home,Rejected
SLR104057,59,Female,Yes,0,Graduate,No,31.1,547000,141000,979000,7,855,1,0.75,765000,205000,Yes,Rural,Home,Approved
SLR104058,44,Male,No,1,Graduate,No,13.1,429000,0,302000,10,743,0,0.595,2990000,775000,No,Urban,Business,Approved
SLR104059,30,Female,No,0,Graduate,No,7.3,492000,0,1511000,20,695,1,0.75,2890000,455000,Yes,Semiurban,Medical,Approved
SLR104060,47,Male,Yes,0,Graduate,No,12.0,718000,142000,337000,5,783,0,0.331,3113000,550000,Yes,Urban,Home,Approved
SLR104061,27,Male,No,2,Graduate,No,4.5,1226000,0,621000,5,652,0,0.37,950000,600000,Yes,Urban,Medical,Approved
SLR104062,21,Male,Yes,0,Not Graduate,No,0.6,855000,115000,414000,5,611,3,0.467,6336000,681000,Yes,Semiurban,Education,Rejected
SLR104063,49,Male,Yes,0,Graduate,No,21.7,567000,173000,109000,3,760,1,0.218,1200000,252000,Yes,Urban,Business,Approved
SLR104064,44,Female,Yes,1,Graduate,No,17.6,526000,171000,495000,7,730,1,0.505,2116000,144000,Yes,Urban,Home,Approved
SLR104065,55,Male,Yes,3+,Not Graduate,No,28.9,1008000,67000,1088000,5,768,1,0.75,17048000,197000,Yes,Semiurban,Home,Approved
SLR104066,36,Male,Yes,1,Graduate,No,12.5,1550000,51000,332000,5,767,1,0.213,882000,246000,Yes,Urban,Home,Approved
SLR104067,59,Male,Yes,0,Graduate,Yes,20.5,781000,354000,432000,2,841,0,0.433,2673000,57000,Yes,Urban,Medical,Approved
SLR104068,39,Male,No,1,Graduate,No,9.2,420000,0,465000,2,581,1,0.75,359000,505000,Yes,Urban,Medical,Rejected
SLR104069,54,Male,Yes,3+,Graduate,No,18.1,634000,278000,921000,7,663,0,0.75,1003000,695000,Yes,Semiurban,Education,Approved
SLR104070,25,Female,Yes,0,Not Graduate,No,4.9,757000,50000,514000,10,668,1,0.512,2392000,376000,Yes,Semiurban,Vehicle,Approved
SLR104071,25,Male,No,1,Graduate,No,1.9,405000,0,660000,5,778,2,0.75,802000,202000,Yes,Semiurban,Home,Approved
SLR104072,56,Male,No,2,Graduate,Yes,20.5,885000,0,665000,20,718,0,0.598,1449000,372000,Yes,Rural,Business,Approved
SLR104073,58,Male,Yes,2,Not Graduate,Yes,26.8,636000,201000,463000,5,778,1,0.403,1716000,88000,No,Urban,Personal,Approved
SLR104074,63,Male,No,0,Graduate,No,29.2,1044000,0,1949000,5,711,0,0.75,1618000,82000,No,Urban,Home,Approved
SLR104075,35,Male,No,3+,Not Graduate,No,11.2,321000,0,334000,5,689,1,0.679,192000,1337000,Yes,Urban,Personal,Rejected
SLR104076,22,Male,Yes,0,Graduate,No,1.2,211000,574000,1026000,5,741,1,0.75,10535000,67000,Yes,Urban,Business,Approved
SLR104077,65,Male,Yes,0,Graduate,No,35.0,443000,204000,1490000,20,710,2,0.75,516000,663000,No,Semiurban,Medical,Rejected
SLR104078,48,Female,Yes,0,Not Graduate,No,17.3,557000,203000,594000,10,719,1,0.736,678000,1039000,Yes,Rural,Education,Approved
SLR104079,32,Female,No,1,Graduate,No,14.1,204000,0,676000,5,739,0,0.75,325000,335000,Yes,Urban,Medical,Approved
SLR104080,55,Female,Yes,0,Graduate,No,18.5,394000,27000,918000,20,723,1,0.75,554000,322000,Yes,Urban,Business,Approved
SLR104081,61,Female,Yes,2,Graduate,No,17.1,1114000,261000,511000,10,764,0,0.25,1313000,391000,Yes,Urban,Medical,Approved
SLR104082,33,Male,No,2,Not Graduate,No,7.2,737000,0,190000,15,694,1,0.269,3394000,61000,Yes,Semiurban,Personal,Approved
SLR104083,55,Female,Yes,0,Not Graduate,Yes,14.7,593000,80000,553000,5,703,0,0.578,784000,206000,Yes,Rural,Business,Rejected
SLR104084,56,Male,Yes,2,Graduate,Yes,26.9,308000,63000,1895000,5,615,0,0.75,1532000,1063000,Yes,Urban,Home,Rejected
SLR104085,43,Male,No,3+,Graduate,No,16.0,1094000,0,941000,7,764,0,0.75,1808000,374000,Yes,Urban,Personal,Approved
SLR104086,49,Male,No,0,Graduate,No,16.5,437000,0,683000,7,818,1,0.75,490000,300000,Yes,Urban,Home,Approved
SLR104087,33,Male,No,2,Graduate,No,8.2,579000,0,1063000,20,555,0,0.75,253000,361000,Yes,Semiurban,Personal,Rejected
SLR104088,62,Female,Yes,3+,Graduate,Yes,24.5,688000,45000,592000,5,738,2,0.75,566000,194000,Yes,Urban,Personal,Approved
SLR104089,65,Female,Yes,2,Not Graduate,Yes,32.0,604000,147000,663000,3,679,1,0.75,4456000,127000,Yes,Semiurban,Vehicle,Approved
SLR104090,65,Male,Yes,1,Graduate,No,28.0,1249000,282000,491000,10,676,2,0.258,649000,719000,Yes,Urban,Business,Approved
SLR104091,54,Male,Yes,3+,Graduate,No,29.4,755000,30000,887000,7,737,1,0.75,687000,161000,No,Rural,Personal,Rejected
SLR104092,22,Male,Yes,2,Graduate,Yes,10.3,662000,140000,459000,7,688,1,0.54,1802000,2024000,Yes,Rural,Business,Rejected
SLR104093,37,Male,No,0,Graduate,No,10.3,524000,0,530000,7,719,0,0.725,2339000,267000,Yes,Urban,Personal,Approved
SLR104094,41,Female,No,0,Graduate,No,12.2,697000,0,1151000,5,663,1,0.75,470000,455000,Yes,Semiurban,Business,Rejected
SLR104095,64,Female,Yes,1,Graduate,No,21.3,490000,101000,573000,3,803,0,0.614,2550000,1298000,Yes,Urban,Personal,Approved
SLR104096,45,Male,Yes,0,Graduate,No,21.3,610000,74000,939000,15,673,2,0.75,2039000,497000,Yes,Semiurban,Personal,Rejected
SLR104097,45,Male,Yes,0,Graduate,No,17.9,456000,220000,990000,7,633,1,0.75,777000,113000,Yes,Rural,Home,Rejected
SLR104098,27,Male,Yes,0,Graduate,No,5.7,418000,157000,618000,15,716,0,0.634,242000,212000,Yes,Semiurban,Medical,Approved
SLR104099,56,Male,No,2,Graduate,No,17.8,332000,0,518000,7,627,1,0.75,2669000,86000,Yes,Urban,Education,Approved
SLR104100,36,Male,Yes,2,Not Graduate,No,12.1,474000,101000,276000,20,708,0,0.43,1787000,288000,No,Urban,Personal,Approved
SLR104101,25,Male,No,0,Graduate,No,4.7,457000,0,319000,20,814,0,0.706,1534000,148000,Yes,Urban,Business,Approved
SLR104102,65,Male,Yes,0,Graduate,No,25.8,1504000,50000,966000,7,687,0,0.616,373000,283000,No,Rural,Medical,Approved
SLR104103,29,Male,Yes,0,Not Graduate,No,11.9,949000,99000,954000,15,588,1,0.639,10025000,1022000,Yes,Urban,Personal,Approved
SLR104104,21,Male,No,0,Graduate,Yes,5.8,511000,0,342000,3,659,2,0.624,521000,1322000,Yes,Semiurban,Business,Approved
SLR104105,24,Female,Yes,1,Graduate,Yes,0.9,436000,62000,841000,3,751,1,0.75,791000,83000,Yes,Urban,Personal,Approved
SLR104106,41,Male,Yes,0,Not Graduate,No,15.2,771000,145000,748000,10,698,2,0.711,3109000,82000,Yes,Rural,Medical,Approved
SLR104107,25,Female,Yes,3+,Graduate,No,2.6,1601000,54000,1194000,2,743,0,0.61,1415000,358000,No,Urban,Personal,Approved
SLR104108,58,Male,Yes,0,Not Graduate,No,22.6,852000,45000,2656000,10,643,0,0.75,1552000,286000,Yes,Semiurban,Business,Rejected
SLR104109,44,Male,Yes,0,Graduate,No,16.1,214000,196000,944000,5,659,1,0.75,441000,114000,Yes,Urban,Business,Rejected
SLR104110,35,Male,Yes,2,Graduate,No,9.6,884000,307000,415000,5,738,2,0.407,412000,278000,Yes,Rural,Home,Approved
SLR104111,21,Male,Yes,0,Graduate,No,5.1,975000,47000,1054000,5,811,1,0.75,1847000,327000,No,Urban,Business,Approved
SLR104112,42,Male,Yes,0,Graduate,No,17.3,1844000,257000,330000,20,661,3,0.291,907000,255000,Yes,Urban,Medical,Rejected
SLR104113,27,Male,Yes,0,Graduate,Yes,5.4,480000,119000,2754000,10,693,0,0.75,7264000,896000,Yes,Urban,Personal,Approved
SLR104114,65,Male,No,1,Graduate,Yes,29.5,594000,0,293000,10,772,1,0.366,458000,783000,Yes,Semiurban,Personal,Approved
SLR104115,34,Female,No,0,Graduate,No,10.5,705000,0,864000,15,700,1,0.75,918000,297000,Yes,Semiurban,Personal,Approved
SLR104116,42,Male,Yes,2,Graduate,Yes,15.5,361000,195000,651000,15,738,1,0.721,1572000,910000,No,Urban,Vehicle,Approved
SLR104117,21,Male,Yes,1,Graduate,No,5.4,344000,33000,497000,5,634,0,0.671,890000,682000,Yes,Rural,Medical,Rejected
SLR104118,26,Female,Yes,2,Graduate,No,1.7,685000,73000,477000,20,690,0,0.645,651000,362000,Yes,Rural,Vehicle,Rejected
SLR104119,30,Male,Yes,1,Graduate,No,7.0,235000,112000,1575000,7,643,1,0.75,1425000,42000,Yes,Urban,Home,Approved
SLR104120,23,Male,Yes,2,Graduate,No,2.7,267000,172000,939000,7,564,1,0.75,8246000,105000,Yes,Urban,Personal,Rejected
SLR104121,53,Female,No,2,Not Graduate,No,15.7,861000,0,589000,15,624,1,0.615,746000,236000,No,Urban,Personal,Rejected
SLR104122,63,Male,Yes,1,Graduate,No,23.3,723000,421000,2004000,15,724,1,0.75,312000,484000,Yes,Rural,Personal,Approved
SLR104123,65,Male,Yes,2,Graduate,No,29.6,1094000,62000,602000,7,731,1,0.603,2201000,112000,Yes,Urban,Personal,Approved
SLR104124,32,Male,No,1,Not Graduate,No,6.9,710000,0,1048000,7,748,2,0.75,967000,795000,No,Urban,Vehicle,Rejected
SLR104125,56,Male,No,0,Not Graduate,No,31.2,553000,0,272000,7,728,1,0.387,531000,1065000,Yes,Urban,Personal,Approved
SLR104126,43,Female,Yes,2,Graduate,Yes,13.9,1118000,212000,282000,2,673,0,0.311,2354000,479000,No,Semiurban,Home,Approved
SLR104127,23,Male,Yes,0,Graduate,Yes,4.7,436000,278000,1031000,10,553,2,0.75,2059000,497000,Yes,Semiurban,Vehicle,Rejected
SLR104128,25,Male,No,1,Not Graduate,No,1.6,458000,0,794000,10,604,4,0.75,730000,597000,Yes,Urban,Education,Rejected
SLR104129,45,Male,Yes,0,Graduate,Yes,11.3,531000,202000,2624000,7,773,0,0.75,302000,456000,Yes,Semiurban,Home,Approved
SLR104130,40,Male,No,0,Graduate,No,16.7,705000,0,411000,2,627,0,0.584,3092000,351000,Yes,Semiurban,Business,Rejected
SLR104131,21,Male,No,0,Graduate,No,0.5,530000,0,1008000,7,684,0,0.75,732000,296000,Yes,Urban,Vehicle,Rejected
SLR104132,62,Male,Yes,0,Graduate,No,13.9,243000,179000,554000,3,695,2,0.75,1720000,696000,Yes,Semiurban,Business,Approved
SLR104133,53,Female,Yes,0,Not Graduate,No,18.5,475000,262000,1128000,7,586,1,0.75,1203000,675000,Yes,Urban,Home,Rejected
SLR104134,43,Male,Yes,0,Graduate,No,17.5,541000,189000,1071000,15,715,2,0.75,2145000,108000,No,Urban,Medical,Approved
SLR104135,65,Female,Yes,1,Graduate,No,26.9,586000,129000,638000,5,805,1,0.75,1683000,322000,Yes,Rural,Vehicle,Approved
SLR104136,64,Male,Yes,0,Graduate,No,30.5,430000,113000,402000,20,689,0,0.495,4451000,493000,Yes,Urban,Education,Approved
SLR104137,64,Male,No,3+,Graduate,No,23.7,726000,0,521000,10,670,1,0.477,2475000,101000,Yes,Rural,Personal,Approved
SLR104138,32,Male,No,2,Not Graduate,No,6.4,227000,0,315000,5,603,0,0.75,233000,552000,Yes,Semiurban,Medical,Rejected
SLR104139,60,Female,No,0,Not Graduate,No,22.5,691000,0,824000,5,669,1,0.75,997000,287000,No,Semiurban,Home,Approved
SLR104140,43,Male,No,0,Graduate,No,20.0,1474000,0,105000,3,731,1,0.184,1567000,1606000,No,Rural,Medical,Approved
SLR104141,53,Male,No,1,Not Graduate,No,20.2,394000,0,446000,15,690,0,0.654,961000,602000,Yes,Rural,Home,Approved
SLR104142,59,Female,Yes,0,Graduate,No,29.5,568000,61000,1170000,3,657,1,0.75,4016000,363000,No,Semiurban,Home,Rejected
SLR104143,28,Male,Yes,1,Graduate,Yes,8.0,480000,93000,1152000,10,765,1,0.75,2092000,481000,Yes,Rural,Business,Approved
SLR104144,41,Male,Yes,1,Graduate,No,12.6,485000,249000,228000,10,670,0,0.266,251000,369000,Yes,Rural,Home,Approved
SLR104145,26,Male,Yes,1,Graduate,No,6.6,312000,57000,949000,5,658,2,0.75,998000,97000,Yes,Semiurban,Business,Approved
SLR104146,33,Male,Yes,0,Graduate,No,6.1,1645000,201000,310000,7,701,1,0.243,1423000,320000,Yes,Urban,Education,Approved
SLR104147,39,Male,Yes,2,Not Graduate,Yes,13.6,680000,132000,508000,5,788,5,0.673,679000,89000,No,Urban,Home,Approved
SLR104148,59,Male,Yes,0,Graduate,No,30.3,380000,159000,1069000,15,678,3,0.75,2572000,261000,Yes,Semiurban,Business,Approved
SLR104149,59,Female,Yes,2,Graduate,No,28.4,357000,101000,345000,20,624,1,0.583,2297000,377000,Yes,Rural,Personal,Approved
SLR104150,38,Male,No,3+,Not Graduate,No,17.1,569000,0,1643000,20,731,1,0.75,1977000,125000,Yes,Urban,Vehicle,Rejected
SLR104151,35,Male,Yes,0,Not Graduate,No,12.9,167000,55000,768000,3,665,6,0.75,2692000,315000,Yes,Rural,Medical,Rejected
SLR104152,44,Female,Yes,2,Graduate,No,13.6,981000,196000,878000,10,732,2,0.75,4657000,1103000,Yes,Semiurban,Vehicle,Approved
SLR104153,62,Male,Yes,2,Graduate,No,29.4,415000,113000,1309000,10,536,6,0.75,2943000,217000,Yes,Semiurban,Home,Rejected
SLR104154,64,Male,Yes,1,Not Graduate,No,21.3,681000,51000,1160000,20,693,3,0.75,2889000,157000,No,Urban,Vehicle,Rejected
SLR104155,31,Male,Yes,0,Graduate,No,12.4,699000,143000,1096000,7,671,1,0.75,1376000,813000,No,Urban,Personal,Approved
SLR104156,29,Male,Yes,2,Graduate,No,1.7,935000,1856000,424000,7,618,2,0.264,830000,401000,Yes,Semiurban,Vehicle,Approved
SLR104157,52,Male,Yes,0,Graduate,No,8.3,721000,102000,316000,7,599,1,0.45,8824000,328000,Yes,Urban,Education,Rejected
SLR104158,34,Female,No,0,Graduate,No,13.7,828000,0,541000,15,669,2,0.462,2032000,517000,Yes,Rural,Personal,Rejected
SLR104159,29,Female,Yes,1,Graduate,No,7.5,963000,15000,885000,10,610,0,0.75,588000,384000,Yes,Semiurban,Personal,Approved
SLR104160,22,Male,No,1,Not Graduate,No,0.0,459000,0,282000,3,468,2,0.44,1305000,182000,Yes,Urban,Business,Rejected
SLR104161,39,Male,No,0,Graduate,No,9.4,1796000,0,949000,20,602,1,0.279,1022000,134000,Yes,Semiurban,Vehicle,Rejected
SLR104162,38,Female,Yes,3+,Not Graduate,No,19.0,668000,122000,829000,10,599,2,0.75,2949000,1418000,Yes,Semiurban,Education,Approved
SLR104163,46,Male,Yes,0,Graduate,No,10.5,542000,72000,578000,5,692,1,0.731,1056000,492000,Yes,Rural,Business,Approved
SLR104164,30,Female,Yes,1,Graduate,No,7.1,346000,117000,677000,7,601,3,0.75,350000,1181000,Yes,Urban,Business,Rejected
SLR104165,53,Male,No,1,Graduate,No,19.9,491000,0,678000,5,690,0,0.75,2371000,278000,No,Rural,Personal,Approved
SLR104166,51,Male,No,0,Graduate,No,15.5,686000,0,866000,10,619,1,0.75,866000,911000,Yes,Semiurban,Home,Rejected
SLR104167,41,Female,No,2,Graduate,Yes,11.4,580000,0,1056000,7,749,0,0.75,176000,180000,Yes,Semiurban,Business,Approved
SLR104168,29,Male,No,1,Not Graduate,No,3.7,1503000,0,4202000,20,718,2,0.75,3165000,96000,Yes,Semiurban,Home,Approved
SLR104169,43,Male,Yes,1,Graduate,Yes,17.8,444000,100000,726000,2,667,2,0.75,430000,493000,No,Urban,Home,Approved
SLR104170,51,Female,No,1,Graduate,No,23.6,799000,0,428000,7,701,2,0.493,575000,716000,Yes,Urban,Personal,Approved
SLR104171,37,Male,Yes,3+,Graduate,No,13.8,296000,60000,188000,5,733,2,0.434,1505000,785000,Yes,Urban,Education,Rejected
SLR104172,32,Male,Yes,3+,Graduate,No,9.5,1827000,106000,260000,2,695,2,0.162,1588000,475000,Yes,Semiurban,Home,Approved
SLR104173,43,Male,Yes,0,Graduate,No,16.5,285000,96000,397000,15,701,4,0.75,859000,196000,Yes,Semiurban,Vehicle,Approved
SLR104174,36,Male,No,0,Graduate,No,17.3,1721000,0,1018000,10,532,2,0.549,1945000,461000,No,Urban,Home,Approved
SLR104175,39,Male,Yes,1,Graduate,No,12.7,510000,235000,503000,20,651,2,0.521,2976000,455000,Yes,Urban,Business,Approved
SLR104176,36,Male,Yes,3+,Not Graduate,No,11.3,161000,168000,847000,10,632,0,0.75,611000,319000,Yes,Rural,Personal,Rejected
SLR104177,34,Male,Yes,2,Not Graduate,Yes,6.6,1157000,72000,404000,5,769,1,0.374,1494000,236000,No,Urban,Medical,Approved
SLR104178,53,Female,No,0,Graduate,No,22.6,575000,0,874000,5,661,0,0.75,1574000,137000,Yes,Urban,Personal,Approved
SLR104179,41,Male,Yes,3+,Graduate,Yes,14.0,429000,55000,1146000,10,639,0,0.75,4109000,399000,Yes,Urban,Personal,Rejected
SLR104180,41,Male,Yes,0,Graduate,No,13.0,783000,77000,500000,10,734,1,0.39,1693000,410000,Yes,Semiurban,Home,Approved
SLR104181,50,Male,Yes,0,Graduate,No,27.2,793000,208000,862000,2,576,0,0.743,266000,105000,Yes,Urban,Personal,Rejected
SLR104182,37,Female,Yes,1,Not Graduate,No,7.7,691000,175000,488000,20,684,1,0.416,11144000,1604000,Yes,Urban,Medical,Approved
SLR104183,25,Male,No,0,Graduate,No,2.3,1027000,0,292000,20,542,2,0.384,1539000,107000,Yes,Rural,Home,Rejected
SLR104184,59,Female,No,1,Not Graduate,No,22.9,632000,0,932000,15,636,2,0.75,1751000,197000,No,Rural,Education,Approved
SLR104185,23,Male,No,0,Graduate,No,2.4,786000,0,850000,5,655,0,0.732,1262000,413000,Yes,Rural,Home,Approved
SLR104186,46,Male,No,2,Not Graduate,No,13.3,413000,0,956000,5,799,2,0.75,1776000,459000,Yes,Urban,Home,Approved
SLR104187,32,Female,Yes,3+,Not Graduate,No,10.7,838000,105000,1210000,10,679,1,0.75,2037000,175000,No,Semiurban,Education,Rejected
SLR104188,30,Female,Yes,0,Not Graduate,No,6.7,414000,170000,553000,5,623,0,0.515,2782000,159000,Yes,Urban,Personal,Rejected
SLR104189,22,Male,Yes,1,Not Graduate,No,5.2,296000,153000,580000,7,680,2,0.75,1207000,310000,Yes,Semiurban,Business,Approved
SLR104190,61,Male,No,2,Graduate,No,33.5,491000,0,540000,10,798,2,0.75,162000,329000,Yes,Semiurban,Personal,Approved
SLR104191,40,Male,Yes,0,Graduate,No,6.5,473000,137000,814000,2,536,3,0.75,933000,1059000,No,Semiurban,Personal,Rejected
SLR104192,36,Male,No,2,Graduate,No,15.8,916000,0,594000,3,748,5,0.75,1141000,142000,Yes,Urban,Home,Approved
SLR104193,54,Female,Yes,1,Not Graduate,No,24.4,247000,26000,705000,2,718,1,0.75,745000,356000,Yes,Semiurban,Home,Approved
SLR104194,22,Female,Yes,0,Not Graduate,No,0.0,1004000,63000,407000,5,681,1,0.464,520000,297000,No,Rural,Home,Approved
SLR104195,46,Male,Yes,2,Graduate,No,24.4,390000,178000,333000,7,667,0,0.513,896000,456000,Yes,Urban,Personal,Rejected
SLR104196,43,Male,No,0,Not Graduate,No,12.7,142000,0,360000,15,798,1,0.75,2982000,270000,No,Semiurban,Medical,Rejected
SLR104197,45,Male,No,0,Graduate,Yes,16.7,283000,0,852000,5,744,2,0.75,1831000,785000,Yes,Urban,Personal,Approved
SLR104198,26,Male,Yes,0,Graduate,No,3.6,464000,263000,632000,5,612,2,0.75,408000,579000,Yes,Urban,Vehicle,Rejected
SLR104199,63,Female,No,2,Graduate,No,20.5,702000,0,472000,2,692,0,0.509,285000,961000,No,Urban,Personal,Approved
SLR104200,31,Male,No,3+,Graduate,No,12.1,511000,0,1000000,7,783,1,0.75,281000,372000,Yes,Urban,Business,Approved
SLR104201,51,Male,Yes,0,Graduate,Yes,14.3,283000,99000,1677000,2,730,3,0.75,1714000,334000,Yes,Urban,Vehicle,Approved
SLR104202,54,Male,No,0,Not Graduate,Yes,22.0,358000,0,471000,5,710,0,0.75,354000,245000,Yes,Urban,Education,Rejected
SLR104203,36,Female,Yes,0,Graduate,No,8.5,285000,159000,321000,15,592,1,0.457,1270000,103000,Yes,Semiurban,Home,Rejected
SLR104204,26,Male,Yes,1,Graduate,No,2.7,634000,56000,1201000,20,864,0,0.75,2467000,456000,Yes,Rural,Home,Approved
SLR104205,34,Male,Yes,0,Graduate,No,11.1,523000,181000,657000,5,744,4,0.75,1958000,482000,Yes,Urban,Personal,Rejected
SLR104206,57,Male,Yes,0,Graduate,No,21.2,771000,109000,577000,5,824,1,0.65,1003000,526000,Yes,Urban,Home,Approved
SLR104207,61,Male,Yes,0,Graduate,No,30.2,208000,6000,1260000,10,713,2,0.75,5548000,246000,Yes,Urban,Home,Rejected
SLR104208,63,Male,Yes,1,Not Graduate,No,29.1,410000,63000,548000,10,689,1,0.667,789000,133000,Yes,Semiurban,Vehicle,Approved
SLR104209,31,Male,Yes,1,Graduate,No,2.1,1679000,140000,841000,5,642,0,0.379,1542000,176000,No,Urban,Home,Approved
SLR104210,48,Male,No,1,Not Graduate,No,17.7,782000,0,721000,20,763,0,0.75,967000,403000,Yes,Urban,Personal,Approved
SLR104211,27,Male,Yes,0,Not Graduate,No,5.5,467000,156000,5356000,7,802,0,0.75,1143000,817000,Yes,Urban,Personal,Approved
SLR104212,52,Female,Yes,1,Not Graduate,No,19.9,320000,278000,596000,20,768,1,0.75,2858000,95000,Yes,Urban,Personal,Approved
SLR104213,39,Male,Yes,1,Graduate,No,20.7,1011000,59000,1195000,15,859,1,0.75,2442000,1228000,Yes,Urban,Medical,Approved
SLR104214,53,Male,Yes,1,Graduate,No,20.2,1278000,215000,552000,20,700,1,0.47,266000,62000,Yes,Urban,Vehicle,Rejected
SLR104215,51,Male,No,0,Not Graduate,No,19.3,292000,0,871000,3,643,1,0.75,540000,1467000,Yes,Rural,Vehicle,Approved
SLR104216,65,Female,No,0,Graduate,No,23.8,308000,0,572000,5,709,1,0.75,2871000,147000,No,Urban,Vehicle,Approved
SLR104217,42,Female,Yes,1,Graduate,No,15.0,641000,289000,1090000,5,750,1,0.75,419000,1086000,No,Urban,Personal,Approved
SLR104218,36,Female,No,0,Graduate,Yes,11.8,675000,0,611000,10,670,5,0.75,547000,236000,Yes,Semiurban,Home,Rejected
SLR104219,44,Male,Yes,1,Graduate,No,18.8,717000,96000,902000,5,687,3,0.75,1857000,1046000,Yes,Urban,Education,Approved
SLR104220,28,Male,No,0,Graduate,No,5.2,1516000,0,398000,5,706,0,0.36,3267000,53000,Yes,Urban,Vehicle,Approved
SLR104221,26,Male,Yes,0,Not Graduate,No,0.8,322000,52000,387000,5,727,0,0.697,2918000,540000,Yes,Urban,Personal,Rejected
SLR104222,44,Male,Yes,1,Graduate,Yes,15.8,562000,199000,191000,5,700,0,0.168,320000,768000,Yes,Rural,Home,Approved
SLR104223,58,Male,Yes,0,Graduate,No,33.9,818000,153000,824000,15,706,2,0.653,1066000,433000,No,Urban,Vehicle,Approved
SLR104224,44,Male,Yes,0,Not Graduate,Yes,14.4,813000,191000,426000,20,738,2,0.299,967000,545000,Yes,Urban,Personal,Approved
SLR104225,56,Male,Yes,2,Graduate,No,24.2,385000,128000,2708000,5,748,0,0.75,793000,785000,No,Semiurban,Home,Approved
SLR104226,29,Male,Yes,1,Graduate,No,6.9,394000,141000,478000,2,653,0,0.75,330000,397000,No,Rural,Personal,Rejected
SLR104227,41,Male,Yes,3+,Not Graduate,No,11.9,427000,95000,1461000,10,552,1,0.75,4663000,238000,No,Urban,Home,Rejected
SLR104228,48,Male,No,0,Not Graduate,No,25.9,1404000,0,1368000,7,612,1,0.688,1229000,120000,No,Semiurban,Business,Rejected
SLR104229,36,Female,No,2,Graduate,No,8.9,321000,0,554000,7,725,0,0.75,565000,724000,Yes,Urban,Personal,Approved
SLR104230,21,Male,Yes,2,Graduate,No,0.3,460000,138000,403000,5,635,0,0.53,1881000,825000,Yes,Rural,Business,Rejected
SLR104231,24,Female,No,0,Graduate,No,0.0,843000,0,596000,7,710,2,0.645,1169000,599000,Yes,Urban,Vehicle,Approved
SLR104232,62,Male,Yes,1,Not Graduate,No,34.5,302000,29000,1359000,3,686,2,0.75,2896000,637000,Yes,Urban,Home,Approved
SLR104233,48,Female,No,1,Not Graduate,No,12.3,634000,0,2871000,10,695,3,0.75,875000,423000,No,Urban,Personal,Rejected
SLR104234,32,Female,Yes,1,Graduate,No,7.6,193000,89000,291000,20,727,1,0.75,921000,241000,No,Semiurban,Home,Approved
SLR104235,32,Male,No,0,Not Graduate,No,8.8,611000,0,656000,20,779,1,0.75,1396000,861000,Yes,Urban,Education,Approved
SLR104236,22,Female,No,3+,Graduate,No,2.4,566000,0,439000,10,689,3,0.75,2538000,235000,No,Semiurban,Vehicle,Rejected
SLR104237,63,Male,No,2,Graduate,No,23.1,602000,0,514000,7,612,1,0.75,566000,381000,No,Semiurban,Personal,Approved
SLR104238,25,Male,No,3+,Graduate,No,5.5,341000,0,1971000,20,713,0,0.75,388000,539000,No,Rural,Education,Rejected
SLR104239,55,Female,Yes,2,Graduate,No,26.0,623000,43000,394000,10,743,1,0.37,2168000,1052000,Yes,Semiurban,Personal,Rejected
SLR104240,31,Male,No,2,Not Graduate,Yes,10.5,538000,0,229000,7,521,1,0.36,1765000,34000,Yes,Urban,Vehicle,Rejected
SLR104241,36,Male,Yes,2,Graduate,No,8.2,1124000,150000,741000,5,636,3,0.571,1435000,699000,Yes,Semiurban,Personal,Approved
SLR104242,33,Male,Yes,1,Graduate,No,11.9,781000,81000,832000,10,692,5,0.626,1478000,243000,Yes,Urban,Home,Rejected
SLR104243,58,Male,No,3+,Graduate,Yes,21.9,248000,0,494000,15,654,1,0.75,1410000,521000,Yes,Semiurban,Business,Approved
SLR104244,22,Male,Yes,1,Not Graduate,No,1.9,348000,73000,417000,7,700,1,0.75,4624000,77000,Yes,Urban,Personal,Approved
SLR104245,36,Male,Yes,0,Graduate,No,12.9,392000,145000,721000,5,643,1,0.75,1658000,191000,No,Rural,Personal,Rejected
SLR104246,33,Male,No,1,Not Graduate,No,11.2,607000,0,270000,7,760,1,0.416,1153000,889000,Yes,Rural,Medical,Approved
SLR104247,33,Male,Yes,0,Graduate,No,13.5,501000,27000,855000,10,694,1,0.75,540000,890000,No,Semiurban,Home,Approved
SLR104248,29,Male,Yes,3+,Not Graduate,No,7.9,500000,65000,519000,5,555,1,0.569,972000,298000,Yes,Semiurban,Personal,Rejected
SLR104249,62,Male,Yes,1,Graduate,Yes,30.8,2591000,112000,1601000,7,745,1,0.597,2266000,1359000,Yes,Semiurban,Personal,Approved
SLR104250,38,Male,No,1,Graduate,Yes,10.3,415000,0,799000,2,750,0,0.75,2681000,347000,No,Semiurban,Home,Approved
SLR104251,39,Male,No,0,Not Graduate,No,17.1,1182000,0,588000,15,687,0,0.435,369000,452000,Yes,Semiurban,Home,Approved
SLR104252,38,Male,Yes,1,Graduate,No,8.3,507000,232000,560000,7,552,1,0.741,3055000,179000,Yes,Rural,Vehicle,Approved
SLR104253,65,Female,Yes,0,Not Graduate,No,28.1,166000,39000,185000,7,758,2,0.75,1234000,241000,No,Urban,Home,Approved
SLR104254,36,Female,Yes,1,Graduate,No,8.3,611000,167000,600000,15,613,3,0.712,11437000,484000,Yes,Urban,Personal,Rejected
SLR104255,36,Male,No,1,Graduate,Yes,7.3,1018000,0,570000,7,663,0,0.413,4114000,54000,No,Rural,Business,Rejected
SLR104256,35,Male,No,1,Not Graduate,No,8.4,779000,0,672000,7,647,2,0.75,1165000,377000,No,Urban,Medical,Rejected
SLR104257,35,Female,No,0,Not Graduate,No,10.8,633000,0,574000,5,582,0,0.75,479000,495000,Yes,Semiurban,Personal,Approved
SLR104258,25,Female,Yes,1,Graduate,No,2.9,557000,182000,1645000,15,690,1,0.75,541000,349000,No,Urban,Vehicle,Approved
SLR104259,48,Male,Yes,1,Graduate,No,22.7,419000,78000,546000,7,705,1,0.75,844000,1101000,Yes,Urban,Education,Approved
SLR104260,22,Male,Yes,2,Not Graduate,Yes,0.0,900000,56000,376000,7,699,1,0.359,6864000,237000,Yes,Urban,Home,Rejected
SLR104261,31,Male,Yes,3+,Graduate,No,10.1,433000,126000,220000,7,674,2,0.54,1030000,288000,Yes,Semiurban,Vehicle,Approved
SLR104262,30,Male,Yes,2,Not Graduate,No,7.3,387000,32000,486000,10,634,0,0.671,1651000,252000,Yes,Urban,Vehicle,Approved
SLR104263,34,Female,Yes,0,Graduate,No,9.6,689000,165000,329000,7,800,0,0.414,1192000,273000,Yes,Urban,Business,Approved
SLR104264,55,Male,Yes,0,Graduate,No,27.1,466000,189000,280000,7,704,1,0.478,1136000,306000,Yes,Semiurban,Vehicle,Approved
SLR104265,47,Male,No,3+,Not Graduate,Yes,23.0,1113000,0,531000,10,620,1,0.42,929000,222000,No,Rural,Home,Rejected
SLR104266,65,Male,Yes,3+,Graduate,No,30.2,711000,137000,1362000,10,723,1,0.75,5046000,855000,Yes,Semiurban,Education,Approved
SLR104267,36,Female,Yes,0,Graduate,No,9.1,359000,101000,1194000,10,717,0,0.75,2946000,1063000,Yes,Semiurban,Home,Rejected
SLR104268,62,Male,No,2,Graduate,No,27.5,293000,0,282000,7,736,1,0.75,374000,870000,Yes,Urban,Home,Approved
SLR104269,23,Female,Yes,0,Not Graduate,No,1.9,401000,342000,666000,20,688,0,0.692,305000,616000,Yes,Rural,Personal,Rejected
SLR104270,43,Male,Yes,0,Graduate,No,16.3,1990000,235000,856000,7,643,1,0.422,2812000,160000,Yes,Semiurban,Personal,Approved
SLR104271,56,Male,Yes,3+,Not Graduate,No,21.9,483000,316000,951000,15,587,2,0.75,3571000,327000,Yes,Urban,Medical,Rejected
SLR104272,44,Male,Yes,3+,Graduate,No,10.9,835000,90000,1843000,7,650,0,0.75,590000,1845000,Yes,Urban,Business,Approved
SLR104273,62,Male,Yes,3+,Graduate,No,28.6,268000,148000,304000,5,566,1,0.547,920000,293000,No,Semiurban,Personal,Approved
SLR104274,35,Female,No,0,Graduate,No,9.8,303000,0,365000,7,713,0,0.75,3653000,476000,Yes,Semiurban,Vehicle,Approved
SLR104275,22,Male,Yes,1,Graduate,No,2.1,496000,54000,423000,7,570,2,0.507,2414000,105000,Yes,Semiurban,Education,Rejected
SLR104276,55,Male,Yes,3+,Graduate,No,30.5,1402000,128000,825000,5,663,1,0.615,1364000,536000,No,Urban,Vehicle,Rejected
SLR104277,24,Male,Yes,1,Graduate,No,3.0,270000,112000,111000,10,745,3,0.341,2280000,203000,No,Rural,Personal,Approved
SLR104278,55,Male,Yes,1,Graduate,No,31.5,389000,102000,560000,7,672,2,0.75,1091000,282000,Yes,Urban,Vehicle,Approved
SLR104279,54,Male,Yes,1,Not Graduate,No,27.8,903000,114000,204000,10,686,1,0.262,950000,38000,No,Urban,Vehicle,Rejected
SLR104280,58,Female,No,0,Graduate,Yes,32.5,1321000,0,649000,5,723,2,0.421,3574000,334000,Yes,Urban,Personal,Rejected
SLR104281,42,Male,Yes,1,Graduate,No,17.9,700000,244000,2496000,7,728,4,0.75,754000,714000,Yes,Rural,Vehicle,Rejected
SLR104282,61,Male,Yes,2,Graduate,No,34.7,798000,75000,1168000,5,768,0,0.75,899000,738000,Yes,Rural,Business,Approved
SLR104283,28,Male,Yes,0,Graduate,No,5.4,336000,43000,293000,7,732,1,0.75,6322000,254000,Yes,Urban,Home,Approved
SLR104284,40,Male,No,0,Not Graduate,No,13.2,266000,0,495000,10,717,2,0.75,633000,645000,Yes,Urban,Home,Approved
SLR104285,26,Male,Yes,1,Not Graduate,No,7.7,293000,238000,365000,5,543,1,0.652,6146000,752000,Yes,Semiurban,Business,Approved
SLR104286,55,Male,Yes,1,Not Graduate,No,22.4,340000,160000,1508000,5,708,3,0.75,1609000,188000,Yes,Semiurban,Business,Rejected
SLR104287,53,Male,Yes,0,Graduate,Yes,25.1,623000,48000,155000,5,814,0,0.261,1379000,756000,No,Semiurban,Vehicle,Approved
SLR104288,57,Male,Yes,0,Graduate,No,22.5,281000,108000,489000,5,739,1,0.75,2195000,267000,Yes,Urban,Vehicle,Rejected
SLR104289,55,Female,No,2,Not Graduate,Yes,24.8,631000,0,413000,5,763,2,0.528,2921000,121000,Yes,Urban,Business,Approved
SLR104290,34,Female,Yes,0,Not Graduate,No,7.7,462000,51000,303000,15,639,0,0.539,4681000,199000,Yes,Semiurban,Home,Approved
SLR104291,24,Male,No,1,Graduate,No,2.3,404000,0,1910000,5,685,2,0.75,1122000,415000,Yes,Urban,Personal,Rejected
SLR104292,62,Male,Yes,1,Graduate,No,28.8,895000,107000,235000,10,732,1,0.336,2050000,104000,Yes,Urban,Personal,Approved
SLR104293,43,Male,No,1,Not Graduate,No,12.6,325000,0,299000,7,723,2,0.75,918000,67000,No,Semiurban,Personal,Approved
SLR104294,25,Male,Yes,1,Not Graduate,No,3.7,1211000,144000,1834000,5,749,1,0.75,839000,477000,Yes,Urban,Education,Approved
SLR104295,62,Male,No,2,Graduate,No,32.2,869000,0,609000,5,605,1,0.499,1531000,461000,Yes,Rural,Personal,Rejected
SLR104296,65,Male,No,1,Graduate,No,35.0,319000,0,580000,3,631,1,0.75,2661000,280000,Yes,Urban,Vehicle,Rejected
SLR104297,41,Female,Yes,1,Not Graduate,No,13.1,1065000,70000,433000,3,593,2,0.386,599000,374000,Yes,Semiurban,Personal,Approved
SLR104298,55,Male,Yes,1,Graduate,Yes,18.9,299000,86000,649000,5,709,0,0.75,326000,588000,Yes,Rural,Personal,Approved
SLR104299,22,Male,Yes,1,Graduate,Yes,5.7,1120000,214000,492000,10,676,0,0.222,547000,88000,Yes,Urban,Home,Approved
SLR104300,25,Male,Yes,1,Graduate,No,3.6,661000,26000,403000,7,675,2,0.426,891000,40000,Yes,Rural,Business,Approved
SLR104301,33,Male,No,1,Graduate,No,9.4,231000,0,261000,7,639,0,0.713,4366000,665000,Yes,Urban,Business,Rejected
SLR104302,50,Male,Yes,1,Not Graduate,No,21.7,270000,691000,667000,3,627,3,0.521,642000,468000,Yes,Rural,Home,Approved
SLR104303,27,Male,No,0,Not Graduate,Yes,11.5,440000,0,441000,15,690,1,0.75,2144000,529000,Yes,Semiurban,Medical,Approved
SLR104304,22,Male,No,2,Graduate,No,1.2,886000,0,479000,5,773,0,0.44,3805000,178000,Yes,Urban,Home,Approved
SLR104305,51,Female,No,0,Graduate,No,20.2,501000,0,998000,5,808,1,0.75,685000,403000,Yes,Urban,Personal,Approved
SLR104306,55,Female,No,3+,Not Graduate,Yes,17.4,494000,0,468000,5,808,2,0.75,4662000,808000,Yes,Semiurban,Personal,Approved
SLR104307,54,Male,Yes,1,Graduate,No,28.2,562000,79000,605000,20,655,3,0.723,2303000,408000,Yes,Urban,Personal,Rejected
SLR104308,56,Female,Yes,0,Graduate,No,29.3,184000,55000,1929000,10,601,2,0.75,574000,228000,Yes,Rural,Home,Rejected
SLR104309,57,Male,Yes,1,Graduate,No,28.0,865000,87000,834000,3,756,2,0.75,962000,413000,Yes,Semiurban,Personal,Approved
SLR104310,48,Female,No,0,Graduate,No,24.7,1149000,0,458000,5,786,2,0.38,672000,1011000,Yes,Rural,Personal,Approved
SLR104311,44,Male,No,3+,Not Graduate,No,14.3,849000,0,319000,15,721,4,0.453,1086000,393000,Yes,Urban,Medical,Approved
SLR104312,59,Male,Yes,3+,Graduate,No,29.3,436000,151000,596000,15,688,3,0.602,1957000,140000,Yes,Semiurban,Personal,Rejected
SLR104313,36,Male,No,2,Not Graduate,Yes,11.6,338000,0,1085000,3,643,0,0.75,761000,1366000,Yes,Urban,Home,Rejected
SLR104314,25,Male,No,1,Graduate,Yes,4.9,303000,0,443000,5,735,2,0.75,1905000,271000,Yes,Semiurban,Vehicle,Approved
SLR104315,54,Male,Yes,3+,Graduate,No,25.4,295000,238000,632000,2,733,0,0.75,1603000,198000,Yes,Urban,Personal,Rejected
SLR104316,33,Male,No,1,Not Graduate,No,10.7,1911000,0,436000,3,711,0,0.196,525000,210000,No,Rural,Medical,Approved
SLR104317,65,Male,No,2,Graduate,No,20.5,527000,0,499000,3,607,2,0.75,1913000,515000,Yes,Rural,Personal,Approved
SLR104318,39,Male,Yes,0,Not Graduate,Yes,14.5,905000,71000,283000,7,615,2,0.383,3597000,212000,Yes,Semiurban,Medical,Approved
SLR104319,59,Male,Yes,3+,Graduate,No,31.3,878000,165000,745000,2,683,1,0.742,1103000,93000,No,Urban,Education,Approved
SLR104320,22,Female,Yes,1,Not Graduate,No,2.5,595000,692000,686000,10,768,1,0.503,2654000,494000,Yes,Semiurban,Personal,Approved
SLR104321,50,Male,No,0,Graduate,No,18.2,329000,0,1630000,7,758,0,0.75,545000,409000,Yes,Semiurban,Education,Approved
SLR104322,41,Female,Yes,3+,Graduate,No,12.1,732000,218000,669000,7,660,2,0.649,5473000,372000,Yes,Semiurban,Home,Approved
SLR104323,41,Male,No,2,Graduate,No,12.0,303000,0,392000,20,553,0,0.75,2363000,151000,Yes,Urban,Vehicle,Rejected
SLR104324,32,Male,No,3+,Graduate,No,9.2,766000,0,1601000,5,790,0,0.75,2584000,248000,Yes,Semiurban,Vehicle,Approved
SLR104325,64,Male,No,0,Graduate,No,30.7,311000,0,789000,2,783,0,0.75,756000,492000,Yes,Semiurban,Home,Approved
SLR104326,38,Male,Yes,1,Graduate,No,10.9,433000,77000,704000,7,699,0,0.75,2590000,374000,No,Urban,Personal,Rejected
SLR104327,59,Male,Yes,2,Graduate,No,14.6,432000,35000,617000,7,658,0,0.75,1991000,445000,Yes,Semiurban,Business,Rejected
SLR104328,40,Female,Yes,0,Graduate,No,15.8,1187000,200000,687000,7,667,1,0.534,2678000,1171000,Yes,Rural,Home,Approved
SLR104329,23,Male,Yes,2,Graduate,Yes,0.5,144000,35000,355000,7,760,1,0.75,4426000,426000,No,Semiurban,Personal,Approved
SLR104330,60,Female,Yes,1,Graduate,No,29.2,1982000,202000,588000,5,730,0,0.302,886000,513000,Yes,Rural,Personal,Approved
SLR104331,29,Male,Yes,0,Graduate,No,5.3,353000,94000,538000,7,658,0,0.66,4425000,164000,No,Semiurban,Home,Rejected
SLR104332,33,Male,Yes,2,Not Graduate,No,13.9,514000,56000,783000,15,855,1,0.75,2732000,139000,Yes,Rural,Business,Approved
SLR104333,59,Male,Yes,0,Graduate,Yes,26.0,690000,369000,1282000,5,575,0,0.75,479000,594000,Yes,Urban,Business,Approved
SLR104334,61,Female,Yes,2,Graduate,Yes,27.5,659000,38000,1163000,7,645,3,0.75,6101000,237000,Yes,Semiurban,Personal,Approved
SLR104335,62,Male,Yes,2,Graduate,No,30.0,875000,70000,865000,15,647,1,0.75,859000,85000,Yes,Semiurban,Education,Approved
SLR104336,40,Male,No,1,Graduate,Yes,8.2,769000,0,202000,7,698,0,0.233,1667000,512000,No,Urban,Personal,Approved
SLR104337,55,Male,Yes,1,Graduate,No,20.0,1686000,135000,468000,3,775,3,0.288,1733000,793000,Yes,Rural,Home,Approved
SLR104338,35,Male,No,0,Not Graduate,No,14.5,822000,0,190000,7,752,2,0.309,588000,149000,Yes,Rural,Medical,Approved
SLR104339,54,Female,Yes,0,Graduate,No,26.0,516000,386000,1254000,7,700,0,0.75,3034000,87000,Yes,Semiurban,Home,Approved
SLR104340,43,Female,Yes,2,Not Graduate,No,10.8,406000,40000,574000,15,590,2,0.75,939000,1090000,No,Semiurban,Personal,Rejected
SLR104341,23,Male,No,0,Not Graduate,No,1.5,400000,0,564000,15,762,2,0.75,442000,985000,No,Semiurban,Business,Rejected
SLR104342,39,Female,No,0,Not Graduate,No,11.1,1120000,0,397000,15,605,0,0.436,667000,787000,No,Rural,Business,Rejected
SLR104343,42,Female,Yes,0,Graduate,No,11.3,1444000,1277000,1411000,7,660,1,0.501,273000,179000,No,Urban,Medical,Approved
SLR104344,32,Male,Yes,1,Graduate,No,12.9,955000,288000,663000,5,684,1,0.597,420000,276000,Yes,Urban,Personal,Approved
SLR104345,37,Male,Yes,2,Not Graduate,No,8.1,120000,110000,576000,7,629,0,0.75,3400000,481000,Yes,Urban,Personal,Rejected
SLR104346,43,Male,Yes,0,Not Graduate,No,11.8,160000,144000,673000,5,628,0,0.75,351000,712000,No,Rural,Vehicle,Rejected
SLR104347,23,Male,No,0,Graduate,No,3.4,548000,0,708000,20,757,2,0.75,1900000,314000,Yes,Urban,Vehicle,Approved
SLR104348,27,Male,Yes,0,Graduate,No,6.1,502000,158000,569000,3,799,1,0.75,826000,2911000,Yes,Semiurban,Home,Approved
SLR104349,55,Male,Yes,0,Graduate,No,26.4,556000,67000,1410000,7,684,1,0.75,3690000,566000,Yes,Rural,Personal,Approved
SLR104350,36,Female,Yes,0,Graduate,No,17.4,1095000,212000,1401000,7,557,0,0.75,1369000,388000,Yes,Semiurban,Vehicle,Rejected
SLR104351,48,Female,Yes,2,Not Graduate,No,8.4,1065000,139000,660000,15,711,1,0.524,472000,310000,Yes,Urban,Personal,Approved
SLR104352,46,Male,Yes,1,Not Graduate,Yes,12.2,606000,54000,374000,10,638,2,0.636,2361000,421000,Yes,Semiurban,Education,Rejected
SLR104353,45,Male,Yes,0,Graduate,No,16.6,238000,169000,768000,3,717,0,0.75,988000,477000,No,Semiurban,Business,Rejected
SLR104354,39,Male,No,1,Graduate,No,12.3,280000,0,422000,10,712,1,0.75,2548000,143000,Yes,Semiurban,Education,Rejected
SLR104355,42,Male,Yes,2,Graduate,Yes,14.1,571000,68000,1569000,7,549,0,0.75,1867000,134000,No,Semiurban,Education,Rejected
SLR104356,58,Male,Yes,0,Not Graduate,No,16.1,692000,85000,1723000,10,661,0,0.75,539000,193000,No,Urban,Business,Rejected
SLR104357,64,Male,Yes,0,Not Graduate,No,26.4,282000,181000,992000,3,736,1,0.75,1240000,271000,No,Urban,Home,Rejected
SLR104358,32,Male,Yes,2,Graduate,No,7.3,791000,287000,292000,7,683,0,0.296,834000,400000,Yes,Rural,Personal,Approved
SLR104359,51,Male,Yes,0,Graduate,No,19.8,210000,107000,459000,7,608,2,0.75,1104000,245000,Yes,Semiurban,Education,Rejected
SLR104360,64,Male,Yes,2,Not Graduate,No,31.8,127000,253000,545000,5,739,0,0.75,1230000,343000,Yes,Semiurban,Home,Approved
SLR104361,21,Male,No,2,Graduate,No,1.0,340000,0,360000,10,565,1,0.715,332000,112000,Yes,Semiurban,Home,Rejected
SLR104362,56,Female,No,3+,Not Graduate,No,22.6,1170000,0,510000,20,708,0,0.51,1821000,921000,Yes,Semiurban,Medical,Approved
SLR104363,43,Male,No,0,Graduate,No,15.3,1271000,0,723000,2,650,1,0.549,1034000,116000,Yes,Semiurban,Vehicle,Approved
SLR104364,64,Male,No,0,Graduate,No,26.6,229000,0,875000,5,723,1,0.75,441000,447000,Yes,Urban,Business,Rejected
SLR104365,47,Male,Yes,2,Graduate,No,16.3,239000,245000,1435000,5,673,0,0.75,489000,155000,Yes,Semiurban,Vehicle,Rejected
SLR104366,58,Male,Yes,1,Graduate,No,22.1,836000,103000,613000,7,726,2,0.488,291000,482000,No,Rural,Education,Approved
SLR104367,28,Male,Yes,0,Not Graduate,No,4.3,432000,180000,511000,10,792,0,0.491,8043000,1218000,Yes,Semiurban,Education,Approved
SLR104368,27,Male,No,1,Not Graduate,No,8.4,1166000,0,269000,10,742,3,0.273,1349000,673000,No,Rural,Personal,Approved
SLR104369,62,Male,Yes,0,Graduate,No,31.0,828000,74000,779000,7,741,2,0.67,1941000,172000,Yes,Semiurban,Home,Approved
SLR104370,44,Male,Yes,1,Graduate,No,19.6,910000,68000,463000,20,734,0,0.403,5078000,422000,Yes,Rural,Vehicle,Approved
SLR104371,46,Male,Yes,3+,Not Graduate,Yes,20.8,350000,42000,543000,5,561,1,0.75,16229000,262000,Yes,Semiurban,Business,Approved
SLR104372,28,Male,Yes,1,Not Graduate,No,4.9,702000,75000,430000,15,696,0,0.506,733000,122000,Yes,Rural,Home,Approved
SLR104373,31,Male,No,1,Graduate,No,7.1,1667000,0,438000,15,710,5,0.365,869000,774000,Yes,Urban,Home,Approved
SLR104374,57,Male,Yes,3+,Not Graduate,No,20.0,595000,189000,992000,3,731,1,0.75,562000,2259000,Yes,Urban,Personal,Approved
SLR104375,34,Male,Yes,2,Graduate,No,2.0,537000,51000,599000,2,684,0,0.551,1213000,985000,Yes,Semiurban,Personal,Approved
SLR104376,47,Male,Yes,0,Not Graduate,No,15.2,433000,70000,1717000,20,744,2,0.75,273000,132000,Yes,Semiurban,Personal,Approved
SLR104377,35,Male,No,1,Graduate,No,12.7,228000,0,301000,5,618,0,0.75,4511000,1842000,Yes,Urban,Business,Approved
SLR104378,32,Male,Yes,0,Graduate,No,11.7,301000,512000,1402000,10,839,1,0.75,2183000,213000,Yes,Urban,Personal,Approved
SLR104379,28,Male,Yes,0,Not Graduate,No,4.8,337000,69000,452000,2,732,2,0.75,1155000,252000,No,Urban,Home,Rejected
SLR104380,62,Male,Yes,1,Not Graduate,Yes,32.7,223000,40000,600000,15,621,2,0.75,374000,193000,No,Urban,Personal,Rejected
SLR104381,63,Male,Yes,0,Not Graduate,Yes,29.8,235000,42000,858000,5,792,1,0.75,5085000,398000,Yes,Rural,Business,Approved
SLR104382,26,Male,No,0,Graduate,No,3.8,143000,0,1212000,10,606,1,0.75,936000,68000,No,Semiurban,Vehicle,Rejected
SLR104383,36,Male,Yes,1,Not Graduate,No,10.5,358000,71000,1244000,2,691,4,0.75,6652000,161000,Yes,Rural,Vehicle,Approved
SLR104384,46,Female,No,0,Not Graduate,No,18.0,797000,0,1228000,3,699,3,0.75,1064000,893000,Yes,Urban,Personal,Approved
SLR104385,38,Female,Yes,1,Graduate,No,10.6,462000,260000,544000,15,659,0,0.524,1491000,2784000,Yes,Semiurban,Personal,Approved
SLR104386,53,Female,Yes,0,Graduate,No,30.1,463000,93000,2022000,7,681,3,0.75,454000,59000,Yes,Semiurban,Home,Rejected
SLR104387,32,Male,No,2,Not Graduate,No,11.2,839000,0,928000,15,695,1,0.75,4138000,814000,Yes,Rural,Personal,Rejected
SLR104388,23,Male,Yes,3+,Graduate,No,1.4,1392000,74000,92000,5,610,3,0.178,310000,133000,Yes,Urban,Personal,Rejected
SLR104389,36,Male,No,0,Graduate,No,15.6,1920000,0,647000,5,711,1,0.448,2810000,242000,Yes,Semiurban,Home,Approved
SLR104390,47,Male,Yes,2,Not Graduate,No,23.0,595000,82000,494000,15,690,1,0.585,4840000,127000,No,Urban,Home,Approved
SLR104391,29,Male,Yes,0,Graduate,No,10.5,471000,273000,517000,10,836,1,0.566,313000,780000,Yes,Semiurban,Education,Approved
SLR104392,57,Male,Yes,0,Not Graduate,Yes,27.0,438000,113000,958000,10,801,0,0.75,3233000,554000,Yes,Semiurban,Business,Approved
SLR104393,21,Male,Yes,0,Graduate,No,7.0,761000,401000,773000,5,635,1,0.57,5107000,386000,Yes,Urban,Medical,Rejected
SLR104394,24,Male,No,0,Graduate,No,0.0,505000,0,408000,7,679,2,0.446,2065000,651000,Yes,Urban,Home,Approved
SLR104395,43,Male,Yes,0,Not Graduate,No,13.9,506000,248000,1682000,10,638,1,0.75,2375000,578000,Yes,Urban,Home,Rejected
SLR104396,44,Male,Yes,2,Not Graduate,No,7.8,524000,28000,275000,5,671,0,0.399,1978000,141000,Yes,Urban,Personal,Rejected
SLR104397,34,Female,Yes,2,Graduate,No,8.2,328000,31000,263000,5,754,0,0.505,1487000,456000,Yes,Urban,Personal,Approved
SLR104398,32,Male,Yes,3+,Not Graduate,Yes,14.1,153000,32000,313000,2,682,2,0.75,557000,211000,Yes,Rural,Vehicle,Approved
SLR104399,24,Male,Yes,3+,Not Graduate,No,5.0,381000,85000,845000,20,653,1,0.75,1333000,191000,Yes,Semiurban,Personal,Rejected
SLR104400,50,Female,No,1,Not Graduate,No,23.1,1226000,0,804000,15,735,1,0.426,1066000,526000,Yes,Urban,Personal,Approved
SLR104401,38,Male,Yes,0,Graduate,No,12.7,1195000,324000,374000,3,545,2,0.241,7587000,1016000,Yes,Urban,Business,Rejected
SLR104402,26,Male,Yes,0,Graduate,No,5.8,922000,102000,430000,15,661,1,0.391,1318000,330000,Yes,Urban,Home,Approved
SLR104403,38,Male,Yes,1,Not Graduate,Yes,13.3,419000,196000,632000,7,793,2,0.75,1361000,1315000,Yes,Semiurban,Vehicle,Rejected
SLR104404,63,Male,Yes,2,Not Graduate,Yes,26.7,356000,81000,316000,20,796,3,0.6,1660000,270000,Yes,Urban,Personal,Approved
SLR104405,32,Male,Yes,0,Graduate,Yes,7.5,1344000,232000,1064000,7,788,2,0.484,2101000,91000,Yes,Semiurban,Vehicle,Approved
SLR104406,61,Female,No,0,Graduate,No,15.4,303000,0,1753000,5,598,2,0.75,697000,119000,Yes,Rural,Medical,Rejected
SLR104407,32,Female,Yes,1,Graduate,No,6.3,562000,115000,564000,15,597,0,0.665,3295000,99000,Yes,Semiurban,Medical,Approved
SLR104408,29,Female,No,3+,Graduate,Yes,8.7,1393000,0,793000,20,653,0,0.537,1302000,486000,Yes,Semiurban,Education,Approved
SLR104409,32,Female,Yes,1,Graduate,No,6.1,589000,192000,680000,7,691,0,0.571,2712000,1640000,No,Urban,Vehicle,Rejected
SLR104410,35,Male,Yes,2,Graduate,No,9.4,468000,93000,1541000,7,635,0,0.75,621000,894000,Yes,Semiurban,Personal,Rejected
SLR104411,26,Female,No,1,Graduate,No,5.3,1041000,0,2237000,15,564,1,0.75,1239000,728000,Yes,Semiurban,Vehicle,Rejected
SLR104412,47,Male,No,0,Graduate,No,20.7,572000,0,502000,3,760,3,0.721,5338000,1302000,Yes,Urban,Medical,Approved
SLR104413,36,Male,No,1,Graduate,No,9.7,613000,0,647000,15,747,1,0.748,8396000,606000,Yes,Rural,Business,Approved
SLR104414,53,Female,Yes,2,Not Graduate,No,22.7,1265000,94000,1107000,15,646,0,0.624,2560000,877000,No,Semiurban,Business,Rejected
SLR104415,43,Female,No,2,Graduate,No,20.8,136000,0,793000,5,743,4,0.75,512000,382000,Yes,Urban,Home,Approved
SLR104416,40,Female,No,1,Graduate,No,13.7,670000,0,350000,2,761,1,0.505,267000,173000,Yes,Urban,Home,Approved
SLR104417,42,Male,No,0,Graduate,Yes,17.0,361000,0,195000,2,512,0,0.366,2558000,130000,No,Semiurban,Vehicle,Approved
SLR104418,28,Male,No,0,Graduate,No,10.6,491000,0,430000,20,738,0,0.61,8338000,256000,No,Rural,Vehicle,Approved
SLR104419,53,Male,No,0,Graduate,No,27.8,585000,0,784000,15,685,1,0.75,989000,87000,No,Semiurban,Home,Rejected
SLR104420,25,Male,Yes,0,Not Graduate,No,3.9,379000,62000,490000,5,502,1,0.75,1182000,265000,Yes,Urban,Home,Rejected
SLR104421,53,Female,No,0,Graduate,No,27.7,624000,0,319000,15,766,1,0.418,1798000,270000,Yes,Semiurban,Home,Approved
SLR104422,65,Female,No,2,Graduate,No,22.2,680000,0,434000,15,696,4,0.683,13511000,711000,Yes,Semiurban,Education,Approved
SLR104423,55,Male,No,2,Not Graduate,No,35.0,615000,0,2082000,20,570,0,0.75,1666000,311000,No,Semiurban,Medical,Approved
SLR104424,41,Male,No,2,Not Graduate,No,14.2,585000,0,304000,7,720,0,0.468,1692000,971000,Yes,Semiurban,Business,Approved
SLR104425,35,Male,Yes,2,Graduate,Yes,12.7,516000,114000,516000,15,704,0,0.665,1005000,244000,Yes,Rural,Personal,Approved
SLR104426,60,Male,Yes,3+,Graduate,No,25.5,521000,69000,453000,2,731,0,0.706,1551000,157000,Yes,Urban,Education,Approved
SLR104427,32,Male,Yes,3+,Graduate,No,5.6,575000,32000,2259000,5,545,1,0.75,3902000,1484000,Yes,Urban,Home,Rejected
SLR104428,42,Female,No,0,Graduate,Yes,12.8,328000,0,243000,10,667,2,0.454,788000,892000,Yes,Semiurban,Business,Rejected
SLR104429,55,Male,No,0,Graduate,No,20.6,1106000,0,380000,3,616,0,0.289,3337000,393000,Yes,Semiurban,Business,Approved
SLR104430,62,Female,No,0,Graduate,No,35.0,523000,0,661000,2,678,1,0.75,3470000,219000,Yes,Rural,Business,Approved
SLR104431,62,Male,No,3+,Graduate,No,27.5,441000,0,707000,3,563,1,0.75,692000,2191000,Yes,Semiurban,Home,Rejected
SLR104432,24,Female,Yes,0,Graduate,No,1.0,684000,627000,1314000,7,606,2,0.635,2896000,362000,Yes,Urban,Business,Rejected
SLR104433,61,Male,Yes,0,Not Graduate,No,23.9,516000,75000,1229000,7,805,0,0.75,8987000,712000,Yes,Urban,Home,Approved
SLR104434,26,Male,Yes,1,Graduate,Yes,4.5,1089000,160000,401000,20,777,1,0.34,471000,1178000,Yes,Semiurban,Vehicle,Approved
SLR104435,47,Male,No,1,Graduate,Yes,17.3,900000,0,777000,7,763,1,0.559,1236000,505000,Yes,Semiurban,Personal,Approved
SLR104436,62,Male,No,1,Not Graduate,No,28.7,579000,0,567000,7,800,1,0.67,1780000,140000,Yes,Urban,Vehicle,Approved
SLR104437,50,Female,No,2,Graduate,No,21.9,922000,0,471000,15,550,1,0.473,1999000,305000,Yes,Semiurban,Vehicle,Approved
SLR104438,63,Male,No,1,Graduate,No,34.5,626000,0,1227000,15,686,1,0.75,600000,235000,Yes,Rural,Personal,Approved
SLR104439,36,Male,Yes,2,Graduate,No,13.1,292000,67000,748000,5,708,1,0.75,457000,347000,No,Semiurban,Business,Approved
SLR104440,35,Male,No,0,Graduate,No,9.1,897000,0,1788000,10,661,3,0.75,725000,459000,Yes,Semiurban,Home,Rejected
SLR104441,35,Male,Yes,2,Graduate,Yes,8.9,193000,315000,864000,15,550,1,0.75,1541000,258000,Yes,Urban,Business,Rejected
SLR104442,36,Male,Yes,1,Graduate,No,13.8,120000,35000,1159000,15,756,2,0.75,924000,264000,Yes,Semiurban,Personal,Approved
SLR104443,51,Male,Yes,0,Graduate,No,12.4,807000,41000,109000,5,736,3,0.228,3081000,399000,Yes,Urban,Business,Approved
SLR104444,41,Male,Yes,3+,Graduate,No,13.0,702000,145000,673000,10,643,2,0.628,4181000,105000,Yes,Urban,Vehicle,Approved
SLR104445,54,Male,Yes,3+,Graduate,No,25.4,677000,133000,841000,10,753,0,0.75,650000,270000,Yes,Urban,Vehicle,Approved
SLR104446,39,Female,Yes,2,Not Graduate,No,16.6,1181000,95000,893000,5,699,0,0.603,1899000,440000,Yes,Rural,Vehicle,Approved
SLR104447,34,Female,Yes,3+,Not Graduate,No,10.8,543000,82000,1735000,10,738,0,0.75,1539000,406000,Yes,Semiurban,Business,Approved
SLR104448,29,Male,Yes,0,Graduate,No,2.1,447000,61000,950000,3,621,1,0.75,13903000,192000,Yes,Urban,Vehicle,Approved
SLR104449,45,Male,Yes,0,Graduate,No,20.1,852000,156000,289000,5,708,1,0.225,962000,234000,Yes,Rural,Business,Approved
SLR104450,61,Female,Yes,0,Not Graduate,No,35.0,371000,55000,903000,2,709,1,0.75,2036000,105000,Yes,Rural,Education,Rejected
SLR104451,59,Male,No,2,Graduate,No,19.5,482000,0,1096000,3,673,2,0.75,8478000,188000,Yes,Urban,Vehicle,Approved
SLR104452,32,Female,Yes,2,Graduate,No,7.8,632000,76000,428000,3,489,1,0.478,234000,78000,Yes,Urban,Personal,Rejected
SLR104453,42,Male,Yes,3+,Not Graduate,No,12.8,660000,86000,487000,20,703,2,0.621,5322000,288000,Yes,Urban,Business,Rejected
SLR104454,52,Male,No,2,Graduate,Yes,22.4,458000,0,1062000,5,708,3,0.75,808000,504000,Yes,Rural,Education,Approved
SLR104455,48,Male,No,1,Graduate,No,23.7,420000,0,638000,3,619,1,0.75,381000,195000,No,Semiurban,Home,Rejected
SLR104456,24,Male,No,0,Graduate,No,5.1,297000,0,1298000,10,733,2,0.75,1867000,57000,Yes,Semiurban,Education,Approved
SLR104457,47,Male,No,0,Graduate,No,16.2,357000,0,720000,10,708,2,0.75,1691000,697000,No,Semiurban,Home,Approved
SLR104458,22,Male,Yes,1,Graduate,No,2.6,1496000,224000,154000,10,721,5,0.271,2457000,414000,Yes,Rural,Business,Approved
SLR104459,26,Male,No,2,Graduate,No,7.7,475000,0,663000,15,662,2,0.75,2777000,174000,Yes,Rural,Business,Approved
SLR104460,50,Female,Yes,0,Not Graduate,No,18.8,610000,384000,493000,10,562,3,0.538,1281000,168000,Yes,Semiurban,Business,Approved
SLR104461,25,Male,Yes,3+,Graduate,No,5.5,242000,134000,953000,10,564,0,0.75,6865000,717000,Yes,Urban,Personal,Approved
SLR104462,36,Male,Yes,2,Not Graduate,No,12.5,2252000,76000,841000,7,742,1,0.337,4946000,496000,Yes,Semiurban,Personal,Approved
SLR104463,47,Male,No,0,Graduate,No,13.7,342000,0,346000,7,608,1,0.75,2119000,614000,Yes,Semiurban,Business,Rejected
SLR104464,50,Male,Yes,3+,Graduate,No,25.6,288000,357000,727000,15,630,1,0.75,1951000,104000,Yes,Urban,Vehicle,Rejected
SLR104465,41,Male,Yes,1,Graduate,No,19.6,532000,22000,906000,5,753,1,0.75,4105000,541000,No,Urban,Education,Approved
SLR104466,25,Male,Yes,2,Graduate,No,3.8,337000,273000,853000,2,530,1,0.75,1473000,151000,Yes,Semiurban,Home,Rejected
SLR104467,56,Male,No,0,Graduate,No,26.6,672000,0,1206000,7,570,1,0.75,469000,113000,No,Urban,Education,Approved
SLR104468,63,Male,Yes,0,Graduate,Yes,30.7,239000,93000,329000,5,749,0,0.636,1289000,341000,Yes,Semiurban,Home,Approved
SLR104469,60,Male,Yes,0,Graduate,Yes,32.3,1028000,113000,578000,5,696,4,0.49,1046000,515000,No,Urban,Personal,Approved
SLR104470,54,Male,Yes,1,Graduate,No,17.6,922000,134000,150000,10,540,1,0.141,1607000,360000,Yes,Semiurban,Business,Rejected
SLR104471,39,Female,No,2,Graduate,No,13.2,515000,0,1377000,15,657,0,0.75,490000,373000,Yes,Semiurban,Business,Rejected
SLR104472,60,Male,Yes,3+,Graduate,No,30.1,221000,67000,692000,5,703,1,0.75,551000,138000,Yes,Rural,Home,Rejected
SLR104473,42,Male,No,3+,Graduate,No,16.7,352000,0,604000,7,607,1,0.75,4005000,72000,Yes,Semiurban,Home,Rejected
SLR104474,27,Female,Yes,0,Graduate,No,2.3,569000,111000,598000,5,582,0,0.589,1521000,501000,Yes,Urban,Education,Rejected
SLR104475,59,Male,Yes,3+,Not Graduate,No,21.9,283000,207000,888000,7,563,2,0.75,1106000,424000,Yes,Urban,Business,Rejected
SLR104476,35,Male,Yes,0,Not Graduate,No,10.0,309000,1020000,1278000,3,753,0,0.526,971000,236000,Yes,Semiurban,Business,Approved
SLR104477,63,Female,Yes,0,Graduate,No,28.9,979000,67000,538000,20,768,2,0.485,1243000,244000,Yes,Rural,Business,Approved
SLR104478,37,Male,Yes,2,Graduate,No,23.0,599000,128000,848000,3,747,3,0.665,1666000,377000,Yes,Urban,Home,Approved
SLR104479,60,Female,Yes,3+,Graduate,No,31.0,589000,65000,842000,15,782,2,0.75,323000,250000,Yes,Urban,Education,Approved
SLR104480,45,Male,No,3+,Graduate,No,14.9,735000,0,156000,5,786,2,0.35,1000000,614000,Yes,Semiurban,Education,Approved
SLR104481,42,Female,Yes,2,Graduate,Yes,19.5,503000,51000,410000,15,576,2,0.648,1713000,636000,Yes,Rural,Business,Rejected
SLR104482,34,Female,Yes,0,Graduate,No,13.8,532000,35000,863000,5,765,1,0.75,1256000,326000,Yes,Semiurban,Vehicle,Approved
SLR104483,58,Male,Yes,0,Not Graduate,Yes,25.7,707000,309000,1450000,15,698,0,0.75,299000,292000,Yes,Semiurban,Vehicle,Approved
SLR104484,23,Female,Yes,0,Not Graduate,No,3.7,858000,160000,1572000,20,832,1,0.75,1467000,432000,Yes,Semiurban,Medical,Approved
SLR104485,42,Male,Yes,1,Graduate,No,12.9,723000,129000,293000,20,900,0,0.287,1390000,35000,Yes,Urban,Vehicle,Approved
SLR104486,37,Male,Yes,1,Graduate,No,13.2,1228000,60000,1245000,15,675,0,0.75,769000,332000,No,Semiurban,Personal,Approved
SLR104487,45,Male,Yes,0,Graduate,Yes,16.7,558000,113000,1272000,7,667,0,0.75,625000,97000,Yes,Semiurban,Business,Approved
SLR104488,32,Male,Yes,1,Graduate,No,11.6,262000,48000,850000,7,661,1,0.75,1720000,490000,Yes,Urban,Home,Rejected
SLR104489,50,Male,No,1,Graduate,No,22.8,1001000,0,175000,20,695,0,0.197,1586000,721000,Yes,Urban,Personal,Approved
SLR104490,38,Male,No,2,Graduate,No,16.3,481000,0,458000,15,707,0,0.75,2184000,46000,Yes,Rural,Personal,Rejected
SLR104491,29,Male,No,0,Graduate,No,7.7,360000,0,697000,7,888,1,0.75,9362000,600000,Yes,Semiurban,Business,Approved
SLR104492,29,Male,Yes,0,Graduate,No,11.0,814000,65000,558000,7,701,1,0.483,2415000,322000,Yes,Urban,Medical,Approved
SLR104493,52,Female,No,1,Graduate,No,22.8,674000,0,159000,3,658,4,0.401,750000,521000,Yes,Urban,Home,Approved
SLR104494,32,Male,Yes,2,Graduate,No,5.5,272000,230000,548000,5,691,1,0.75,4463000,776000,Yes,Rural,Personal,Rejected
SLR104495,34,Female,Yes,0,Not Graduate,No,13.5,795000,141000,355000,7,628,2,0.343,1147000,418000,Yes,Rural,Home,Approved
SLR104496,49,Female,No,0,Graduate,No,22.0,1542000,0,954000,15,564,4,0.521,1151000,391000,Yes,Semiurban,Vehicle,Rejected
SLR104497,35,Female,Yes,3+,Graduate,No,14.4,657000,214000,888000,5,679,1,0.75,639000,138000,No,Rural,Personal,Rejected
SLR104498,38,Male,Yes,2,Graduate,No,14.7,478000,185000,913000,5,865,1,0.75,2414000,174000,Yes,Urban,Personal,Approved
SLR104499,32,Female,No,0,Graduate,Yes,5.6,220000,0,511000,2,757,0,0.75,1100000,1738000,Yes,Rural,Education,Approved
SLR104500,36,Female,Yes,1,Graduate,No,9.6,1699000,448000,659000,2,654,2,0.391,3198000,776000,Yes,Semiurban,Personal,Approved
SLR104501,52,Female,Yes,1,Graduate,No,17.7,414000,122000,615000,15,716,1,0.75,2461000,507000,Yes,Urban,Personal,Rejected
SLR104502,45,Female,Yes,0,Graduate,No,16.4,254000,169000,1177000,5,879,0,0.75,681000,163000,Yes,Urban,Personal,Approved
SLR104503,65,Male,Yes,0,Graduate,No,22.1,585000,175000,460000,20,705,0,0.59,617000,465000,Yes,Urban,Personal,Approved
SLR104504,55,Male,No,3+,Graduate,No,33.7,958000,0,397000,3,623,0,0.297,1817000,247000,No,Urban,Education,Rejected
SLR104505,21,Female,Yes,1,Graduate,Yes,0.5,1085000,100000,1214000,15,695,1,0.75,4459000,2079000,Yes,Semiurban,Personal,Rejected
SLR104506,38,Male,Yes,0,Graduate,Yes,13.5,380000,72000,1108000,3,738,1,0.75,3782000,1060000,Yes,Urban,Vehicle,Approved
SLR104507,34,Female,Yes,2,Graduate,No,10.7,521000,261000,880000,10,721,2,0.721,5743000,180000,Yes,Semiurban,Medical,Rejected
SLR104508,47,Male,No,1,Not Graduate,No,20.8,550000,0,1814000,10,799,1,0.75,1696000,195000,No,Rural,Business,Approved
SLR104509,32,Male,No,1,Graduate,No,9.5,941000,0,2526000,5,697,2,0.75,3318000,292000,No,Semiurban,Business,Approved
SLR104510,64,Male,Yes,0,Not Graduate,No,35.0,762000,167000,1446000,7,514,0,0.75,4088000,982000,No,Rural,Education,Rejected
SLR104511,34,Male,No,0,Graduate,No,9.6,638000,0,400000,15,725,3,0.6,8977000,844000,Yes,Semiurban,Vehicle,Approved
SLR104512,44,Female,Yes,0,Graduate,Yes,16.8,910000,137000,1116000,5,720,3,0.75,2136000,61000,Yes,Semiurban,Business,Approved
SLR104513,26,Male,No,3+,Graduate,No,5.8,260000,0,698000,7,715,0,0.75,1053000,490000,Yes,Urban,Home,Approved
SLR104514,61,Male,Yes,1,Graduate,No,23.6,693000,321000,451000,7,626,3,0.428,4216000,888000,No,Rural,Personal,Rejected
SLR104515,62,Male,Yes,2,Graduate,No,19.9,621000,280000,402000,15,839,2,0.417,453000,295000,Yes,Semiurban,Vehicle,Approved
SLR104516,56,Female,Yes,0,Graduate,No,26.9,535000,196000,774000,5,608,2,0.75,3957000,544000,Yes,Urban,Personal,Approved
SLR104517,36,Male,No,2,Graduate,No,8.9,479000,0,1105000,10,616,1,0.75,5010000,1598000,Yes,Rural,Home,Rejected
SLR104518,23,Male,No,1,Graduate,No,2.8,592000,0,1593000,20,673,1,0.75,3742000,1068000,Yes,Rural,Home,Approved
SLR104519,52,Male,Yes,1,Not Graduate,No,31.4,402000,90000,1007000,10,789,3,0.75,644000,518000,Yes,Semiurban,Education,Approved
SLR104520,40,Male,Yes,0,Graduate,No,19.9,2465000,91000,944000,2,793,1,0.344,1835000,459000,Yes,Semiurban,Business,Approved
SLR104521,65,Female,Yes,1,Graduate,No,33.2,1161000,137000,569000,5,738,3,0.494,4008000,340000,Yes,Rural,Vehicle,Approved
SLR104522,52,Female,Yes,0,Graduate,No,29.9,1003000,392000,748000,7,757,3,0.411,2416000,548000,Yes,Urban,Personal,Approved
SLR104523,45,Male,Yes,0,Not Graduate,No,21.2,411000,224000,246000,7,592,4,0.461,1556000,299000,Yes,Rural,Business,Rejected
SLR104524,65,Male,Yes,2,Not Graduate,No,35.0,325000,58000,939000,5,563,0,0.75,1826000,813000,No,Rural,Personal,Rejected
SLR104525,57,Male,No,0,Graduate,No,21.8,489000,0,861000,7,662,0,0.75,24082000,154000,Yes,Urban,Vehicle,Approved
SLR104526,41,Male,Yes,0,Graduate,No,9.9,586000,58000,2256000,20,756,1,0.75,617000,214000,Yes,Urban,Personal,Approved
SLR104527,21,Male,No,3+,Graduate,No,4.1,248000,0,633000,15,758,2,0.75,480000,254000,Yes,Urban,Personal,Rejected
SLR104528,25,Male,Yes,0,Graduate,No,1.8,716000,229000,1410000,3,625,1,0.75,644000,938000,No,Rural,Home,Approved
SLR104529,40,Male,Yes,1,Not Graduate,No,12.2,997000,259000,478000,7,617,1,0.358,10221000,665000,Yes,Semiurban,Personal,Approved
SLR104530,46,Female,Yes,2,Graduate,No,17.2,161000,89000,1959000,10,778,2,0.75,2877000,447000,No,Urban,Vehicle,Approved
SLR104531,22,Male,Yes,2,Not Graduate,No,0.0,335000,117000,1668000,5,704,1,0.75,910000,465000,Yes,Semiurban,Home,Approved
SLR104532,26,Male,Yes,0,Graduate,No,0.4,1081000,458000,1357000,2,535,1,0.647,11178000,71000,Yes,Urban,Education,Rejected
SLR104533,52,Male,No,1,Not Graduate,No,22.1,676000,0,676000,20,606,2,0.745,540000,590000,Yes,Rural,Medical,Rejected
SLR104534,54,Male,Yes,1,Graduate,No,26.9,342000,200000,563000,15,726,1,0.75,881000,144000,Yes,Urban,Business,Approved
SLR104535,22,Male,Yes,0,Graduate,No,3.3,824000,183000,511000,15,601,0,0.532,519000,203000,Yes,Urban,Business,Rejected
SLR104536,43,Male,No,2,Graduate,Yes,15.5,397000,0,345000,15,616,4,0.75,1599000,4195000,Yes,Semiurban,Personal,Rejected
SLR104537,24,Male,Yes,3+,Graduate,No,1.2,483000,118000,881000,10,619,0,0.75,2286000,513000,No,Urban,Personal,Rejected
SLR104538,53,Female,Yes,0,Not Graduate,No,22.7,294000,168000,553000,15,756,2,0.724,1709000,386000,Yes,Rural,Vehicle,Approved
SLR104539,58,Female,No,0,Graduate,No,27.3,555000,0,834000,7,689,2,0.75,4394000,287000,No,Semiurban,Home,Approved
SLR104540,60,Female,Yes,2,Not Graduate,No,35.0,963000,72000,726000,5,816,0,0.599,1044000,932000,No,Semiurban,Personal,Approved
SLR104541,47,Male,Yes,1,Graduate,No,15.6,423000,68000,323000,3,658,1,0.449,1156000,144000,No,Urban,Business,Rejected
SLR104542,49,Male,No,2,Graduate,No,24.9,784000,0,1296000,10,674,0,0.75,1963000,219000,Yes,Semiurban,Business,Approved
SLR104543,62,Male,No,0,Graduate,No,35.0,535000,0,692000,5,715,2,0.75,7807000,864000,Yes,Urban,Business,Approved
SLR104544,48,Male,Yes,0,Graduate,No,25.5,996000,141000,1138000,15,643,1,0.75,2266000,343000,Yes,Rural,Vehicle,Approved
SLR104545,41,Female,Yes,2,Not Graduate,No,17.8,426000,225000,305000,7,570,0,0.392,1152000,469000,Yes,Semiurban,Personal,Rejected
SLR104546,54,Female,No,3+,Graduate,No,26.1,1294000,0,396000,20,664,0,0.349,3073000,211000,No,Rural,Education,Approved
SLR104547,47,Male,Yes,0,Graduate,No,12.1,800000,123000,504000,7,634,1,0.41,1231000,548000,Yes,Urban,Education,Approved
SLR104548,58,Male,Yes,2,Graduate,No,18.7,629000,179000,761000,7,680,2,0.75,1878000,224000,Yes,Semiurban,Vehicle,Rejected
SLR104549,44,Male,Yes,0,Not Graduate,No,17.3,642000,61000,608000,5,645,0,0.707,1272000,94000,Yes,Semiurban,Business,Approved
SLR104550,60,Male,No,0,Not Graduate,No,26.5,426000,0,1578000,5,724,0,0.75,495000,756000,Yes,Urban,Personal,Approved
SLR104551,23,Female,Yes,1,Not Graduate,No,2.3,411000,67000,1273000,7,664,1,0.75,829000,166000,Yes,Urban,Personal,Approved
SLR104552,22,Male,Yes,0,Graduate,No,4.6,635000,478000,404000,3,569,1,0.395,5892000,124000,Yes,Semiurban,Education,Rejected
SLR104553,25,Male,Yes,2,Graduate,No,6.3,284000,76000,4412000,15,643,1,0.75,1950000,155000,Yes,Rural,Home,Rejected
SLR104554,46,Male,Yes,0,Graduate,No,19.5,395000,133000,615000,3,600,1,0.75,1701000,358000,No,Urban,Personal,Approved
SLR104555,52,Male,No,1,Not Graduate,No,17.4,328000,0,1505000,20,834,3,0.75,1528000,188000,Yes,Semiurban,Business,Approved
SLR104556,30,Male,Yes,0,Graduate,Yes,6.1,753000,351000,540000,7,693,1,0.527,1141000,1505000,No,Urban,Personal,Rejected
SLR104557,28,Female,Yes,2,Not Graduate,Yes,7.2,760000,94000,976000,7,740,1,0.647,1542000,832000,Yes,Urban,Personal,Approved
SLR104558,59,Male,No,3+,Not Graduate,Yes,22.0,1105000,0,1205000,20,683,1,0.622,1055000,376000,Yes,Urban,Education,Approved
SLR104559,54,Male,Yes,0,Graduate,No,24.1,458000,108000,244000,10,828,2,0.478,1858000,163000,Yes,Urban,Medical,Approved
SLR104560,50,Male,Yes,1,Not Graduate,No,14.8,353000,896000,2023000,5,595,0,0.75,572000,740000,Yes,Urban,Medical,Rejected
SLR104561,42,Male,Yes,3+,Graduate,No,13.6,245000,171000,391000,5,631,2,0.75,2749000,442000,Yes,Urban,Business,Approved
SLR104562,39,Male,No,0,Graduate,No,12.5,638000,0,518000,5,773,0,0.65,1378000,197000,No,Rural,Education,Approved
SLR104563,21,Male,No,2,Graduate,No,8.1,1186000,0,439000,10,651,2,0.371,465000,417000,Yes,Rural,Business,Approved
SLR104564,29,Male,No,1,Graduate,No,6.7,528000,0,450000,10,634,0,0.489,1132000,409000,No,Urban,Home,Approved
SLR104565,61,Male,Yes,3+,Not Graduate,No,25.0,558000,69000,464000,15,648,0,0.576,1033000,188000,Yes,Urban,Personal,Rejected
SLR104566,36,Female,Yes,0,Graduate,No,8.8,548000,61000,299000,5,835,1,0.507,3627000,113000,Yes,Rural,Medical,Approved
SLR104567,52,Male,Yes,0,Not Graduate,No,23.1,632000,65000,1066000,3,843,0,0.75,1260000,905000,Yes,Semiurban,Home,Approved
SLR104568,52,Female,No,0,Not Graduate,No,26.4,952000,0,701000,5,721,0,0.481,721000,617000,No,Semiurban,Personal,Rejected
SLR104569,34,Male,Yes,0,Graduate,No,8.6,1580000,116000,594000,20,705,1,0.326,243000,310000,Yes,Urban,Personal,Approved
SLR104570,30,Male,No,0,Graduate,Yes,10.3,723000,0,1258000,20,749,2,0.75,866000,528000,Yes,Rural,Home,Rejected
SLR104571,52,Male,No,3+,Graduate,No,20.5,750000,0,2049000,5,719,1,0.75,4220000,707000,Yes,Rural,Business,Approved
SLR104572,25,Male,Yes,0,Graduate,No,7.5,482000,62000,236000,7,703,1,0.391,2217000,249000,Yes,Rural,Medical,Rejected
SLR104573,43,Male,Yes,0,Graduate,No,16.0,518000,160000,1867000,15,656,2,0.75,669000,267000,No,Semiurban,Education,Rejected
SLR104574,60,Male,Yes,0,Not Graduate,No,21.1,515000,88000,640000,7,644,2,0.75,1247000,1403000,Yes,Semiurban,Medical,Rejected
SLR104575,53,Female,Yes,0,Not Graduate,No,23.5,450000,34000,270000,20,727,2,0.522,1573000,206000,Yes,Urban,Business,Approved
SLR104576,55,Male,No,1,Graduate,No,19.6,590000,0,850000,15,700,0,0.75,6008000,1564000,Yes,Urban,Vehicle,Approved
SLR104577,24,Male,Yes,0,Not Graduate,No,4.6,776000,115000,602000,10,800,2,0.402,1471000,5085000,Yes,Urban,Medical,Approved
SLR104578,29,Female,No,2,Graduate,No,6.1,570000,0,1137000,10,671,0,0.75,908000,432000,Yes,Semiurban,Education,Rejected
SLR104579,33,Male,Yes,2,Not Graduate,No,12.1,471000,25000,714000,5,621,0,0.75,2002000,88000,No,Urban,Personal,Approved
SLR104580,34,Female,Yes,0,Not Graduate,No,13.4,589000,150000,820000,5,580,2,0.75,2586000,323000,No,Rural,Personal,Rejected
SLR104581,29,Female,No,2,Not Graduate,No,7.3,324000,0,490000,15,632,0,0.75,2899000,372000,Yes,Rural,Personal,Approved
SLR104582,64,Female,No,0,Graduate,No,35.0,856000,0,333000,5,582,3,0.387,2849000,328000,Yes,Semiurban,Home,Approved
SLR104583,28,Female,Yes,0,Not Graduate,No,1.7,438000,218000,1053000,5,776,2,0.75,10020000,993000,Yes,Urban,Personal,Approved
SLR104584,52,Male,No,3+,Graduate,Yes,25.0,291000,0,462000,15,658,1,0.75,491000,238000,Yes,Semiurban,Home,Rejected
SLR104585,47,Male,No,3+,Graduate,No,18.0,709000,0,844000,2,632,1,0.75,1296000,502000,Yes,Semiurban,Personal,Approved
SLR104586,48,Female,No,0,Graduate,No,19.2,729000,0,1707000,10,726,1,0.75,1441000,481000,Yes,Semiurban,Medical,Rejected
SLR104587,30,Female,Yes,1,Graduate,No,7.1,343000,104000,586000,10,836,2,0.75,458000,494000,Yes,Semiurban,Education,Approved
SLR104588,34,Male,Yes,0,Graduate,Yes,13.5,775000,39000,1025000,2,658,3,0.75,533000,165000,Yes,Urban,Business,Approved
SLR104589,48,Male,Yes,1,Graduate,Yes,21.8,779000,71000,637000,5,605,1,0.5,1154000,736000,No,Semiurban,Education,Rejected
SLR104590,34,Male,Yes,2,Not Graduate,No,6.4,1630000,84000,513000,5,660,2,0.378,1048000,156000,Yes,Urban,Business,Approved
SLR104591,52,Male,Yes,0,Graduate,No,27.4,483000,34000,235000,5,551,2,0.513,916000,480000,Yes,Urban,Business,Approved
SLR104592,22,Male,Yes,3+,Not Graduate,No,0.0,534000,162000,634000,5,729,2,0.75,289000,524000,No,Urban,Medical,Rejected
SLR104593,24,Female,Yes,2,Not Graduate,No,3.0,394000,120000,584000,15,733,2,0.75,530000,157000,No,Rural,Home,Rejected
SLR104594,53,Female,Yes,0,Graduate,No,13.9,722000,72000,369000,20,657,0,0.431,869000,148000,Yes,Rural,Personal,Approved
SLR104595,48,Male,Yes,2,Not Graduate,No,19.2,549000,264000,173000,5,606,2,0.333,1162000,264000,Yes,Urban,Personal,Approved
SLR104596,22,Male,Yes,2,Graduate,No,1.3,947000,79000,220000,7,870,3,0.347,1875000,854000,Yes,Urban,Home,Approved
SLR104597,61,Male,Yes,0,Graduate,No,23.5,433000,392000,2074000,7,598,2,0.75,1138000,492000,Yes,Urban,Personal,Rejected
SLR104598,21,Male,Yes,1,Not Graduate,No,0.0,713000,97000,666000,5,634,2,0.52,789000,808000,Yes,Semiurban,Education,Rejected
SLR104599,63,Male,No,2,Not Graduate,No,20.8,483000,0,256000,20,693,2,0.576,1981000,860000,No,Rural,Home,Rejected
SLR104600,53,Male,Yes,3+,Graduate,No,26.2,200000,57000,439000,2,755,1,0.75,1811000,637000,Yes,Semiurban,Business,Rejected
SLR104601,65,Male,Yes,0,Not Graduate,Yes,20.5,777000,129000,654000,20,679,1,0.534,623000,340000,Yes,Semiurban,Home,Rejected
SLR104602,63,Male,Yes,1,Graduate,Yes,23.9,210000,51000,870000,5,693,4,0.75,8398000,26000,Yes,Urban,Vehicle,Rejected
SLR104603,35,Male,Yes,2,Not Graduate,No,8.8,504000,135000,559000,7,736,3,0.722,184000,605000,Yes,Rural,Home,Approved
SLR104604,55,Male,Yes,3+,Graduate,No,22.2,508000,87000,2418000,20,900,1,0.75,2608000,2284000,Yes,Semiurban,Personal,Rejected
SLR104605,30,Male,Yes,0,Graduate,No,11.4,547000,86000,2493000,10,647,0,0.75,3251000,193000,Yes,Semiurban,Home,Approved
SLR104606,42,Male,No,1,Not Graduate,No,19.1,564000,0,834000,15,652,2,0.75,3653000,339000,Yes,Urban,Business,Approved
SLR104607,31,Male,No,2,Graduate,No,5.5,561000,0,512000,3,682,2,0.75,1925000,1451000,Yes,Urban,Education,Rejected
SLR104608,42,Male,Yes,0,Graduate,Yes,14.4,672000,78000,834000,7,741,2,0.75,419000,535000,No,Semiurban,Personal,Approved
SLR104609,60,Male,Yes,1,Not Graduate,No,28.2,518000,139000,274000,5,879,1,0.363,8325000,510000,Yes,Semiurban,Medical,Approved
SLR104610,40,Male,Yes,1,Not Graduate,No,10.0,2318000,171000,1245000,7,682,2,0.592,421000,251000,No,Urban,Home,Approved
SLR104611,25,Female,Yes,1,Graduate,No,1.9,456000,46000,727000,5,732,2,0.75,546000,439000,Yes,Urban,Personal,Approved
SLR104612,35,Male,Yes,2,Not Graduate,No,14.1,281000,182000,297000,10,528,1,0.529,882000,410000,No,Urban,Business,Rejected
SLR104613,56,Male,No,0,Graduate,No,23.8,253000,0,445000,7,695,1,0.75,458000,487000,Yes,Urban,Vehicle,Approved
SLR104614,44,Male,Yes,2,Graduate,No,13.5,790000,260000,944000,3,689,3,0.75,461000,140000,Yes,Rural,Personal,Rejected
SLR104615,46,Female,Yes,0,Graduate,No,17.6,229000,49000,220000,10,766,2,0.657,643000,2414000,Yes,Urban,Business,Approved
SLR104616,40,Female,Yes,2,Graduate,No,17.7,283000,52000,364000,5,651,3,0.657,247000,355000,Yes,Urban,Vehicle,Approved
SLR104617,34,Male,Yes,0,Graduate,No,5.8,261000,115000,480000,10,598,4,0.75,1577000,157000,Yes,Urban,Medical,Rejected
SLR104618,47,Male,No,0,Not Graduate,No,23.1,707000,0,1225000,15,707,2,0.75,956000,199000,Yes,Urban,Medical,Approved
SLR104619,49,Male,Yes,3+,Not Graduate,No,23.0,1143000,122000,1981000,7,573,0,0.75,1135000,144000,Yes,Urban,Home,Rejected
SLR104620,61,Male,Yes,2,Graduate,No,35.0,327000,90000,831000,10,630,1,0.75,1828000,286000,No,Urban,Vehicle,Rejected
SLR104621,48,Male,Yes,0,Graduate,No,19.3,694000,139000,83000,15,694,2,0.158,1264000,271000,Yes,Urban,Personal,Approved
SLR104622,65,Male,No,0,Not Graduate,No,28.3,129000,0,315000,10,510,4,0.75,788000,769000,Yes,Urban,Medical,Rejected
SLR104623,58,Female,Yes,1,Not Graduate,No,33.3,365000,203000,6305000,20,671,2,0.75,2134000,126000,Yes,Urban,Personal,Approved
SLR104624,24,Female,No,3+,Graduate,No,3.7,766000,0,720000,3,809,1,0.75,1106000,115000,Yes,Semiurban,Home,Approved
SLR104625,38,Male,No,0,Graduate,No,17.9,463000,0,119000,5,569,2,0.309,682000,70000,Yes,Semiurban,Personal,Rejected
SLR104626,38,Female,No,3+,Graduate,No,15.9,950000,0,3039000,10,639,1,0.75,1241000,468000,Yes,Urban,Home,Rejected
SLR104627,21,Male,Yes,0,Graduate,No,4.2,161000,460000,273000,7,734,1,0.412,4430000,602000,Yes,Semiurban,Business,Approved
SLR104628,29,Male,No,2,Graduate,No,9.6,367000,0,944000,5,751,0,0.75,845000,23000,Yes,Rural,Home,Approved
SLR104629,55,Female,Yes,0,Graduate,No,25.6,706000,153000,309000,5,694,1,0.406,2540000,489000,No,Urban,Personal,Approved
SLR104630,36,Male,No,0,Not Graduate,No,9.1,701000,0,2720000,10,676,2,0.75,580000,198000,Yes,Urban,Business,Rejected
SLR104631,27,Male,Yes,3+,Not Graduate,No,3.5,731000,612000,259000,15,814,1,0.246,1441000,802000,Yes,Urban,Medical,Approved
SLR104632,33,Male,Yes,0,Graduate,Yes,10.2,616000,51000,444000,10,706,3,0.727,1805000,1628000,Yes,Urban,Personal,Rejected
SLR104633,33,Male,Yes,3+,Graduate,No,9.6,293000,86000,1285000,15,611,1,0.75,646000,89000,Yes,Semiurban,Medical,Rejected
SLR104634,28,Male,No,0,Graduate,No,5.3,358000,0,454000,7,699,4,0.75,1026000,220000,Yes,Semiurban,Medical,Rejected
SLR104635,25,Male,No,0,Graduate,No,3.0,1966000,0,892000,15,680,1,0.505,602000,798000,No,Rural,Vehicle,Rejected
SLR104636,55,Male,Yes,3+,Graduate,No,26.3,275000,211000,1115000,3,657,0,0.75,654000,802000,Yes,Urban,Personal,Rejected
SLR104637,58,Male,Yes,1,Not Graduate,Yes,26.5,252000,15000,729000,20,564,3,0.75,1388000,311000,Yes,Semiurban,Personal,Rejected
SLR104638,43,Male,No,0,Graduate,Yes,15.6,799000,0,316000,15,689,0,0.384,5975000,734000,No,Urban,Personal,Approved
SLR104639,48,Male,No,1,Not Graduate,Yes,26.6,307000,0,390000,15,734,1,0.75,2046000,511000,No,Semiurban,Education,Approved
SLR104640,62,Male,No,0,Graduate,No,25.7,1474000,0,507000,15,746,1,0.327,1449000,768000,Yes,Rural,Personal,Approved
SLR104641,58,Male,Yes,2,Graduate,No,26.0,2475000,159000,952000,15,691,0,0.34,5052000,812000,Yes,Urban,Education,Approved
SLR104642,22,Male,No,0,Not Graduate,Yes,2.5,482000,0,1102000,3,693,1,0.75,434000,317000,Yes,Semiurban,Education,Rejected
SLR104643,63,Female,No,1,Not Graduate,No,18.5,652000,0,743000,20,648,1,0.688,4749000,683000,No,Urban,Personal,Rejected
SLR104644,24,Male,Yes,0,Graduate,No,0.4,202000,189000,1026000,5,763,0,0.75,1013000,320000,Yes,Rural,Personal,Approved
SLR104645,22,Female,Yes,2,Not Graduate,No,2.0,970000,40000,231000,15,601,0,0.152,1830000,705000,Yes,Urban,Vehicle,Approved
SLR104646,39,Female,Yes,3+,Graduate,No,6.6,161000,68000,789000,7,651,1,0.75,2620000,193000,Yes,Urban,Business,Approved
SLR104647,54,Male,Yes,2,Not Graduate,No,32.2,263000,162000,623000,5,630,1,0.75,2201000,500000,No,Rural,Personal,Approved
SLR104648,24,Female,No,0,Graduate,No,2.3,587000,0,897000,5,682,2,0.75,1031000,492000,Yes,Urban,Education,Rejected
SLR104649,34,Female,Yes,0,Graduate,No,8.9,743000,79000,1060000,5,788,3,0.731,3021000,748000,Yes,Semiurban,Personal,Approved
SLR104650,32,Male,Yes,0,Not Graduate,No,13.4,243000,263000,328000,10,601,1,0.477,991000,320000,No,Urban,Business,Approved
SLR104651,38,Male,Yes,2,Not Graduate,No,13.8,408000,257000,605000,10,711,0,0.699,987000,165000,Yes,Rural,Home,Approved
SLR104652,65,Female,No,0,Not Graduate,No,33.1,221000,0,1547000,7,713,0,0.75,1369000,329000,Yes,Semiurban,Vehicle,Approved
SLR104653,35,Female,No,1,Graduate,No,9.9,462000,0,792000,7,618,2,0.75,2254000,110000,Yes,Urban,Home,Rejected
SLR104654,30,Male,Yes,0,Not Graduate,No,6.1,354000,305000,609000,5,676,3,0.75,584000,250000,No,Semiurban,Education,Rejected
SLR104655,26,Female,No,3+,Graduate,No,7.6,388000,0,295000,7,623,1,0.733,646000,99000,No,Urban,Vehicle,Rejected
SLR104656,29,Female,Yes,1,Graduate,No,4.9,787000,108000,925000,10,698,1,0.75,303000,372000,Yes,Urban,Home,Rejected
SLR104657,26,Female,No,1,Graduate,No,5.2,642000,0,263000,10,681,2,0.366,1114000,842000,Yes,Rural,Education,Rejected
SLR104658,46,Female,No,3+,Graduate,Yes,8.0,749000,0,579000,3,803,0,0.672,3709000,744000,Yes,Urban,Education,Approved
SLR104659,39,Male,Yes,3+,Graduate,No,19.8,512000,97000,472000,10,633,1,0.667,25911000,90000,No,Urban,Home,Approved
SLR104660,43,Male,No,1,Graduate,No,11.6,816000,0,839000,20,677,1,0.699,1790000,428000,Yes,Urban,Education,Approved
SLR104661,58,Male,Yes,2,Graduate,Yes,31.2,539000,22000,440000,15,662,1,0.52,6306000,2605000,Yes,Semiurban,Education,Approved
SLR104662,47,Male,Yes,1,Graduate,Yes,15.8,420000,70000,525000,2,792,1,0.75,1482000,224000,Yes,Rural,Vehicle,Approved
SLR104663,27,Male,Yes,0,Graduate,Yes,2.7,753000,172000,360000,15,653,1,0.419,1583000,510000,Yes,Urban,Personal,Rejected
SLR104664,37,Female,No,0,Graduate,No,9.6,436000,0,553000,2,623,1,0.75,1285000,924000,Yes,Urban,Home,Rejected
SLR104665,35,Female,Yes,2,Graduate,No,12.6,459000,210000,747000,3,632,2,0.696,1382000,106000,Yes,Rural,Vehicle,Approved
SLR104666,58,Male,Yes,2,Graduate,Yes,26.9,990000,39000,519000,5,631,1,0.374,1389000,470000,Yes,Semiurban,Business,Approved
SLR104667,34,Male,Yes,0,Graduate,No,6.9,940000,98000,530000,7,646,0,0.443,1072000,753000,Yes,Semiurban,Personal,Rejected
SLR104668,27,Male,No,0,Not Graduate,No,6.7,467000,0,723000,15,626,0,0.75,7090000,269000,Yes,Semiurban,Education,Rejected
SLR104669,54,Male,Yes,2,Not Graduate,No,27.0,889000,36000,1246000,15,691,3,0.75,2363000,108000,Yes,Semiurban,Personal,Approved
SLR104670,40,Male,Yes,0,Graduate,No,12.1,272000,99000,1055000,5,593,0,0.75,758000,961000,Yes,Semiurban,Personal,Rejected
SLR104671,25,Male,Yes,2,Not Graduate,No,0.9,469000,78000,280000,7,733,2,0.559,2560000,85000,Yes,Urban,Education,Approved
SLR104672,52,Male,No,2,Graduate,Yes,20.1,364000,0,1070000,5,693,2,0.75,3533000,57000,Yes,Semiurban,Vehicle,Rejected
SLR104673,30,Female,Yes,0,Not Graduate,No,7.7,549000,164000,1581000,20,812,2,0.75,475000,112000,Yes,Semiurban,Vehicle,Approved
SLR104674,60,Male,Yes,0,Graduate,Yes,23.6,824000,130000,1028000,5,725,0,0.593,3662000,251000,No,Semiurban,Personal,Approved
SLR104675,58,Male,No,0,Graduate,Yes,20.0,747000,0,135000,5,717,3,0.221,3245000,99000,Yes,Rural,Home,Approved
SLR104676,37,Male,Yes,0,Graduate,No,14.7,693000,126000,772000,20,841,2,0.63,2018000,133000,Yes,Urban,Business,Approved
SLR104677,46,Male,Yes,1,Not Graduate,Yes,25.8,593000,105000,1598000,5,723,1,0.75,5989000,199000,Yes,Semiurban,Home,Approved
SLR104678,46,Female,No,2,Graduate,Yes,11.1,504000,0,486000,5,674,0,0.594,3567000,1012000,No,Semiurban,Business,Approved
SLR104679,50,Female,Yes,2,Graduate,No,16.1,1065000,385000,4282000,20,625,1,0.75,1001000,505000,No,Semiurban,Business,Rejected
SLR104680,24,Male,Yes,0,Graduate,No,10.9,235000,46000,158000,3,799,1,0.48,1645000,421000,Yes,Urban,Home,Approved
SLR104681,35,Male,Yes,2,Not Graduate,Yes,10.4,381000,158000,715000,2,614,1,0.75,5188000,1318000,Yes,Semiurban,Personal,Approved
SLR104682,28,Male,No,0,Graduate,No,2.6,690000,0,1040000,7,605,1,0.75,957000,1380000,Yes,Semiurban,Education,Approved
SLR104683,52,Male,No,2,Not Graduate,No,22.5,1274000,0,727000,5,605,1,0.588,1026000,164000,No,Semiurban,Medical,Rejected
SLR104684,24,Male,Yes,0,Graduate,No,1.4,455000,129000,718000,15,634,2,0.75,1897000,156000,Yes,Rural,Education,Rejected
SLR104685,44,Male,Yes,1,Not Graduate,Yes,17.3,476000,44000,331000,10,693,1,0.533,1206000,209000,No,Urban,Education,Approved
SLR104686,53,Male,Yes,1,Graduate,No,28.2,271000,100000,447000,7,670,1,0.75,13660000,430000,No,Semiurban,Home,Approved
SLR104687,63,Male,Yes,0,Graduate,No,28.3,408000,37000,944000,2,729,0,0.75,5035000,1084000,Yes,Semiurban,Personal,Approved
SLR104688,33,Male,Yes,3+,Graduate,No,14.7,812000,72000,165000,5,608,1,0.155,10573000,147000,Yes,Semiurban,Personal,Rejected
SLR104689,21,Male,Yes,0,Graduate,No,1.7,1311000,196000,1171000,15,625,1,0.69,4447000,328000,Yes,Urban,Education,Rejected
SLR104690,53,Male,Yes,0,Graduate,No,18.1,468000,357000,604000,5,702,2,0.633,1787000,314000,No,Rural,Education,Approved
SLR104691,21,Male,No,1,Graduate,No,0.0,354000,0,931000,2,618,2,0.75,246000,1135000,Yes,Rural,Home,Approved
SLR104692,23,Male,Yes,1,Graduate,No,0.9,572000,110000,1127000,5,588,3,0.75,2020000,724000,Yes,Semiurban,Home,Rejected
SLR104693,65,Male,Yes,0,Graduate,No,32.4,226000,189000,7344000,10,575,2,0.75,535000,149000,Yes,Urban,Education,Rejected
SLR104694,59,Male,Yes,0,Graduate,No,20.0,1085000,229000,1613000,15,686,0,0.75,358000,683000,Yes,Rural,Vehicle,Approved
SLR104695,52,Female,Yes,0,Graduate,No,23.4,280000,726000,298000,5,685,2,0.325,4219000,276000,Yes,Urban,Home,Approved
SLR104696,58,Female,Yes,2,Not Graduate,No,20.4,654000,74000,2649000,5,681,0,0.75,540000,438000,Yes,Semiurban,Home,Rejected
SLR104697,24,Male,Yes,1,Graduate,No,2.1,648000,401000,111000,15,781,0,0.201,763000,124000,Yes,Urban,Home,Approved
SLR104698,25,Female,Yes,0,Graduate,No,6.5,777000,50000,487000,5,713,0,0.475,943000,68000,Yes,Semiurban,Personal,Approved
SLR104699,34,Male,Yes,0,Graduate,No,10.8,633000,308000,728000,5,690,2,0.582,1649000,274000,No,Urban,Vehicle,Approved
SLR104700,22,Male,No,3+,Not Graduate,No,3.8,551000,0,527000,7,791,2,0.75,1368000,157000,Yes,Urban,Education,Rejected
SLR104701,60,Male,No,3+,Not Graduate,No,32.9,696000,0,781000,7,763,0,0.685,2836000,299000,Yes,Semiurban,Business,Approved
SLR104702,23,Male,No,0,Not Graduate,No,8.1,870000,0,582000,3,635,0,0.475,2433000,203000,No,Urban,Home,Rejected
SLR104703,45,Male,Yes,1,Graduate,No,12.0,1477000,65000,1498000,15,753,0,0.512,351000,364000,Yes,Semiurban,Home,Rejected
SLR104704,59,Female,No,0,Graduate,No,22.8,300000,0,475000,5,823,1,0.75,5749000,427000,Yes,Semiurban,Business,Approved
SLR104705,54,Male,Yes,0,Graduate,No,25.7,200000,320000,603000,5,823,1,0.75,514000,633000,Yes,Semiurban,Vehicle,Approved
SLR104706,31,Male,Yes,2,Not Graduate,Yes,9.6,235000,22000,2056000,10,763,1,0.75,579000,628000,Yes,Semiurban,Vehicle,Rejected
SLR104707,42,Male,Yes,3+,Graduate,Yes,12.9,203000,104000,1220000,15,719,1,0.75,6996000,1019000,Yes,Semiurban,Personal,Approved
SLR104708,45,Male,Yes,0,Graduate,No,17.2,284000,50000,582000,10,712,2,0.75,1334000,379000,Yes,Urban,Personal,Approved
SLR104709,55,Male,Yes,2,Graduate,No,16.2,265000,248000,884000,5,799,2,0.75,3950000,128000,No,Urban,Personal,Approved
SLR104710,40,Male,Yes,2,Not Graduate,No,11.2,437000,374000,2196000,2,590,1,0.75,2713000,789000,Yes,Urban,Business,Rejected
SLR104711,33,Male,No,2,Graduate,No,10.1,880000,0,264000,7,785,2,0.317,2133000,439000,No,Semiurban,Business,Approved
SLR104712,56,Female,Yes,2,Not Graduate,No,28.7,776000,68000,321000,7,700,1,0.338,750000,662000,Yes,Urban,Personal,Approved
SLR104713,60,Male,No,1,Graduate,No,27.6,391000,0,447000,5,621,1,0.75,1179000,685000,Yes,Semiurban,Home,Approved
SLR104714,43,Male,No,3+,Not Graduate,No,10.3,410000,0,749000,10,601,1,0.75,6383000,281000,Yes,Semiurban,Vehicle,Approved
SLR104715,22,Female,Yes,0,Graduate,No,0.0,1662000,345000,1220000,15,562,1,0.543,757000,277000,Yes,Urban,Personal,Approved
SLR104716,43,Male,Yes,1,Graduate,No,13.7,763000,25000,395000,2,732,1,0.493,1497000,1800000,Yes,Urban,Personal,Approved
SLR104717,61,Male,Yes,0,Not Graduate,No,27.7,605000,203000,352000,15,834,2,0.389,2238000,121000,Yes,Semiurban,Business,Approved
SLR104718,65,Male,Yes,2,Graduate,No,29.3,588000,49000,277000,10,653,1,0.321,984000,241000,Yes,Urban,Vehicle,Rejected
SLR104719,39,Male,No,0,Graduate,No,14.3,469000,0,352000,5,626,1,0.716,753000,708000,Yes,Semiurban,Home,Approved
SLR104720,27,Male,No,1,Graduate,No,5.8,1655000,0,424000,10,781,2,0.346,1194000,299000,Yes,Rural,Personal,Approved
SLR104721,46,Male,No,2,Graduate,Yes,21.5,495000,0,159000,10,699,0,0.331,1171000,220000,Yes,Urban,Education,Approved
SLR104722,58,Male,Yes,0,Graduate,No,34.2,597000,116000,451000,10,784,3,0.47,363000,675000,Yes,Rural,Home,Approved
SLR104723,63,Male,No,0,Graduate,No,28.7,222000,0,329000,7,617,0,0.75,1797000,1066000,Yes,Semiurban,Vehicle,Rejected
SLR104724,23,Male,No,0,Graduate,No,5.0,388000,0,584000,7,739,2,0.75,4634000,404000,Yes,Urban,Personal,Approved
SLR104725,34,Male,Yes,2,Graduate,No,9.1,406000,245000,1960000,7,826,3,0.75,69000,99000,Yes,Urban,Personal,Approved
SLR104726,42,Male,Yes,0,Graduate,Yes,12.5,719000,278000,231000,5,611,0,0.13,1652000,386000,No,Urban,Home,Rejected
SLR104727,25,Male,Yes,0,Graduate,No,4.0,359000,214000,1256000,3,666,0,0.75,94000,490000,No,Urban,Personal,Rejected
SLR104728,60,Male,Yes,1,Graduate,No,28.7,565000,593000,1922000,20,663,4,0.75,5290000,152000,Yes,Urban,Education,Approved
SLR104729,26,Male,No,3+,Graduate,Yes,8.8,394000,0,1217000,3,746,2,0.75,822000,1211000,Yes,Urban,Personal,Approved
SLR104730,50,Female,Yes,2,Not Graduate,No,16.2,300000,508000,812000,10,785,3,0.644,1414000,547000,Yes,Urban,Personal,Approved
SLR104731,62,Male,Yes,0,Not Graduate,Yes,18.8,294000,48000,1527000,7,639,0,0.75,563000,158000,Yes,Semiurban,Education,Rejected
SLR104732,51,Male,No,3+,Graduate,No,18.7,500000,0,981000,15,877,3,0.75,8290000,555000,Yes,Urban,Business,Approved
SLR104733,55,Male,Yes,2,Not Graduate,No,25.3,582000,402000,1338000,7,694,0,0.75,9132000,547000,Yes,Rural,Business,Approved
SLR104734,32,Male,Yes,2,Graduate,No,7.1,494000,65000,702000,5,647,1,0.75,515000,212000,Yes,Semiurban,Business,Rejected
SLR104735,58,Male,No,1,Graduate,No,21.1,348000,0,326000,5,797,1,0.698,464000,125000,Yes,Rural,Vehicle,Approved
SLR104736,39,Female,No,0,Graduate,No,17.2,510000,0,1385000,7,701,1,0.75,2977000,277000,Yes,Urban,Business,Approved
SLR104737,23,Male,No,2,Graduate,No,3.6,461000,0,3545000,7,662,1,0.75,3040000,209000,Yes,Urban,Medical,Rejected
SLR104738,37,Male,Yes,1,Graduate,Yes,14.0,310000,188000,521000,10,649,1,0.75,987000,434000,Yes,Semiurban,Business,Rejected
SLR104739,36,Male,No,0,Graduate,No,11.7,576000,0,660000,15,848,1,0.75,541000,279000,No,Rural,Vehicle,Approved
SLR104740,44,Female,No,0,Graduate,No,7.1,1489000,0,699000,5,615,0,0.352,5409000,525000,Yes,Rural,Business,Approved
SLR104741,32,Male,No,0,Graduate,No,7.3,507000,0,250000,15,774,2,0.423,1098000,424000,No,Rural,Personal,Approved
SLR104742,41,Male,Yes,1,Graduate,Yes,11.8,246000,108000,375000,5,629,5,0.75,1042000,651000,Yes,Urban,Education,Rejected
SLR104743,40,Male,Yes,0,Graduate,No,17.8,1234000,114000,792000,15,643,2,0.556,1558000,569000,Yes,Urban,Medical,Rejected
SLR104744,35,Female,No,1,Graduate,No,8.4,1098000,0,612000,3,684,0,0.559,369000,797000,Yes,Rural,Business,Approved
SLR104745,52,Male,No,2,Not Graduate,No,21.9,1209000,0,657000,15,725,0,0.476,791000,172000,Yes,Rural,Education,Approved
SLR104746,34,Female,Yes,0,Graduate,No,15.2,537000,362000,661000,5,567,1,0.451,562000,832000,No,Urban,Personal,Rejected
SLR104747,55,Female,Yes,0,Graduate,No,14.0,357000,48000,603000,10,649,1,0.75,233000,1720000,Yes,Semiurban,Personal,Rejected
SLR104748,32,Male,No,0,Graduate,No,7.8,337000,0,395000,7,767,1,0.75,641000,954000,Yes,Semiurban,Personal,Approved
SLR104749,59,Female,Yes,0,Not Graduate,Yes,26.9,1030000,38000,862000,7,767,2,0.722,1322000,104000,Yes,Semiurban,Home,Approved
SLR104750,37,Male,Yes,2,Graduate,No,12.5,1330000,30000,805000,20,668,3,0.7,676000,1348000,Yes,Semiurban,Home,Rejected
SLR104751,22,Male,Yes,1,Graduate,No,1.4,332000,275000,367000,10,602,1,0.528,1219000,659000,Yes,Urban,Education,Rejected
SLR104752,27,Male,Yes,2,Not Graduate,No,8.0,138000,598000,851000,5,706,0,0.681,529000,806000,No,Urban,Personal,Rejected
SLR104753,57,Female,No,3+,Graduate,No,26.7,545000,0,433000,7,753,2,0.75,2395000,182000,Yes,Semiurban,Business,Approved
SLR104754,60,Male,Yes,0,Not Graduate,No,24.5,334000,520000,994000,3,704,0,0.75,3359000,107000,Yes,Semiurban,Medical,Approved
SLR104755,30,Male,Yes,2,Graduate,No,9.3,373000,71000,632000,5,795,1,0.75,2507000,1167000,No,Rural,Medical,Approved
SLR104756,48,Male,No,1,Not Graduate,No,21.6,482000,0,840000,5,670,2,0.75,1594000,237000,Yes,Urban,Home,Approved
SLR104757,46,Male,No,1,Graduate,No,13.9,689000,0,729000,10,591,3,0.645,2890000,177000,Yes,Urban,Home,Rejected
SLR104758,27,Female,Yes,0,Graduate,No,4.1,358000,58000,627000,20,645,2,0.75,795000,98000,Yes,Urban,Vehicle,Approved
SLR104759,41,Male,Yes,0,Graduate,No,15.7,593000,250000,804000,5,690,1,0.596,677000,85000,No,Urban,Personal,Rejected
SLR104760,52,Male,No,1,Graduate,No,28.5,513000,0,1124000,15,637,1,0.75,1298000,350000,Yes,Urban,Personal,Rejected
SLR104761,64,Female,Yes,1,Graduate,No,31.3,155000,67000,703000,15,651,0,0.75,848000,735000,Yes,Urban,Vehicle,Rejected
SLR104762,59,Female,Yes,0,Not Graduate,No,29.9,742000,80000,696000,10,762,2,0.629,4761000,446000,Yes,Rural,Vehicle,Approved
SLR104763,25,Male,Yes,0,Not Graduate,No,2.5,429000,21000,516000,10,629,0,0.746,8567000,312000,Yes,Rural,Business,Rejected
SLR104764,31,Male,Yes,1,Not Graduate,No,12.0,274000,329000,199000,15,590,0,0.314,14866000,1044000,Yes,Semiurban,Education,Rejected
SLR104765,40,Male,No,2,Graduate,No,9.6,369000,0,664000,5,751,1,0.75,3200000,1168000,Yes,Urban,Medical,Approved
SLR104766,27,Male,Yes,1,Not Graduate,No,0.1,615000,107000,285000,20,738,0,0.31,1933000,165000,No,Urban,Vehicle,Approved
SLR104767,46,Male,Yes,0,Not Graduate,No,14.8,564000,69000,450000,7,612,0,0.697,239000,408000,Yes,Urban,Home,Rejected
SLR104768,21,Male,Yes,0,Graduate,Yes,0.1,784000,154000,370000,3,743,3,0.377,959000,388000,Yes,Urban,Education,Approved
SLR104769,26,Female,Yes,2,Graduate,No,7.6,699000,243000,408000,10,605,0,0.476,718000,272000,Yes,Rural,Home,Rejected
SLR104770,23,Male,Yes,2,Graduate,Yes,0.0,289000,96000,425000,5,636,0,0.697,767000,509000,Yes,Semiurban,Education,Approved
SLR104771,34,Female,No,0,Graduate,No,15.9,120000,0,891000,2,607,1,0.75,4725000,1154000,Yes,Semiurban,Personal,Rejected
SLR104772,55,Female,Yes,1,Graduate,No,29.4,588000,150000,807000,5,656,1,0.75,5163000,70000,Yes,Semiurban,Education,Approved
SLR104773,28,Male,Yes,1,Graduate,No,7.6,778000,111000,699000,5,732,1,0.75,957000,422000,Yes,Urban,Home,Approved
SLR104774,65,Male,Yes,1,Graduate,No,31.9,492000,249000,1427000,5,710,1,0.75,805000,394000,Yes,Rural,Home,Approved
SLR104775,33,Male,No,0,Graduate,No,7.3,791000,0,4746000,3,629,0,0.75,1148000,288000,Yes,Rural,Home,Rejected
SLR104776,23,Female,Yes,1,Not Graduate,No,1.2,317000,44000,904000,5,704,2,0.75,270000,647000,No,Semiurban,Education,Approved
SLR104777,36,Male,No,3+,Graduate,No,15.5,455000,0,1173000,10,719,1,0.75,4462000,283000,Yes,Urban,Personal,Approved
SLR104778,54,Male,No,0,Not Graduate,No,24.8,331000,0,780000,3,762,1,0.75,2947000,195000,Yes,Rural,Home,Rejected
SLR104779,25,Male,Yes,0,Graduate,No,2.8,807000,100000,990000,15,717,0,0.714,460000,662000,Yes,Semiurban,Vehicle,Approved
SLR104780,24,Female,No,0,Not Graduate,No,4.3,333000,0,226000,15,745,1,0.512,468000,127000,Yes,Rural,Home,Rejected
SLR104781,59,Male,Yes,0,Not Graduate,No,22.6,1708000,179000,112000,10,695,1,0.183,6252000,200000,Yes,Semiurban,Vehicle,Approved
SLR104782,47,Male,No,3+,Not Graduate,No,21.2,417000,0,164000,5,629,0,0.258,3000000,178000,No,Urban,Vehicle,Approved
SLR104783,36,Male,No,3+,Graduate,No,9.1,853000,0,433000,7,702,0,0.412,7443000,1361000,Yes,Urban,Business,Approved
SLR104784,55,Male,Yes,0,Graduate,No,28.7,420000,128000,1580000,3,781,1,0.75,713000,394000,Yes,Urban,Business,Approved
SLR104785,58,Female,Yes,3+,Graduate,No,20.3,1148000,183000,767000,20,785,3,0.604,7248000,116000,No,Urban,Business,Approved
SLR104786,37,Female,Yes,0,Graduate,No,13.9,1124000,125000,504000,2,496,2,0.363,615000,429000,Yes,Semiurban,Business,Rejected
SLR104787,46,Female,Yes,1,Not Graduate,No,11.9,460000,106000,941000,5,737,3,0.75,1667000,142000,No,Semiurban,Education,Rejected
SLR104788,21,Male,No,1,Graduate,No,2.2,640000,0,818000,3,653,2,0.75,304000,439000,Yes,Semiurban,Personal,Rejected
SLR104789,34,Male,No,0,Graduate,No,9.5,1108000,0,269000,20,720,2,0.315,921000,120000,Yes,Semiurban,Vehicle,Approved
SLR104790,47,Male,Yes,1,Not Graduate,Yes,22.9,650000,150000,882000,2,588,1,0.589,1727000,103000,Yes,Urban,Home,Rejected
SLR104791,29,Male,No,1,Graduate,No,5.6,331000,0,1117000,2,658,0,0.75,1009000,619000,Yes,Urban,Business,Rejected
SLR104792,65,Male,No,0,Not Graduate,No,24.4,572000,0,2547000,3,570,1,0.75,2587000,212000,Yes,Rural,Vehicle,Rejected
SLR104793,64,Female,Yes,3+,Graduate,No,30.2,364000,77000,617000,15,658,3,0.75,705000,958000,Yes,Semiurban,Business,Approved
SLR104794,32,Male,Yes,0,Graduate,No,7.0,598000,57000,1955000,7,736,1,0.75,1467000,60000,Yes,Semiurban,Business,Rejected
SLR104795,38,Male,No,0,Graduate,No,8.2,357000,0,500000,20,723,2,0.75,1087000,556000,Yes,Urban,Personal,Approved
SLR104796,29,Female,No,3+,Graduate,No,4.9,675000,0,2949000,20,851,2,0.75,1075000,236000,Yes,Urban,Business,Approved
SLR104797,43,Male,No,0,Not Graduate,No,15.6,206000,0,442000,10,651,0,0.75,3024000,630000,No,Urban,Personal,Rejected
SLR104798,26,Male,Yes,0,Not Graduate,Yes,3.8,297000,114000,987000,5,624,0,0.75,781000,250000,Yes,Urban,Vehicle,Rejected
SLR104799,38,Female,Yes,0,Graduate,No,13.1,356000,73000,783000,20,794,2,0.75,1239000,571000,Yes,Rural,Education,Approved
SLR104800,45,Male,Yes,0,Graduate,No,10.2,504000,84000,1712000,7,561,3,0.75,945000,280000,Yes,Semiurban,Vehicle,Rejected
SLR104801,48,Male,Yes,0,Not Graduate,No,11.3,239000,178000,1568000,7,704,0,0.75,6151000,378000,Yes,Urban,Education,Approved
SLR104802,47,Male,Yes,0,Graduate,No,15.6,338000,97000,330000,10,728,2,0.545,1398000,999000,Yes,Semiurban,Personal,Approved
SLR104803,30,Female,No,1,Graduate,No,0.3,844000,0,522000,10,517,1,0.594,1409000,367000,No,Semiurban,Vehicle,Rejected
SLR104804,56,Male,Yes,1,Graduate,No,31.4,901000,135000,2589000,20,608,1,0.75,1119000,212000,No,Urban,Vehicle,Approved
SLR104805,52,Male,No,2,Not Graduate,Yes,19.6,137000,0,693000,20,588,0,0.75,2110000,163000,Yes,Urban,Personal,Rejected
SLR104806,54,Male,Yes,3+,Graduate,No,28.8,398000,158000,1103000,7,752,1,0.75,979000,517000,Yes,Semiurban,Home,Rejected
SLR104807,42,Male,Yes,0,Graduate,No,21.4,1109000,79000,324000,5,642,1,0.297,940000,860000,Yes,Rural,Personal,Approved
SLR104808,61,Female,No,3+,Not Graduate,Yes,22.1,680000,0,554000,20,670,1,0.618,940000,598000,Yes,Semiurban,Personal,Approved
SLR104809,38,Male,No,2,Not Graduate,No,14.5,688000,0,410000,3,569,0,0.568,1498000,1411000,Yes,Semiurban,Vehicle,Rejected
SLR104810,57,Male,Yes,3+,Graduate,Yes,32.4,750000,517000,1187000,7,629,1,0.702,3742000,443000,Yes,Urban,Home,Approved
SLR104811,30,Male,No,2,Graduate,No,11.4,325000,0,1050000,5,631,1,0.75,1058000,223000,Yes,Urban,Personal,Rejected
SLR104812,32,Male,Yes,0,Not Graduate,Yes,12.7,619000,13000,1440000,5,674,2,0.75,433000,1043000,Yes,Urban,Business,Rejected
SLR104813,44,Male,Yes,0,Graduate,No,15.9,713000,65000,321000,7,667,1,0.336,369000,119000,No,Semiurban,Personal,Approved
SLR104814,46,Male,Yes,3+,Not Graduate,No,15.4,583000,132000,929000,10,800,1,0.75,19184000,184000,Yes,Semiurban,Education,Approved
SLR104815,54,Male,No,1,Graduate,No,23.2,443000,0,659000,20,742,0,0.75,671000,373000,Yes,Semiurban,Medical,Approved
SLR104816,34,Male,Yes,3+,Graduate,No,8.9,536000,48000,133000,20,557,0,0.265,7766000,154000,No,Rural,Business,Approved
SLR104817,60,Female,No,2,Not Graduate,No,20.0,294000,0,878000,7,766,0,0.75,1132000,539000,Yes,Urban,Education,Approved
SLR104818,35,Female,Yes,0,Graduate,No,8.9,771000,158000,1505000,5,756,2,0.75,592000,248000,Yes,Semiurban,Home,Rejected
SLR104819,45,Male,Yes,0,Graduate,No,20.6,250000,197000,1804000,7,695,0,0.75,1306000,816000,Yes,Urban,Personal,Approved
SLR104820,62,Male,No,3+,Graduate,No,27.2,351000,0,635000,5,764,0,0.75,2464000,517000,Yes,Urban,Education,Rejected
SLR104821,45,Male,Yes,0,Not Graduate,No,13.3,800000,84000,1115000,7,780,1,0.75,1145000,1593000,Yes,Urban,Education,Approved
SLR104822,51,Male,Yes,2,Graduate,No,13.4,645000,61000,927000,20,654,1,0.689,815000,85000,Yes,Semiurban,Vehicle,Approved
SLR104823,61,Male,Yes,3+,Not Graduate,No,33.2,421000,180000,397000,7,599,2,0.421,344000,511000,Yes,Semiurban,Education,Rejected
SLR104824,64,Female,Yes,0,Graduate,No,23.8,214000,171000,363000,2,732,1,0.61,797000,389000,Yes,Rural,Home,Approved
SLR104825,43,Female,Yes,0,Graduate,No,9.4,536000,248000,630000,10,629,2,0.71,2014000,386000,Yes,Urban,Home,Approved
SLR104826,39,Male,Yes,1,Not Graduate,No,16.9,389000,133000,558000,5,710,0,0.749,349000,251000,Yes,Rural,Vehicle,Approved
SLR104827,29,Female,Yes,2,Not Graduate,Yes,9.0,716000,42000,688000,5,612,0,0.695,945000,455000,No,Semiurban,Personal,Rejected
SLR104828,45,Male,Yes,1,Not Graduate,No,16.5,414000,91000,495000,15,763,0,0.663,1779000,72000,No,Urban,Vehicle,Rejected
SLR104829,62,Male,Yes,0,Graduate,No,29.7,210000,238000,746000,5,633,2,0.75,4107000,70000,Yes,Urban,Medical,Approved
SLR104830,42,Male,Yes,0,Graduate,No,11.5,257000,30000,325000,10,674,0,0.722,516000,180000,Yes,Rural,Personal,Rejected
SLR104831,36,Male,Yes,0,Graduate,No,6.9,435000,112000,1750000,15,669,1,0.75,8768000,70000,No,Semiurban,Business,Rejected
SLR104832,25,Female,Yes,0,Graduate,No,2.3,584000,151000,199000,5,584,1,0.353,2117000,476000,Yes,Urban,Business,Rejected
SLR104833,38,Male,No,0,Graduate,No,12.2,290000,0,617000,7,771,1,0.75,489000,157000,Yes,Urban,Home,Approved
SLR104834,31,Male,Yes,2,Graduate,No,4.1,362000,74000,569000,7,786,4,0.75,1599000,328000,Yes,Rural,Personal,Approved
SLR104835,64,Male,Yes,0,Graduate,No,33.2,850000,109000,595000,10,679,1,0.442,730000,437000,Yes,Semiurban,Home,Approved
SLR104836,44,Female,Yes,2,Graduate,No,20.2,1013000,463000,376000,20,633,1,0.296,342000,304000,No,Urban,Medical,Approved
SLR104837,27,Male,Yes,3+,Graduate,No,4.7,640000,75000,243000,15,672,3,0.312,1211000,585000,Yes,Semiurban,Medical,Rejected
SLR104838,24,Male,Yes,1,Graduate,No,4.1,470000,284000,760000,5,652,2,0.75,1241000,236000,Yes,Urban,Personal,Approved
SLR104839,59,Male,No,1,Graduate,No,35.0,391000,0,569000,7,688,0,0.75,1800000,326000,Yes,Urban,Personal,Rejected
SLR104840,62,Female,Yes,0,Graduate,Yes,24.8,740000,101000,835000,5,667,2,0.732,596000,228000,No,Semiurban,Education,Rejected
SLR104841,55,Male,Yes,1,Graduate,No,23.6,462000,172000,222000,3,622,1,0.343,635000,725000,Yes,Semiurban,Personal,Approved
SLR104842,26,Male,No,0,Not Graduate,No,6.2,912000,0,1984000,5,775,0,0.75,3266000,118000,Yes,Rural,Business,Approved
SLR104843,25,Female,Yes,0,Graduate,No,3.2,939000,731000,617000,5,674,1,0.372,2778000,463000,No,Rural,Home,Approved
SLR104844,29,Male,No,1,Not Graduate,No,6.9,689000,0,90000,7,835,2,0.182,457000,1171000,Yes,Urban,Personal,Approved
SLR104845,54,Male,No,0,Graduate,No,13.6,418000,0,735000,10,698,1,0.75,311000,500000,Yes,Urban,Home,Rejected
SLR104846,55,Male,Yes,0,Not Graduate,No,21.2,436000,98000,478000,7,660,4,0.581,511000,212000,Yes,Rural,Home,Rejected
SLR104847,58,Male,Yes,1,Not Graduate,No,23.1,223000,108000,311000,15,669,4,0.75,3831000,448000,Yes,Semiurban,Business,Approved
SLR104848,25,Male,Yes,1,Not Graduate,No,1.0,534000,285000,1448000,15,662,1,0.75,104000,203000,Yes,Urban,Vehicle,Rejected
SLR104849,27,Male,No,0,Not Graduate,No,5.5,525000,0,1189000,10,682,0,0.75,827000,818000,No,Urban,Medical,Rejected
SLR104850,61,Male,Yes,0,Graduate,No,24.9,258000,178000,812000,5,707,3,0.75,3215000,493000,No,Urban,Personal,Rejected
SLR104851,62,Male,No,0,Graduate,No,34.3,2019000,0,683000,5,606,2,0.381,1666000,391000,No,Semiurban,Personal,Rejected
SLR104852,53,Male,Yes,1,Graduate,Yes,22.2,747000,235000,902000,3,613,1,0.649,1221000,1059000,No,Urban,Education,Rejected
SLR104853,25,Female,Yes,1,Graduate,Yes,6.1,346000,108000,233000,5,749,1,0.451,3209000,363000,No,Semiurban,Home,Approved
SLR104854,24,Male,Yes,0,Not Graduate,No,8.6,1702000,155000,736000,20,728,1,0.479,1146000,106000,Yes,Semiurban,Business,Approved
SLR104855,23,Male,Yes,1,Not Graduate,No,0.4,419000,109000,1453000,7,572,1,0.75,857000,360000,Yes,Urban,Medical,Rejected
SLR104856,52,Male,Yes,3+,Graduate,No,24.1,868000,55000,1278000,7,729,2,0.75,2753000,274000,Yes,Urban,Education,Approved
SLR104857,59,Male,No,1,Graduate,No,22.1,577000,0,328000,7,753,2,0.518,7845000,335000,Yes,Urban,Medical,Approved
SLR104858,49,Male,Yes,1,Graduate,No,23.2,427000,65000,733000,10,709,1,0.75,180000,509000,Yes,Urban,Personal,Approved
SLR104859,32,Male,No,1,Graduate,No,3.7,457000,0,313000,20,566,1,0.551,691000,599000,Yes,Rural,Home,Rejected
SLR104860,55,Male,No,2,Graduate,Yes,22.9,1212000,0,720000,3,590,2,0.516,1062000,144000,Yes,Urban,Vehicle,Rejected
SLR104861,23,Male,Yes,3+,Graduate,No,2.7,891000,166000,399000,15,686,0,0.328,843000,347000,Yes,Rural,Business,Approved
SLR104862,58,Female,Yes,0,Not Graduate,No,31.6,514000,82000,369000,7,831,4,0.51,1478000,292000,Yes,Urban,Home,Approved
SLR104863,61,Female,Yes,0,Graduate,No,29.9,178000,403000,820000,5,650,1,0.75,1373000,406000,No,Semiurban,Medical,Rejected
SLR104864,53,Female,Yes,0,Not Graduate,No,28.0,650000,184000,406000,7,735,0,0.448,466000,478000,Yes,Urban,Vehicle,Approved
SLR104865,60,Male,No,2,Graduate,No,25.9,277000,0,388000,7,642,1,0.75,2343000,324000,Yes,Urban,Vehicle,Rejected
SLR104866,47,Male,No,0,Graduate,No,13.4,740000,0,817000,3,817,0,0.75,1255000,129000,No,Urban,Vehicle,Approved
SLR104867,42,Male,No,3+,Graduate,No,19.9,371000,0,248000,3,693,1,0.517,4313000,318000,Yes,Semiurban,Personal,Approved
SLR104868,35,Female,Yes,0,Graduate,No,11.3,393000,182000,527000,10,599,0,0.75,3659000,870000,Yes,Semiurban,Personal,Rejected
SLR104869,62,Female,Yes,1,Graduate,No,33.4,387000,116000,239000,10,629,1,0.392,1156000,140000,Yes,Semiurban,Personal,Rejected
SLR104870,52,Female,Yes,0,Not Graduate,No,14.7,964000,107000,269000,10,623,1,0.167,2257000,1017000,Yes,Urban,Business,Approved
SLR104871,29,Male,No,1,Graduate,No,5.6,208000,0,1391000,5,699,0,0.75,177000,89000,No,Urban,Personal,Rejected
SLR104872,64,Female,Yes,1,Graduate,Yes,28.9,825000,722000,496000,7,638,3,0.35,206000,401000,Yes,Urban,Home,Rejected
SLR104873,23,Male,Yes,2,Graduate,No,2.6,664000,102000,408000,20,653,1,0.461,3739000,209000,Yes,Rural,Home,Approved
SLR104874,47,Female,Yes,1,Graduate,No,12.7,528000,40000,1130000,20,836,2,0.75,1237000,336000,Yes,Semiurban,Personal,Rejected
SLR104875,29,Male,Yes,0,Graduate,No,7.8,430000,51000,1858000,5,646,2,0.75,4388000,612000,Yes,Urban,Personal,Rejected
SLR104876,50,Male,Yes,2,Graduate,Yes,12.1,719000,91000,766000,3,703,1,0.71,3758000,723000,No,Urban,Business,Approved
SLR104877,39,Male,Yes,3+,Graduate,No,16.2,432000,569000,1262000,10,670,1,0.75,352000,950000,Yes,Semiurban,Medical,Rejected
SLR104878,40,Female,No,2,Not Graduate,No,8.9,430000,0,454000,5,686,0,0.75,2520000,99000,Yes,Urban,Personal,Approved
SLR104879,51,Male,No,2,Graduate,No,17.2,570000,0,673000,15,740,3,0.75,691000,169000,Yes,Urban,Home,Approved
SLR104880,55,Male,Yes,1,Graduate,No,17.7,1416000,236000,653000,5,525,0,0.387,1065000,215000,Yes,Urban,Home,Rejected
SLR104881,38,Male,No,3+,Graduate,No,6.1,239000,0,802000,5,701,3,0.75,444000,186000,Yes,Rural,Business,Rejected
SLR104882,65,Male,Yes,1,Graduate,No,28.4,724000,203000,1217000,15,662,3,0.75,3424000,478000,Yes,Semiurban,Business,Approved
SLR104883,43,Female,No,3+,Graduate,No,12.7,508000,0,250000,5,703,2,0.474,2173000,642000,Yes,Semiurban,Home,Approved
SLR104884,28,Male,Yes,2,Not Graduate,No,5.1,487000,50000,364000,2,675,2,0.467,814000,77000,Yes,Semiurban,Education,Approved
SLR104885,21,Male,Yes,0,Not Graduate,No,0.5,237000,66000,474000,15,675,2,0.75,695000,142000,Yes,Semiurban,Medical,Rejected
SLR104886,30,Female,Yes,0,Graduate,Yes,2.8,209000,34000,346000,3,712,1,0.75,2808000,297000,Yes,Urban,Home,Approved
SLR104887,52,Male,Yes,2,Graduate,No,18.3,663000,100000,755000,7,649,2,0.606,689000,337000,Yes,Semiurban,Medical,Rejected
SLR104888,45,Male,Yes,2,Graduate,No,16.7,274000,85000,749000,7,838,0,0.75,810000,1201000,Yes,Urban,Home,Approved
SLR104889,36,Male,No,1,Graduate,No,12.6,962000,0,675000,5,618,1,0.627,724000,126000,No,Urban,Personal,Rejected
SLR104890,42,Male,No,3+,Not Graduate,No,13.7,315000,0,500000,2,798,0,0.75,717000,219000,No,Urban,Personal,Approved
SLR104891,58,Male,Yes,1,Graduate,No,29.2,745000,71000,1561000,3,597,0,0.75,2580000,960000,Yes,Urban,Home,Rejected
SLR104892,46,Male,Yes,0,Not Graduate,No,17.0,401000,91000,748000,7,670,1,0.75,1717000,224000,Yes,Semiurban,Personal,Rejected
SLR104893,23,Male,No,1,Graduate,Yes,1.7,390000,0,590000,20,713,2,0.75,843000,604000,Yes,Semiurban,Business,Rejected
SLR104894,23,Female,Yes,0,Graduate,No,3.0,333000,117000,679000,10,620,1,0.75,543000,232000,No,Semiurban,Vehicle,Approved
SLR104895,42,Female,Yes,1,Not Graduate,No,17.5,699000,161000,1054000,10,615,3,0.75,1377000,273000,No,Urban,Business,Rejected
SLR104896,39,Female,Yes,3+,Graduate,Yes,12.1,815000,41000,747000,10,669,2,0.75,1098000,531000,Yes,Urban,Business,Approved
SLR104897,59,Male,Yes,0,Not Graduate,No,29.6,462000,172000,371000,15,757,2,0.428,2819000,270000,Yes,Rural,Education,Approved
SLR104898,47,Male,Yes,2,Not Graduate,No,15.3,761000,148000,2044000,7,696,0,0.75,728000,186000,Yes,Rural,Home,Approved
SLR104899,55,Female,Yes,2,Graduate,No,23.7,554000,168000,878000,20,832,1,0.75,2061000,590000,Yes,Rural,Business,Approved
SLR104900,47,Female,Yes,0,Graduate,No,14.0,264000,133000,307000,10,732,0,0.64,1112000,163000,Yes,Rural,Education,Approved
SLR104901,36,Male,No,2,Graduate,No,6.7,677000,0,200000,10,656,0,0.335,1815000,615000,Yes,Urban,Personal,Approved
SLR104902,50,Male,No,2,Graduate,Yes,20.2,466000,0,1017000,2,488,2,0.75,6039000,254000,No,Semiurban,Education,Rejected
SLR104903,48,Male,No,1,Graduate,No,25.1,131000,0,1506000,10,574,2,0.75,1105000,162000,Yes,Urban,Home,Rejected
SLR104904,53,Male,Yes,0,Graduate,No,23.1,444000,300000,872000,5,670,3,0.75,9899000,660000,Yes,Urban,Business,Rejected
SLR104905,29,Male,No,0,Graduate,No,4.7,217000,0,968000,15,573,0,0.75,1153000,236000,Yes,Urban,Personal,Rejected
SLR104906,49,Male,No,1,Not Graduate,No,25.1,279000,0,984000,15,676,1,0.75,548000,287000,Yes,Rural,Personal,Rejected
SLR104907,33,Female,Yes,0,Not Graduate,No,6.6,480000,199000,652000,2,707,2,0.75,5735000,69000,No,Urban,Home,Approved
SLR104908,56,Male,Yes,0,Graduate,Yes,24.4,528000,77000,218000,7,668,1,0.377,7165000,131000,Yes,Urban,Business,Approved
SLR104909,56,Male,No,3+,Graduate,No,23.5,347000,0,413000,20,670,2,0.75,603000,848000,Yes,Urban,Home,Rejected
SLR104910,49,Male,Yes,2,Graduate,No,15.4,735000,168000,1089000,3,837,3,0.75,688000,391000,Yes,Rural,Personal,Approved
SLR104911,63,Female,No,2,Graduate,No,35.0,516000,0,951000,10,695,1,0.75,2924000,842000,Yes,Semiurban,Personal,Approved
SLR104912,45,Female,No,3+,Not Graduate,No,14.3,436000,0,572000,5,680,4,0.75,2343000,311000,Yes,Urban,Personal,Rejected
SLR104913,22,Male,No,0,Not Graduate,No,-0.0,563000,0,455000,7,615,1,0.75,676000,358000,Yes,Urban,Education,Rejected
SLR104914,48,Male,No,0,Not Graduate,No,16.4,1067000,0,728000,20,690,0,0.693,626000,1275000,Yes,Urban,Education,Approved
SLR104915,55,Male,Yes,1,Graduate,No,28.2,169000,120000,520000,10,654,1,0.75,1809000,474000,Yes,Semiurban,Home,Rejected
SLR104916,25,Female,No,1,Not Graduate,No,1.9,1124000,0,617000,7,825,1,0.41,1239000,1257000,Yes,Rural,Personal,Approved
SLR104917,25,Male,No,0,Not Graduate,No,0.7,392000,0,708000,10,733,0,0.75,2354000,234000,No,Urban,Home,Rejected
SLR104918,33,Female,Yes,2,Graduate,No,7.1,358000,185000,392000,5,797,1,0.582,2346000,276000,Yes,Urban,Personal,Approved
SLR104919,58,Male,Yes,0,Graduate,Yes,32.2,441000,77000,1093000,2,706,1,0.75,3187000,182000,No,Semiurban,Home,Approved
SLR104920,44,Male,Yes,1,Graduate,No,22.0,338000,298000,584000,10,783,1,0.75,223000,526000,No,Semiurban,Medical,Approved
SLR104921,64,Male,Yes,1,Graduate,No,24.1,310000,32000,892000,15,615,3,0.75,7495000,164000,Yes,Semiurban,Home,Rejected
SLR104922,60,Male,Yes,1,Graduate,No,25.6,876000,64000,677000,10,709,1,0.516,2232000,1305000,Yes,Rural,Home,Approved
SLR104923,45,Male,Yes,0,Graduate,No,18.7,600000,124000,1771000,7,625,2,0.75,948000,92000,Yes,Semiurban,Home,Rejected
SLR104924,51,Male,Yes,0,Graduate,No,23.7,192000,69000,925000,5,657,1,0.75,1273000,337000,Yes,Semiurban,Personal,Rejected
SLR104925,35,Female,Yes,3+,Not Graduate,No,5.9,797000,94000,847000,3,693,1,0.75,2510000,213000,No,Rural,Home,Approved
SLR104926,25,Male,Yes,3+,Not Graduate,No,4.2,736000,55000,827000,5,618,2,0.75,1730000,417000,No,Urban,Vehicle,Rejected
SLR104927,38,Female,No,1,Not Graduate,Yes,10.0,243000,0,2519000,20,580,0,0.75,1752000,185000,Yes,Semiurban,Business,Rejected
SLR104928,47,Male,No,0,Not Graduate,No,18.5,607000,0,632000,7,764,0,0.562,1288000,405000,Yes,Semiurban,Business,Approved
SLR104929,29,Male,No,1,Graduate,No,7.5,774000,0,723000,15,564,0,0.75,6284000,469000,Yes,Urban,Home,Rejected
SLR104930,30,Female,Yes,0,Not Graduate,No,9.7,228000,59000,696000,2,817,2,0.75,1901000,527000,Yes,Semiurban,Medical,Approved
SLR104931,21,Female,Yes,0,Graduate,No,0.0,643000,83000,181000,7,629,2,0.33,3899000,1395000,Yes,Urban,Vehicle,Approved
SLR104932,54,Male,No,0,Not Graduate,No,15.8,379000,0,691000,5,732,1,0.75,9983000,327000,Yes,Urban,Home,Approved
SLR104933,61,Male,Yes,0,Not Graduate,No,27.2,741000,288000,1258000,20,737,1,0.75,3331000,272000,Yes,Urban,Education,Approved
SLR104934,58,Male,No,0,Graduate,No,22.6,329000,0,908000,5,607,2,0.75,1836000,292000,Yes,Rural,Home,Rejected
SLR104935,38,Male,No,0,Graduate,No,14.3,976000,0,1736000,2,725,0,0.75,267000,107000,Yes,Semiurban,Personal,Rejected
SLR104936,47,Male,Yes,2,Graduate,No,23.0,481000,118000,1083000,5,703,1,0.75,968000,735000,Yes,Rural,Home,Approved
SLR104937,64,Male,Yes,1,Graduate,No,22.7,392000,335000,901000,3,737,1,0.75,9443000,156000,Yes,Urban,Home,Approved
SLR104938,47,Male,Yes,0,Graduate,No,26.5,370000,140000,1158000,5,781,2,0.75,1885000,795000,Yes,Urban,Business,Approved
SLR104939,34,Male,Yes,0,Graduate,No,8.9,889000,102000,824000,20,751,2,0.697,422000,169000,No,Semiurban,Home,Approved
SLR104940,36,Female,Yes,2,Graduate,Yes,9.6,370000,432000,542000,20,625,1,0.51,1156000,90000,Yes,Semiurban,Business,Approved
SLR104941,53,Female,No,0,Graduate,No,28.0,986000,0,598000,7,680,0,0.624,484000,50000,Yes,Urban,Business,Approved
SLR104942,41,Female,No,0,Not Graduate,No,18.0,619000,0,138000,15,628,1,0.287,927000,691000,No,Urban,Business,Approved
SLR104943,58,Male,Yes,1,Graduate,Yes,23.5,257000,358000,1833000,7,647,2,0.75,974000,958000,Yes,Urban,Vehicle,Approved
SLR104944,59,Male,Yes,2,Not Graduate,No,21.4,558000,204000,571000,15,727,0,0.702,826000,462000,No,Urban,Education,Approved
SLR104945,22,Male,Yes,2,Graduate,Yes,1.6,564000,65000,330000,5,735,3,0.435,1501000,150000,Yes,Urban,Personal,Approved
SLR104946,53,Male,Yes,0,Graduate,No,20.3,252000,62000,512000,7,734,1,0.75,223000,134000,Yes,Rural,Home,Rejected
SLR104947,37,Male,No,0,Graduate,No,9.5,553000,0,2037000,3,712,2,0.75,2540000,237000,No,Rural,Business,Approved
SLR104948,44,Male,Yes,0,Not Graduate,No,8.3,741000,393000,681000,20,723,1,0.564,5085000,710000,Yes,Semiurban,Personal,Rejected
SLR104949,32,Male,No,1,Graduate,Yes,4.4,1023000,0,768000,5,656,1,0.641,267000,275000,Yes,Semiurban,Personal,Approved
SLR104950,37,Male,Yes,0,Graduate,No,13.8,999000,212000,2522000,5,791,2,0.75,3644000,105000,Yes,Urban,Business,Approved
SLR104951,35,Male,Yes,0,Graduate,No,5.9,2047000,38000,1119000,5,740,0,0.468,2525000,168000,Yes,Urban,Vehicle,Approved
SLR104952,23,Male,No,0,Graduate,No,2.5,550000,0,539000,7,688,1,0.712,1944000,401000,Yes,Urban,Personal,Approved
SLR104953,56,Male,No,3+,Graduate,No,19.7,746000,0,215000,7,774,2,0.311,1462000,902000,Yes,Urban,Personal,Approved
SLR104954,27,Male,No,0,Graduate,Yes,1.3,394000,0,985000,10,651,3,0.75,1715000,570000,No,Semiurban,Personal,Approved
SLR104955,37,Female,Yes,0,Graduate,No,10.8,1550000,316000,418000,15,699,0,0.288,3054000,174000,No,Urban,Personal,Approved
SLR104956,29,Male,No,3+,Not Graduate,No,3.7,337000,0,998000,10,757,2,0.75,1705000,335000,No,Rural,Medical,Approved
SLR104957,28,Female,Yes,2,Graduate,No,10.5,1512000,188000,630000,7,599,2,0.369,15785000,774000,No,Urban,Vehicle,Rejected
SLR104958,37,Female,Yes,1,Graduate,No,18.4,1409000,96000,848000,7,857,1,0.538,791000,330000,No,Urban,Vehicle,Approved
SLR104959,62,Male,No,1,Graduate,No,26.8,357000,0,1164000,20,646,1,0.75,6155000,95000,Yes,Rural,Medical,Approved
SLR104960,63,Male,Yes,0,Not Graduate,No,30.4,973000,285000,211000,7,656,1,0.217,1248000,199000,No,Rural,Home,Approved
SLR104961,38,Male,No,2,Graduate,No,15.4,707000,0,707000,5,692,0,0.75,981000,26000,Yes,Urban,Home,Approved
SLR104962,43,Male,Yes,0,Graduate,Yes,18.1,438000,397000,642000,10,746,3,0.75,3468000,440000,No,Semiurban,Education,Approved
SLR104963,65,Male,Yes,3+,Graduate,Yes,23.7,510000,159000,784000,10,753,0,0.75,1062000,986000,No,Urban,Vehicle,Approved
SLR104964,31,Female,Yes,0,Not Graduate,No,13.4,636000,570000,902000,20,802,3,0.742,6706000,1124000,Yes,Urban,Vehicle,Approved
SLR104965,63,Female,No,1,Graduate,No,29.3,671000,0,717000,5,685,2,0.75,715000,328000,Yes,Urban,Education,Approved
SLR104966,25,Male,No,1,Not Graduate,No,4.7,1251000,0,427000,7,715,0,0.214,4389000,170000,No,Semiurban,Business,Approved
SLR104967,31,Male,Yes,0,Not Graduate,Yes,7.1,753000,100000,312000,10,575,1,0.341,2407000,290000,No,Urban,Education,Rejected
SLR104968,36,Male,Yes,0,Graduate,Yes,11.2,360000,45000,232000,10,610,2,0.604,1208000,388000,Yes,Urban,Business,Rejected
SLR104969,22,Female,Yes,2,Graduate,No,4.1,828000,252000,703000,2,683,3,0.575,578000,934000,No,Urban,Home,Approved
SLR104970,57,Male,Yes,0,Graduate,No,22.9,210000,113000,915000,20,717,0,0.75,576000,463000,Yes,Urban,Education,Approved
SLR104971,59,Male,No,3+,Graduate,Yes,29.1,445000,0,520000,5,687,1,0.75,652000,90000,No,Urban,Vehicle,Rejected
SLR104972,38,Female,Yes,0,Graduate,Yes,7.4,469000,62000,1115000,5,729,1,0.75,3794000,658000,Yes,Rural,Business,Approved
SLR104973,58,Male,Yes,1,Graduate,No,32.9,790000,60000,603000,10,686,1,0.578,1459000,75000,No,Urban,Business,Rejected
SLR104974,55,Male,Yes,1,Graduate,Yes,28.9,1457000,251000,615000,5,672,0,0.262,2850000,404000,Yes,Semiurban,Personal,Approved
SLR104975,57,Male,Yes,1,Graduate,No,27.9,620000,173000,255000,3,870,0,0.357,1607000,1329000,Yes,Semiurban,Vehicle,Approved
SLR104976,57,Male,No,1,Graduate,No,29.1,451000,0,487000,20,670,1,0.75,521000,94000,Yes,Semiurban,Medical,Rejected
SLR104977,46,Male,No,2,Graduate,Yes,20.1,375000,0,1183000,10,766,0,0.75,1928000,314000,Yes,Rural,Education,Rejected
SLR104978,25,Male,Yes,1,Graduate,No,6.2,871000,99000,1612000,20,592,1,0.75,2432000,329000,Yes,Semiurban,Home,Rejected
SLR104979,62,Male,No,1,Graduate,Yes,25.3,494000,0,574000,3,699,3,0.75,290000,348000,Yes,Rural,Personal,Rejected
SLR104980,48,Female,Yes,1,Graduate,No,12.2,417000,100000,1142000,2,639,1,0.75,819000,670000,Yes,Semiurban,Education,Rejected
SLR104981,61,Male,No,0,Not Graduate,No,21.4,928000,0,1630000,5,839,1,0.75,673000,202000,No,Urban,Home,Approved
SLR104982,64,Female,No,0,Graduate,No,34.4,1046000,0,353000,2,648,0,0.301,453000,596000,Yes,Urban,Vehicle,Approved
SLR104983,29,Male,Yes,0,Graduate,Yes,4.5,324000,461000,799000,7,688,3,0.75,1595000,280000,Yes,Urban,Personal,Approved
SLR104984,39,Female,No,1,Not Graduate,Yes,8.5,241000,0,736000,20,628,2,0.75,1793000,385000,Yes,Rural,Home,Rejected
SLR104985,29,Male,Yes,3+,Graduate,No,6.1,521000,229000,1307000,5,624,2,0.75,4565000,113000,Yes,Rural,Vehicle,Approved
SLR104986,23,Female,No,0,Graduate,No,0.0,294000,0,378000,10,684,2,0.75,2894000,820000,No,Urban,Personal,Rejected
SLR104987,64,Male,Yes,1,Graduate,No,31.6,272000,705000,798000,10,717,2,0.605,1064000,396000,No,Urban,Home,Approved
SLR104988,62,Male,Yes,0,Graduate,No,34.7,310000,210000,550000,2,769,0,0.644,1066000,559000,No,Urban,Business,Approved
SLR104989,62,Male,No,1,Not Graduate,Yes,24.7,978000,0,857000,5,647,1,0.75,6901000,857000,No,Semiurban,Business,Rejected
SLR104990,60,Male,Yes,2,Not Graduate,No,21.1,787000,57000,1438000,10,645,3,0.75,2208000,278000,Yes,Urban,Education,Rejected
SLR104991,50,Female,Yes,2,Graduate,No,23.3,2125000,208000,1698000,3,786,0,0.424,3939000,286000,Yes,Urban,Personal,Approved
SLR104992,44,Female,Yes,2,Graduate,No,15.3,386000,203000,1446000,7,810,0,0.75,393000,84000,Yes,Rural,Vehicle,Approved
SLR104993,65,Female,Yes,2,Not Graduate,No,30.7,1143000,191000,341000,10,684,1,0.289,336000,402000,Yes,Semiurban,Business,Approved
SLR104994,45,Male,No,0,Graduate,No,14.1,722000,0,478000,5,725,0,0.437,964000,1045000,Yes,Rural,Business,Approved
SLR104995,49,Female,No,1,Not Graduate,No,20.3,405000,0,1250000,5,815,0,0.75,3374000,334000,Yes,Urban,Personal,Approved
SLR104996,30,Female,No,0,Not Graduate,No,8.7,507000,0,963000,10,889,1,0.75,5865000,180000,Yes,Semiurban,Vehicle,Approved
SLR104997,54,Male,Yes,3+,Graduate,No,25.2,404000,60000,548000,7,721,2,0.75,704000,710000,No,Semiurban,Home,Approved
SLR104998,57,Male,Yes,2,Graduate,No,16.7,634000,125000,358000,7,746,1,0.482,2251000,111000,Yes,Semiurban,Business,Approved
SLR104999,51,Male,Yes,0,Graduate,No,28.7,946000,73000,51000,5,700,0,0.229,2031000,215000,Yes,Rural,Business,Approved
SLR105000,43,Male,Yes,0,Graduate,No,16.7,449000,69000,231000,15,579,0,0.388,491000,204000,Yes,Urban,Vehicle,Rejected
